"security_id","company_name","nested_zip_file_name","inner_sequence","inner_file_name","inner_relative_path","inner_extension","content_role","content_read_status","content_error"
"064350","현대로템","DART_064350_현대로템_2021FY_사업보고서_원문XBRL_20220315.zip","1","00302926_2019-11-14.xbrl","00302926_2019-11-14.xbrl",".xbrl","XBRL_INSTANCE","PASS",""
"064350","현대로템","DART_064350_현대로템_2021FY_사업보고서_원문XBRL_20220315.zip","2","00302926_entry_point_2019-11-14.xsd","00302926_entry_point_2019-11-14.xsd",".xsd","XSD_SCHEMA","NOT_REQUIRED",""
"064350","현대로템","DART_064350_현대로템_2021FY_사업보고서_원문XBRL_20220315.zip","3","dim_ifrs_for_00302926_2019-11-14.xml","ifrs_for_00302926/dimensions_ifrs_for_00302926/dim_ifrs_for_00302926_2019-11-14.xml",".xml","DEFINITION_LINKBASE","PASS",""
"064350","현대로템","DART_064350_현대로템_2021FY_사업보고서_원문XBRL_20220315.zip","4","cal_ifrs_for_00302926_2019-11-14.xml","ifrs_for_00302926/dimensions_ifrs_for_00302926/cal_ifrs_for_00302926_2019-11-14.xml",".xml","CALCULATION_LINKBASE","PASS",""
"064350","현대로템","DART_064350_현대로템_2021FY_사업보고서_원문XBRL_20220315.zip","5","pre_ifrs_for_00302926_2019-11-14.xml","ifrs_for_00302926/dimensions_ifrs_for_00302926/pre_ifrs_for_00302926_2019-11-14.xml",".xml","PRESENTATION_LINKBASE","PASS",""
"064350","현대로템","DART_064350_현대로템_2021FY_사업보고서_원문XBRL_20220315.zip","6","role_ifrs_for_00302926-dim_2019-11-14.xsd","ifrs_for_00302926/dimensions_ifrs_for_00302926/role_ifrs_for_00302926-dim_2019-11-14.xsd",".xsd","XSD_SCHEMA","NOT_REQUIRED",""
"064350","현대로템","DART_064350_현대로템_2021FY_사업보고서_원문XBRL_20220315.zip","7","lab_00302926-ko_2019-11-14.xml","labels/lab_00302926-ko_2019-11-14.xml",".xml","LABEL_LINKBASE","PASS",""
"064350","현대로템","DART_064350_현대로템_2021FY_사업보고서_원문XBRL_20220315.zip","8","lab_00302926-en_2019-11-14.xml","labels/lab_00302926-en_2019-11-14.xml",".xml","LABEL_LINKBASE","PASS",""
"064350","현대로템","DART_064350_현대로템_2021FY_사업보고서_원문XBRL_정정_20210602.zip","1","00302926_2019-11-14.xbrl","00302926_2019-11-14.xbrl",".xbrl","XBRL_INSTANCE","PASS",""
"064350","현대로템","DART_064350_현대로템_2021FY_사업보고서_원문XBRL_정정_20210602.zip","2","00302926_entry_point_2019-11-14.xsd","00302926_entry_point_2019-11-14.xsd",".xsd","XSD_SCHEMA","NOT_REQUIRED",""
"064350","현대로템","DART_064350_현대로템_2021FY_사업보고서_원문XBRL_정정_20210602.zip","3","dim_ifrs_for_00302926_2019-11-14.xml","ifrs_for_00302926/dimensions_ifrs_for_00302926/dim_ifrs_for_00302926_2019-11-14.xml",".xml","DEFINITION_LINKBASE","PASS",""
"064350","현대로템","DART_064350_현대로템_2021FY_사업보고서_원문XBRL_정정_20210602.zip","4","cal_ifrs_for_00302926_2019-11-14.xml","ifrs_for_00302926/dimensions_ifrs_for_00302926/cal_ifrs_for_00302926_2019-11-14.xml",".xml","CALCULATION_LINKBASE","PASS",""
"064350","현대로템","DART_064350_현대로템_2021FY_사업보고서_원문XBRL_정정_20210602.zip","5","pre_ifrs_for_00302926_2019-11-14.xml","ifrs_for_00302926/dimensions_ifrs_for_00302926/pre_ifrs_for_00302926_2019-11-14.xml",".xml","PRESENTATION_LINKBASE","PASS",""
"064350","현대로템","DART_064350_현대로템_2021FY_사업보고서_원문XBRL_정정_20210602.zip","6","role_ifrs_for_00302926-dim_2019-11-14.xsd","ifrs_for_00302926/dimensions_ifrs_for_00302926/role_ifrs_for_00302926-dim_2019-11-14.xsd",".xsd","XSD_SCHEMA","NOT_REQUIRED",""
"064350","현대로템","DART_064350_현대로템_2021FY_사업보고서_원문XBRL_정정_20210602.zip","7","lab_00302926-ko_2019-11-14.xml","labels/lab_00302926-ko_2019-11-14.xml",".xml","LABEL_LINKBASE","PASS",""
"064350","현대로템","DART_064350_현대로템_2021FY_사업보고서_원문XBRL_정정_20210602.zip","8","lab_00302926-en_2019-11-14.xml","labels/lab_00302926-en_2019-11-14.xml",".xml","LABEL_LINKBASE","PASS",""
"064350","현대로템","DART_064350_현대로템_2021H1_반기보고서_원문XBRL_20210817.zip","1","00302926_2019-11-14.xbrl","00302926_2019-11-14.xbrl",".xbrl","XBRL_INSTANCE","PASS",""
"064350","현대로템","DART_064350_현대로템_2021H1_반기보고서_원문XBRL_20210817.zip","2","00302926_entry_point_2019-11-14.xsd","00302926_entry_point_2019-11-14.xsd",".xsd","XSD_SCHEMA","NOT_REQUIRED",""
"064350","현대로템","DART_064350_현대로템_2021H1_반기보고서_원문XBRL_20210817.zip","3","dim_ifrs_for_00302926_2019-11-14.xml","ifrs_for_00302926/dimensions_ifrs_for_00302926/dim_ifrs_for_00302926_2019-11-14.xml",".xml","DEFINITION_LINKBASE","PASS",""
"064350","현대로템","DART_064350_현대로템_2021H1_반기보고서_원문XBRL_20210817.zip","4","cal_ifrs_for_00302926_2019-11-14.xml","ifrs_for_00302926/dimensions_ifrs_for_00302926/cal_ifrs_for_00302926_2019-11-14.xml",".xml","CALCULATION_LINKBASE","PASS",""
"064350","현대로템","DART_064350_현대로템_2021H1_반기보고서_원문XBRL_20210817.zip","5","pre_ifrs_for_00302926_2019-11-14.xml","ifrs_for_00302926/dimensions_ifrs_for_00302926/pre_ifrs_for_00302926_2019-11-14.xml",".xml","PRESENTATION_LINKBASE","PASS",""
"064350","현대로템","DART_064350_현대로템_2021H1_반기보고서_원문XBRL_20210817.zip","6","role_ifrs_for_00302926-dim_2019-11-14.xsd","ifrs_for_00302926/dimensions_ifrs_for_00302926/role_ifrs_for_00302926-dim_2019-11-14.xsd",".xsd","XSD_SCHEMA","NOT_REQUIRED",""
"064350","현대로템","DART_064350_현대로템_2021H1_반기보고서_원문XBRL_20210817.zip","7","lab_00302926-ko_2019-11-14.xml","labels/lab_00302926-ko_2019-11-14.xml",".xml","LABEL_LINKBASE","PASS",""
"064350","현대로템","DART_064350_현대로템_2021H1_반기보고서_원문XBRL_20210817.zip","8","lab_00302926-en_2019-11-14.xml","labels/lab_00302926-en_2019-11-14.xml",".xml","LABEL_LINKBASE","PASS",""
"064350","현대로템","DART_064350_현대로템_2021Q1_분기보고서_원문XBRL_20210517.zip","1","00302926_2019-11-14.xbrl","00302926_2019-11-14.xbrl",".xbrl","XBRL_INSTANCE","PASS",""
"064350","현대로템","DART_064350_현대로템_2021Q1_분기보고서_원문XBRL_20210517.zip","2","00302926_entry_point_2019-11-14.xsd","00302926_entry_point_2019-11-14.xsd",".xsd","XSD_SCHEMA","NOT_REQUIRED",""
"064350","현대로템","DART_064350_현대로템_2021Q1_분기보고서_원문XBRL_20210517.zip","3","dim_ifrs_for_00302926_2019-11-14.xml","ifrs_for_00302926/dimensions_ifrs_for_00302926/dim_ifrs_for_00302926_2019-11-14.xml",".xml","DEFINITION_LINKBASE","PASS",""
"064350","현대로템","DART_064350_현대로템_2021Q1_분기보고서_원문XBRL_20210517.zip","4","cal_ifrs_for_00302926_2019-11-14.xml","ifrs_for_00302926/dimensions_ifrs_for_00302926/cal_ifrs_for_00302926_2019-11-14.xml",".xml","CALCULATION_LINKBASE","PASS",""
"064350","현대로템","DART_064350_현대로템_2021Q1_분기보고서_원문XBRL_20210517.zip","5","pre_ifrs_for_00302926_2019-11-14.xml","ifrs_for_00302926/dimensions_ifrs_for_00302926/pre_ifrs_for_00302926_2019-11-14.xml",".xml","PRESENTATION_LINKBASE","PASS",""
"064350","현대로템","DART_064350_현대로템_2021Q1_분기보고서_원문XBRL_20210517.zip","6","role_ifrs_for_00302926-dim_2019-11-14.xsd","ifrs_for_00302926/dimensions_ifrs_for_00302926/role_ifrs_for_00302926-dim_2019-11-14.xsd",".xsd","XSD_SCHEMA","NOT_REQUIRED",""
"064350","현대로템","DART_064350_현대로템_2021Q1_분기보고서_원문XBRL_20210517.zip","7","lab_00302926-ko_2019-11-14.xml","labels/lab_00302926-ko_2019-11-14.xml",".xml","LABEL_LINKBASE","PASS",""
"064350","현대로템","DART_064350_현대로템_2021Q1_분기보고서_원문XBRL_20210517.zip","8","lab_00302926-en_2019-11-14.xml","labels/lab_00302926-en_2019-11-14.xml",".xml","LABEL_LINKBASE","PASS",""
"064350","현대로템","DART_064350_현대로템_2021Q3_분기보고서_원문XBRL_20211115.zip","1","00302926_2019-11-14.xbrl","00302926_2019-11-14.xbrl",".xbrl","XBRL_INSTANCE","PASS",""
"064350","현대로템","DART_064350_현대로템_2021Q3_분기보고서_원문XBRL_20211115.zip","2","00302926_entry_point_2019-11-14.xsd","00302926_entry_point_2019-11-14.xsd",".xsd","XSD_SCHEMA","NOT_REQUIRED",""
"064350","현대로템","DART_064350_현대로템_2021Q3_분기보고서_원문XBRL_20211115.zip","3","dim_ifrs_for_00302926_2019-11-14.xml","ifrs_for_00302926/dimensions_ifrs_for_00302926/dim_ifrs_for_00302926_2019-11-14.xml",".xml","DEFINITION_LINKBASE","PASS",""
"064350","현대로템","DART_064350_현대로템_2021Q3_분기보고서_원문XBRL_20211115.zip","4","cal_ifrs_for_00302926_2019-11-14.xml","ifrs_for_00302926/dimensions_ifrs_for_00302926/cal_ifrs_for_00302926_2019-11-14.xml",".xml","CALCULATION_LINKBASE","PASS",""
"064350","현대로템","DART_064350_현대로템_2021Q3_분기보고서_원문XBRL_20211115.zip","5","pre_ifrs_for_00302926_2019-11-14.xml","ifrs_for_00302926/dimensions_ifrs_for_00302926/pre_ifrs_for_00302926_2019-11-14.xml",".xml","PRESENTATION_LINKBASE","PASS",""
"064350","현대로템","DART_064350_현대로템_2021Q3_분기보고서_원문XBRL_20211115.zip","6","role_ifrs_for_00302926-dim_2019-11-14.xsd","ifrs_for_00302926/dimensions_ifrs_for_00302926/role_ifrs_for_00302926-dim_2019-11-14.xsd",".xsd","XSD_SCHEMA","NOT_REQUIRED",""
"064350","현대로템","DART_064350_현대로템_2021Q3_분기보고서_원문XBRL_20211115.zip","7","lab_00302926-ko_2019-11-14.xml","labels/lab_00302926-ko_2019-11-14.xml",".xml","LABEL_LINKBASE","PASS",""
"064350","현대로템","DART_064350_현대로템_2021Q3_분기보고서_원문XBRL_20211115.zip","8","lab_00302926-en_2019-11-14.xml","labels/lab_00302926-en_2019-11-14.xml",".xml","LABEL_LINKBASE","PASS",""
"064350","현대로템","DART_064350_현대로템_2022FY_사업보고서_원문XBRL_20230310.zip","1","00302926_2019-11-14.xbrl","00302926_2019-11-14.xbrl",".xbrl","XBRL_INSTANCE","PASS",""
"064350","현대로템","DART_064350_현대로템_2022FY_사업보고서_원문XBRL_20230310.zip","2","00302926_entry_point_2019-11-14.xsd","00302926_entry_point_2019-11-14.xsd",".xsd","XSD_SCHEMA","NOT_REQUIRED",""
"064350","현대로템","DART_064350_현대로템_2022FY_사업보고서_원문XBRL_20230310.zip","3","dim_ifrs_for_00302926_2019-11-14.xml","ifrs_for_00302926/dimensions_ifrs_for_00302926/dim_ifrs_for_00302926_2019-11-14.xml",".xml","DEFINITION_LINKBASE","PASS",""
"064350","현대로템","DART_064350_현대로템_2022FY_사업보고서_원문XBRL_20230310.zip","4","cal_ifrs_for_00302926_2019-11-14.xml","ifrs_for_00302926/dimensions_ifrs_for_00302926/cal_ifrs_for_00302926_2019-11-14.xml",".xml","CALCULATION_LINKBASE","PASS",""
"064350","현대로템","DART_064350_현대로템_2022FY_사업보고서_원문XBRL_20230310.zip","5","pre_ifrs_for_00302926_2019-11-14.xml","ifrs_for_00302926/dimensions_ifrs_for_00302926/pre_ifrs_for_00302926_2019-11-14.xml",".xml","PRESENTATION_LINKBASE","PASS",""
"064350","현대로템","DART_064350_현대로템_2022FY_사업보고서_원문XBRL_20230310.zip","6","role_ifrs_for_00302926-dim_2019-11-14.xsd","ifrs_for_00302926/dimensions_ifrs_for_00302926/role_ifrs_for_00302926-dim_2019-11-14.xsd",".xsd","XSD_SCHEMA","NOT_REQUIRED",""
"064350","현대로템","DART_064350_현대로템_2022FY_사업보고서_원문XBRL_20230310.zip","7","lab_00302926-ko_2019-11-14.xml","labels/lab_00302926-ko_2019-11-14.xml",".xml","LABEL_LINKBASE","PASS",""
"064350","현대로템","DART_064350_현대로템_2022FY_사업보고서_원문XBRL_20230310.zip","8","lab_00302926-en_2019-11-14.xml","labels/lab_00302926-en_2019-11-14.xml",".xml","LABEL_LINKBASE","PASS",""
"064350","현대로템","DART_064350_현대로템_2022H1_반기보고서_원문XBRL_20220816.zip","1","00302926_2019-11-14.xbrl","00302926_2019-11-14.xbrl",".xbrl","XBRL_INSTANCE","PASS",""
"064350","현대로템","DART_064350_현대로템_2022H1_반기보고서_원문XBRL_20220816.zip","2","00302926_entry_point_2019-11-14.xsd","00302926_entry_point_2019-11-14.xsd",".xsd","XSD_SCHEMA","NOT_REQUIRED",""
"064350","현대로템","DART_064350_현대로템_2022H1_반기보고서_원문XBRL_20220816.zip","3","dim_ifrs_for_00302926_2019-11-14.xml","ifrs_for_00302926/dimensions_ifrs_for_00302926/dim_ifrs_for_00302926_2019-11-14.xml",".xml","DEFINITION_LINKBASE","PASS",""
"064350","현대로템","DART_064350_현대로템_2022H1_반기보고서_원문XBRL_20220816.zip","4","cal_ifrs_for_00302926_2019-11-14.xml","ifrs_for_00302926/dimensions_ifrs_for_00302926/cal_ifrs_for_00302926_2019-11-14.xml",".xml","CALCULATION_LINKBASE","PASS",""
"064350","현대로템","DART_064350_현대로템_2022H1_반기보고서_원문XBRL_20220816.zip","5","pre_ifrs_for_00302926_2019-11-14.xml","ifrs_for_00302926/dimensions_ifrs_for_00302926/pre_ifrs_for_00302926_2019-11-14.xml",".xml","PRESENTATION_LINKBASE","PASS",""
"064350","현대로템","DART_064350_현대로템_2022H1_반기보고서_원문XBRL_20220816.zip","6","role_ifrs_for_00302926-dim_2019-11-14.xsd","ifrs_for_00302926/dimensions_ifrs_for_00302926/role_ifrs_for_00302926-dim_2019-11-14.xsd",".xsd","XSD_SCHEMA","NOT_REQUIRED",""
"064350","현대로템","DART_064350_현대로템_2022H1_반기보고서_원문XBRL_20220816.zip","7","lab_00302926-ko_2019-11-14.xml","labels/lab_00302926-ko_2019-11-14.xml",".xml","LABEL_LINKBASE","PASS",""
"064350","현대로템","DART_064350_현대로템_2022H1_반기보고서_원문XBRL_20220816.zip","8","lab_00302926-en_2019-11-14.xml","labels/lab_00302926-en_2019-11-14.xml",".xml","LABEL_LINKBASE","PASS",""
"064350","현대로템","DART_064350_현대로템_2022Q1_분기보고서_원문XBRL_20220516.zip","1","00302926_2019-11-14.xbrl","00302926_2019-11-14.xbrl",".xbrl","XBRL_INSTANCE","PASS",""
"064350","현대로템","DART_064350_현대로템_2022Q1_분기보고서_원문XBRL_20220516.zip","2","00302926_entry_point_2019-11-14.xsd","00302926_entry_point_2019-11-14.xsd",".xsd","XSD_SCHEMA","NOT_REQUIRED",""
"064350","현대로템","DART_064350_현대로템_2022Q1_분기보고서_원문XBRL_20220516.zip","3","dim_ifrs_for_00302926_2019-11-14.xml","ifrs_for_00302926/dimensions_ifrs_for_00302926/dim_ifrs_for_00302926_2019-11-14.xml",".xml","DEFINITION_LINKBASE","PASS",""
"064350","현대로템","DART_064350_현대로템_2022Q1_분기보고서_원문XBRL_20220516.zip","4","cal_ifrs_for_00302926_2019-11-14.xml","ifrs_for_00302926/dimensions_ifrs_for_00302926/cal_ifrs_for_00302926_2019-11-14.xml",".xml","CALCULATION_LINKBASE","PASS",""
"064350","현대로템","DART_064350_현대로템_2022Q1_분기보고서_원문XBRL_20220516.zip","5","pre_ifrs_for_00302926_2019-11-14.xml","ifrs_for_00302926/dimensions_ifrs_for_00302926/pre_ifrs_for_00302926_2019-11-14.xml",".xml","PRESENTATION_LINKBASE","PASS",""
"064350","현대로템","DART_064350_현대로템_2022Q1_분기보고서_원문XBRL_20220516.zip","6","role_ifrs_for_00302926-dim_2019-11-14.xsd","ifrs_for_00302926/dimensions_ifrs_for_00302926/role_ifrs_for_00302926-dim_2019-11-14.xsd",".xsd","XSD_SCHEMA","NOT_REQUIRED",""
"064350","현대로템","DART_064350_현대로템_2022Q1_분기보고서_원문XBRL_20220516.zip","7","lab_00302926-ko_2019-11-14.xml","labels/lab_00302926-ko_2019-11-14.xml",".xml","LABEL_LINKBASE","PASS",""
"064350","현대로템","DART_064350_현대로템_2022Q1_분기보고서_원문XBRL_20220516.zip","8","lab_00302926-en_2019-11-14.xml","labels/lab_00302926-en_2019-11-14.xml",".xml","LABEL_LINKBASE","PASS",""
"064350","현대로템","DART_064350_현대로템_2022Q3_분기보고서_원문XBRL_20221114.zip","1","00302926_2019-11-14.xbrl","00302926_2019-11-14.xbrl",".xbrl","XBRL_INSTANCE","PASS",""
"064350","현대로템","DART_064350_현대로템_2022Q3_분기보고서_원문XBRL_20221114.zip","2","00302926_entry_point_2019-11-14.xsd","00302926_entry_point_2019-11-14.xsd",".xsd","XSD_SCHEMA","NOT_REQUIRED",""
"064350","현대로템","DART_064350_현대로템_2022Q3_분기보고서_원문XBRL_20221114.zip","3","dim_ifrs_for_00302926_2019-11-14.xml","ifrs_for_00302926/dimensions_ifrs_for_00302926/dim_ifrs_for_00302926_2019-11-14.xml",".xml","DEFINITION_LINKBASE","PASS",""
"064350","현대로템","DART_064350_현대로템_2022Q3_분기보고서_원문XBRL_20221114.zip","4","cal_ifrs_for_00302926_2019-11-14.xml","ifrs_for_00302926/dimensions_ifrs_for_00302926/cal_ifrs_for_00302926_2019-11-14.xml",".xml","CALCULATION_LINKBASE","PASS",""
"064350","현대로템","DART_064350_현대로템_2022Q3_분기보고서_원문XBRL_20221114.zip","5","pre_ifrs_for_00302926_2019-11-14.xml","ifrs_for_00302926/dimensions_ifrs_for_00302926/pre_ifrs_for_00302926_2019-11-14.xml",".xml","PRESENTATION_LINKBASE","PASS",""
"064350","현대로템","DART_064350_현대로템_2022Q3_분기보고서_원문XBRL_20221114.zip","6","role_ifrs_for_00302926-dim_2019-11-14.xsd","ifrs_for_00302926/dimensions_ifrs_for_00302926/role_ifrs_for_00302926-dim_2019-11-14.xsd",".xsd","XSD_SCHEMA","NOT_REQUIRED",""
"064350","현대로템","DART_064350_현대로템_2022Q3_분기보고서_원문XBRL_20221114.zip","7","lab_00302926-ko_2019-11-14.xml","labels/lab_00302926-ko_2019-11-14.xml",".xml","LABEL_LINKBASE","PASS",""
"064350","현대로템","DART_064350_현대로템_2022Q3_분기보고서_원문XBRL_20221114.zip","8","lab_00302926-en_2019-11-14.xml","labels/lab_00302926-en_2019-11-14.xml",".xml","LABEL_LINKBASE","PASS",""
"064350","현대로템","DART_064350_현대로템_2023H1_반기보고서_원문XBRL_20230814.zip","1","00302926_2019-11-14.xbrl","00302926_2019-11-14.xbrl",".xbrl","XBRL_INSTANCE","PASS",""
"064350","현대로템","DART_064350_현대로템_2023H1_반기보고서_원문XBRL_20230814.zip","2","00302926_entry_point_2019-11-14.xsd","00302926_entry_point_2019-11-14.xsd",".xsd","XSD_SCHEMA","NOT_REQUIRED",""
"064350","현대로템","DART_064350_현대로템_2023H1_반기보고서_원문XBRL_20230814.zip","3","dim_ifrs_for_00302926_2019-11-14.xml","ifrs_for_00302926/dimensions_ifrs_for_00302926/dim_ifrs_for_00302926_2019-11-14.xml",".xml","DEFINITION_LINKBASE","PASS",""
"064350","현대로템","DART_064350_현대로템_2023H1_반기보고서_원문XBRL_20230814.zip","4","cal_ifrs_for_00302926_2019-11-14.xml","ifrs_for_00302926/dimensions_ifrs_for_00302926/cal_ifrs_for_00302926_2019-11-14.xml",".xml","CALCULATION_LINKBASE","PASS",""
"064350","현대로템","DART_064350_현대로템_2023H1_반기보고서_원문XBRL_20230814.zip","5","pre_ifrs_for_00302926_2019-11-14.xml","ifrs_for_00302926/dimensions_ifrs_for_00302926/pre_ifrs_for_00302926_2019-11-14.xml",".xml","PRESENTATION_LINKBASE","PASS",""
"064350","현대로템","DART_064350_현대로템_2023H1_반기보고서_원문XBRL_20230814.zip","6","role_ifrs_for_00302926-dim_2019-11-14.xsd","ifrs_for_00302926/dimensions_ifrs_for_00302926/role_ifrs_for_00302926-dim_2019-11-14.xsd",".xsd","XSD_SCHEMA","NOT_REQUIRED",""
"064350","현대로템","DART_064350_현대로템_2023H1_반기보고서_원문XBRL_20230814.zip","7","lab_00302926-ko_2019-11-14.xml","labels/lab_00302926-ko_2019-11-14.xml",".xml","LABEL_LINKBASE","PASS",""
"064350","현대로템","DART_064350_현대로템_2023H1_반기보고서_원문XBRL_20230814.zip","8","lab_00302926-en_2019-11-14.xml","labels/lab_00302926-en_2019-11-14.xml",".xml","LABEL_LINKBASE","PASS",""
"064350","현대로템","DART_064350_현대로템_2023Q1_분기보고서_원문XBRL_20230515.zip","1","00302926_2019-11-14.xbrl","00302926_2019-11-14.xbrl",".xbrl","XBRL_INSTANCE","PASS",""
"064350","현대로템","DART_064350_현대로템_2023Q1_분기보고서_원문XBRL_20230515.zip","2","00302926_entry_point_2019-11-14.xsd","00302926_entry_point_2019-11-14.xsd",".xsd","XSD_SCHEMA","NOT_REQUIRED",""
"064350","현대로템","DART_064350_현대로템_2023Q1_분기보고서_원문XBRL_20230515.zip","3","dim_ifrs_for_00302926_2019-11-14.xml","ifrs_for_00302926/dimensions_ifrs_for_00302926/dim_ifrs_for_00302926_2019-11-14.xml",".xml","DEFINITION_LINKBASE","PASS",""
"064350","현대로템","DART_064350_현대로템_2023Q1_분기보고서_원문XBRL_20230515.zip","4","cal_ifrs_for_00302926_2019-11-14.xml","ifrs_for_00302926/dimensions_ifrs_for_00302926/cal_ifrs_for_00302926_2019-11-14.xml",".xml","CALCULATION_LINKBASE","PASS",""
"064350","현대로템","DART_064350_현대로템_2023Q1_분기보고서_원문XBRL_20230515.zip","5","pre_ifrs_for_00302926_2019-11-14.xml","ifrs_for_00302926/dimensions_ifrs_for_00302926/pre_ifrs_for_00302926_2019-11-14.xml",".xml","PRESENTATION_LINKBASE","PASS",""
"064350","현대로템","DART_064350_현대로템_2023Q1_분기보고서_원문XBRL_20230515.zip","6","role_ifrs_for_00302926-dim_2019-11-14.xsd","ifrs_for_00302926/dimensions_ifrs_for_00302926/role_ifrs_for_00302926-dim_2019-11-14.xsd",".xsd","XSD_SCHEMA","NOT_REQUIRED",""
"064350","현대로템","DART_064350_현대로템_2023Q1_분기보고서_원문XBRL_20230515.zip","7","lab_00302926-ko_2019-11-14.xml","labels/lab_00302926-ko_2019-11-14.xml",".xml","LABEL_LINKBASE","PASS",""
"064350","현대로템","DART_064350_현대로템_2023Q1_분기보고서_원문XBRL_20230515.zip","8","lab_00302926-en_2019-11-14.xml","labels/lab_00302926-en_2019-11-14.xml",".xml","LABEL_LINKBASE","PASS",""
"012450","한화에어로스페이스","[한화에어로스페이스][정정]반기보고서_IFRS(원문XBRL)(2021.08.17).zip","1","00126566_2011-08-18.xbrl","00126566_2011-08-18.xbrl",".xbrl","XBRL_INSTANCE","PASS",""
"012450","한화에어로스페이스","[한화에어로스페이스][정정]반기보고서_IFRS(원문XBRL)(2021.08.17).zip","2","00126566_entry_point_2011-08-18.xsd","00126566_entry_point_2011-08-18.xsd",".xsd","XSD_SCHEMA","NOT_REQUIRED",""
"012450","한화에어로스페이스","[한화에어로스페이스][정정]반기보고서_IFRS(원문XBRL)(2021.08.17).zip","3","dim_ifrs_for_00126566_2011-08-18.xml","ifrs_for_00126566/dimensions_ifrs_for_00126566/dim_ifrs_for_00126566_2011-08-18.xml",".xml","DEFINITION_LINKBASE","PASS",""
"012450","한화에어로스페이스","[한화에어로스페이스][정정]반기보고서_IFRS(원문XBRL)(2021.08.17).zip","4","cal_ifrs_for_00126566_2011-08-18.xml","ifrs_for_00126566/dimensions_ifrs_for_00126566/cal_ifrs_for_00126566_2011-08-18.xml",".xml","CALCULATION_LINKBASE","PASS",""
"012450","한화에어로스페이스","[한화에어로스페이스][정정]반기보고서_IFRS(원문XBRL)(2021.08.17).zip","5","pre_ifrs_for_00126566_2011-08-18.xml","ifrs_for_00126566/dimensions_ifrs_for_00126566/pre_ifrs_for_00126566_2011-08-18.xml",".xml","PRESENTATION_LINKBASE","PASS",""
"012450","한화에어로스페이스","[한화에어로스페이스][정정]반기보고서_IFRS(원문XBRL)(2021.08.17).zip","6","role_ifrs_for_00126566-dim_2011-08-18.xsd","ifrs_for_00126566/dimensions_ifrs_for_00126566/role_ifrs_for_00126566-dim_2011-08-18.xsd",".xsd","XSD_SCHEMA","NOT_REQUIRED",""
"012450","한화에어로스페이스","[한화에어로스페이스][정정]반기보고서_IFRS(원문XBRL)(2021.08.17).zip","7","lab_00126566-ko_2011-08-18.xml","labels/lab_00126566-ko_2011-08-18.xml",".xml","LABEL_LINKBASE","PASS",""
"012450","한화에어로스페이스","[한화에어로스페이스][정정]반기보고서_IFRS(원문XBRL)(2021.08.17).zip","8","lab_00126566-en_2011-08-18.xml","labels/lab_00126566-en_2011-08-18.xml",".xml","LABEL_LINKBASE","PASS",""
"012450","한화에어로스페이스","[한화에어로스페이스][정정]사업보고서_IFRS(원문XBRL)(2022.08.12).zip","1","00126566_2011-08-18.xbrl","00126566_2011-08-18.xbrl",".xbrl","XBRL_INSTANCE","PASS",""
"012450","한화에어로스페이스","[한화에어로스페이스][정정]사업보고서_IFRS(원문XBRL)(2022.08.12).zip","2","00126566_entry_point_2011-08-18.xsd","00126566_entry_point_2011-08-18.xsd",".xsd","XSD_SCHEMA","NOT_REQUIRED",""
"012450","한화에어로스페이스","[한화에어로스페이스][정정]사업보고서_IFRS(원문XBRL)(2022.08.12).zip","3","dim_ifrs_for_00126566_2011-08-18.xml","ifrs_for_00126566/dimensions_ifrs_for_00126566/dim_ifrs_for_00126566_2011-08-18.xml",".xml","DEFINITION_LINKBASE","PASS",""
"012450","한화에어로스페이스","[한화에어로스페이스][정정]사업보고서_IFRS(원문XBRL)(2022.08.12).zip","4","cal_ifrs_for_00126566_2011-08-18.xml","ifrs_for_00126566/dimensions_ifrs_for_00126566/cal_ifrs_for_00126566_2011-08-18.xml",".xml","CALCULATION_LINKBASE","PASS",""
"012450","한화에어로스페이스","[한화에어로스페이스][정정]사업보고서_IFRS(원문XBRL)(2022.08.12).zip","5","pre_ifrs_for_00126566_2011-08-18.xml","ifrs_for_00126566/dimensions_ifrs_for_00126566/pre_ifrs_for_00126566_2011-08-18.xml",".xml","PRESENTATION_LINKBASE","PASS",""
"012450","한화에어로스페이스","[한화에어로스페이스][정정]사업보고서_IFRS(원문XBRL)(2022.08.12).zip","6","role_ifrs_for_00126566-dim_2011-08-18.xsd","ifrs_for_00126566/dimensions_ifrs_for_00126566/role_ifrs_for_00126566-dim_2011-08-18.xsd",".xsd","XSD_SCHEMA","NOT_REQUIRED",""
"012450","한화에어로스페이스","[한화에어로스페이스][정정]사업보고서_IFRS(원문XBRL)(2022.08.12).zip","7","lab_00126566-ko_2011-08-18.xml","labels/lab_00126566-ko_2011-08-18.xml",".xml","LABEL_LINKBASE","PASS",""
"012450","한화에어로스페이스","[한화에어로스페이스][정정]사업보고서_IFRS(원문XBRL)(2022.08.12).zip","8","lab_00126566-en_2011-08-18.xml","labels/lab_00126566-en_2011-08-18.xml",".xml","LABEL_LINKBASE","PASS",""
"012450","한화에어로스페이스","[한화에어로스페이스][정정]사업보고서_IFRS(원문XBRL)(2023.03.21).zip","1","00126566_2011-08-18.xbrl","00126566_2011-08-18.xbrl",".xbrl","XBRL_INSTANCE","PASS",""
"012450","한화에어로스페이스","[한화에어로스페이스][정정]사업보고서_IFRS(원문XBRL)(2023.03.21).zip","2","00126566_entry_point_2011-08-18.xsd","00126566_entry_point_2011-08-18.xsd",".xsd","XSD_SCHEMA","NOT_REQUIRED",""
"012450","한화에어로스페이스","[한화에어로스페이스][정정]사업보고서_IFRS(원문XBRL)(2023.03.21).zip","3","dim_ifrs_for_00126566_2011-08-18.xml","ifrs_for_00126566/dimensions_ifrs_for_00126566/dim_ifrs_for_00126566_2011-08-18.xml",".xml","DEFINITION_LINKBASE","PASS",""
"012450","한화에어로스페이스","[한화에어로스페이스][정정]사업보고서_IFRS(원문XBRL)(2023.03.21).zip","4","cal_ifrs_for_00126566_2011-08-18.xml","ifrs_for_00126566/dimensions_ifrs_for_00126566/cal_ifrs_for_00126566_2011-08-18.xml",".xml","CALCULATION_LINKBASE","PASS",""
"012450","한화에어로스페이스","[한화에어로스페이스][정정]사업보고서_IFRS(원문XBRL)(2023.03.21).zip","5","pre_ifrs_for_00126566_2011-08-18.xml","ifrs_for_00126566/dimensions_ifrs_for_00126566/pre_ifrs_for_00126566_2011-08-18.xml",".xml","PRESENTATION_LINKBASE","PASS",""
"012450","한화에어로스페이스","[한화에어로스페이스][정정]사업보고서_IFRS(원문XBRL)(2023.03.21).zip","6","role_ifrs_for_00126566-dim_2011-08-18.xsd","ifrs_for_00126566/dimensions_ifrs_for_00126566/role_ifrs_for_00126566-dim_2011-08-18.xsd",".xsd","XSD_SCHEMA","NOT_REQUIRED",""
"012450","한화에어로스페이스","[한화에어로스페이스][정정]사업보고서_IFRS(원문XBRL)(2023.03.21).zip","7","lab_00126566-ko_2011-08-18.xml","labels/lab_00126566-ko_2011-08-18.xml",".xml","LABEL_LINKBASE","PASS",""
"012450","한화에어로스페이스","[한화에어로스페이스][정정]사업보고서_IFRS(원문XBRL)(2023.03.21).zip","8","lab_00126566-en_2011-08-18.xml","labels/lab_00126566-en_2011-08-18.xml",".xml","LABEL_LINKBASE","PASS",""
"012450","한화에어로스페이스","[한화에어로스페이스]반기보고서_IFRS(원문XBRL)(2022.08.12).zip","1","00126566_2011-08-18.xbrl","00126566_2011-08-18.xbrl",".xbrl","XBRL_INSTANCE","PASS",""
"012450","한화에어로스페이스","[한화에어로스페이스]반기보고서_IFRS(원문XBRL)(2022.08.12).zip","2","00126566_entry_point_2011-08-18.xsd","00126566_entry_point_2011-08-18.xsd",".xsd","XSD_SCHEMA","NOT_REQUIRED",""
"012450","한화에어로스페이스","[한화에어로스페이스]반기보고서_IFRS(원문XBRL)(2022.08.12).zip","3","dim_ifrs_for_00126566_2011-08-18.xml","ifrs_for_00126566/dimensions_ifrs_for_00126566/dim_ifrs_for_00126566_2011-08-18.xml",".xml","DEFINITION_LINKBASE","PASS",""
"012450","한화에어로스페이스","[한화에어로스페이스]반기보고서_IFRS(원문XBRL)(2022.08.12).zip","4","cal_ifrs_for_00126566_2011-08-18.xml","ifrs_for_00126566/dimensions_ifrs_for_00126566/cal_ifrs_for_00126566_2011-08-18.xml",".xml","CALCULATION_LINKBASE","PASS",""
"012450","한화에어로스페이스","[한화에어로스페이스]반기보고서_IFRS(원문XBRL)(2022.08.12).zip","5","pre_ifrs_for_00126566_2011-08-18.xml","ifrs_for_00126566/dimensions_ifrs_for_00126566/pre_ifrs_for_00126566_2011-08-18.xml",".xml","PRESENTATION_LINKBASE","PASS",""
"012450","한화에어로스페이스","[한화에어로스페이스]반기보고서_IFRS(원문XBRL)(2022.08.12).zip","6","role_ifrs_for_00126566-dim_2011-08-18.xsd","ifrs_for_00126566/dimensions_ifrs_for_00126566/role_ifrs_for_00126566-dim_2011-08-18.xsd",".xsd","XSD_SCHEMA","NOT_REQUIRED",""
"012450","한화에어로스페이스","[한화에어로스페이스]반기보고서_IFRS(원문XBRL)(2022.08.12).zip","7","lab_00126566-ko_2011-08-18.xml","labels/lab_00126566-ko_2011-08-18.xml",".xml","LABEL_LINKBASE","PASS",""
"012450","한화에어로스페이스","[한화에어로스페이스]반기보고서_IFRS(원문XBRL)(2022.08.12).zip","8","lab_00126566-en_2011-08-18.xml","labels/lab_00126566-en_2011-08-18.xml",".xml","LABEL_LINKBASE","PASS",""
"012450","한화에어로스페이스","[한화에어로스페이스]반기보고서_IFRS(원문XBRL)(2023.08.11).zip","1","00126566_2011-08-18.xbrl","00126566_2011-08-18.xbrl",".xbrl","XBRL_INSTANCE","PASS",""
"012450","한화에어로스페이스","[한화에어로스페이스]반기보고서_IFRS(원문XBRL)(2023.08.11).zip","2","00126566_entry_point_2011-08-18.xsd","00126566_entry_point_2011-08-18.xsd",".xsd","XSD_SCHEMA","NOT_REQUIRED",""
"012450","한화에어로스페이스","[한화에어로스페이스]반기보고서_IFRS(원문XBRL)(2023.08.11).zip","3","dim_ifrs_for_00126566_2011-08-18.xml","ifrs_for_00126566/dimensions_ifrs_for_00126566/dim_ifrs_for_00126566_2011-08-18.xml",".xml","DEFINITION_LINKBASE","PASS",""
"012450","한화에어로스페이스","[한화에어로스페이스]반기보고서_IFRS(원문XBRL)(2023.08.11).zip","4","cal_ifrs_for_00126566_2011-08-18.xml","ifrs_for_00126566/dimensions_ifrs_for_00126566/cal_ifrs_for_00126566_2011-08-18.xml",".xml","CALCULATION_LINKBASE","PASS",""
"012450","한화에어로스페이스","[한화에어로스페이스]반기보고서_IFRS(원문XBRL)(2023.08.11).zip","5","pre_ifrs_for_00126566_2011-08-18.xml","ifrs_for_00126566/dimensions_ifrs_for_00126566/pre_ifrs_for_00126566_2011-08-18.xml",".xml","PRESENTATION_LINKBASE","PASS",""
"012450","한화에어로스페이스","[한화에어로스페이스]반기보고서_IFRS(원문XBRL)(2023.08.11).zip","6","role_ifrs_for_00126566-dim_2011-08-18.xsd","ifrs_for_00126566/dimensions_ifrs_for_00126566/role_ifrs_for_00126566-dim_2011-08-18.xsd",".xsd","XSD_SCHEMA","NOT_REQUIRED",""
"012450","한화에어로스페이스","[한화에어로스페이스]반기보고서_IFRS(원문XBRL)(2023.08.11).zip","7","lab_00126566-ko_2011-08-18.xml","labels/lab_00126566-ko_2011-08-18.xml",".xml","LABEL_LINKBASE","PASS",""
"012450","한화에어로스페이스","[한화에어로스페이스]반기보고서_IFRS(원문XBRL)(2023.08.11).zip","8","lab_00126566-en_2011-08-18.xml","labels/lab_00126566-en_2011-08-18.xml",".xml","LABEL_LINKBASE","PASS",""
"012450","한화에어로스페이스","[한화에어로스페이스]분기보고서_IFRS(원문XBRL)(2021.11.12).zip","1","00126566_2011-08-18.xbrl","00126566_2011-08-18.xbrl",".xbrl","XBRL_INSTANCE","PASS",""
"012450","한화에어로스페이스","[한화에어로스페이스]분기보고서_IFRS(원문XBRL)(2021.11.12).zip","2","00126566_entry_point_2011-08-18.xsd","00126566_entry_point_2011-08-18.xsd",".xsd","XSD_SCHEMA","NOT_REQUIRED",""
"012450","한화에어로스페이스","[한화에어로스페이스]분기보고서_IFRS(원문XBRL)(2021.11.12).zip","3","dim_ifrs_for_00126566_2011-08-18.xml","ifrs_for_00126566/dimensions_ifrs_for_00126566/dim_ifrs_for_00126566_2011-08-18.xml",".xml","DEFINITION_LINKBASE","PASS",""
"012450","한화에어로스페이스","[한화에어로스페이스]분기보고서_IFRS(원문XBRL)(2021.11.12).zip","4","cal_ifrs_for_00126566_2011-08-18.xml","ifrs_for_00126566/dimensions_ifrs_for_00126566/cal_ifrs_for_00126566_2011-08-18.xml",".xml","CALCULATION_LINKBASE","PASS",""
"012450","한화에어로스페이스","[한화에어로스페이스]분기보고서_IFRS(원문XBRL)(2021.11.12).zip","5","pre_ifrs_for_00126566_2011-08-18.xml","ifrs_for_00126566/dimensions_ifrs_for_00126566/pre_ifrs_for_00126566_2011-08-18.xml",".xml","PRESENTATION_LINKBASE","PASS",""
"012450","한화에어로스페이스","[한화에어로스페이스]분기보고서_IFRS(원문XBRL)(2021.11.12).zip","6","role_ifrs_for_00126566-dim_2011-08-18.xsd","ifrs_for_00126566/dimensions_ifrs_for_00126566/role_ifrs_for_00126566-dim_2011-08-18.xsd",".xsd","XSD_SCHEMA","NOT_REQUIRED",""
"012450","한화에어로스페이스","[한화에어로스페이스]분기보고서_IFRS(원문XBRL)(2021.11.12).zip","7","lab_00126566-ko_2011-08-18.xml","labels/lab_00126566-ko_2011-08-18.xml",".xml","LABEL_LINKBASE","PASS",""
"012450","한화에어로스페이스","[한화에어로스페이스]분기보고서_IFRS(원문XBRL)(2021.11.12).zip","8","lab_00126566-en_2011-08-18.xml","labels/lab_00126566-en_2011-08-18.xml",".xml","LABEL_LINKBASE","PASS",""
"012450","한화에어로스페이스","[한화에어로스페이스]분기보고서_IFRS(원문XBRL)(2022.05.16).zip","1","00126566_2011-08-18.xbrl","00126566_2011-08-18.xbrl",".xbrl","XBRL_INSTANCE","PASS",""
"012450","한화에어로스페이스","[한화에어로스페이스]분기보고서_IFRS(원문XBRL)(2022.05.16).zip","2","00126566_entry_point_2011-08-18.xsd","00126566_entry_point_2011-08-18.xsd",".xsd","XSD_SCHEMA","NOT_REQUIRED",""
"012450","한화에어로스페이스","[한화에어로스페이스]분기보고서_IFRS(원문XBRL)(2022.05.16).zip","3","dim_ifrs_for_00126566_2011-08-18.xml","ifrs_for_00126566/dimensions_ifrs_for_00126566/dim_ifrs_for_00126566_2011-08-18.xml",".xml","DEFINITION_LINKBASE","PASS",""
"012450","한화에어로스페이스","[한화에어로스페이스]분기보고서_IFRS(원문XBRL)(2022.05.16).zip","4","cal_ifrs_for_00126566_2011-08-18.xml","ifrs_for_00126566/dimensions_ifrs_for_00126566/cal_ifrs_for_00126566_2011-08-18.xml",".xml","CALCULATION_LINKBASE","PASS",""
"012450","한화에어로스페이스","[한화에어로스페이스]분기보고서_IFRS(원문XBRL)(2022.05.16).zip","5","pre_ifrs_for_00126566_2011-08-18.xml","ifrs_for_00126566/dimensions_ifrs_for_00126566/pre_ifrs_for_00126566_2011-08-18.xml",".xml","PRESENTATION_LINKBASE","PASS",""
"012450","한화에어로스페이스","[한화에어로스페이스]분기보고서_IFRS(원문XBRL)(2022.05.16).zip","6","role_ifrs_for_00126566-dim_2011-08-18.xsd","ifrs_for_00126566/dimensions_ifrs_for_00126566/role_ifrs_for_00126566-dim_2011-08-18.xsd",".xsd","XSD_SCHEMA","NOT_REQUIRED",""
"012450","한화에어로스페이스","[한화에어로스페이스]분기보고서_IFRS(원문XBRL)(2022.05.16).zip","7","lab_00126566-ko_2011-08-18.xml","labels/lab_00126566-ko_2011-08-18.xml",".xml","LABEL_LINKBASE","PASS",""
"012450","한화에어로스페이스","[한화에어로스페이스]분기보고서_IFRS(원문XBRL)(2022.05.16).zip","8","lab_00126566-en_2011-08-18.xml","labels/lab_00126566-en_2011-08-18.xml",".xml","LABEL_LINKBASE","PASS",""
"012450","한화에어로스페이스","[한화에어로스페이스]분기보고서_IFRS(원문XBRL)(2022.11.11).zip","1","00126566_2011-08-18.xbrl","00126566_2011-08-18.xbrl",".xbrl","XBRL_INSTANCE","PASS",""
"012450","한화에어로스페이스","[한화에어로스페이스]분기보고서_IFRS(원문XBRL)(2022.11.11).zip","2","00126566_entry_point_2011-08-18.xsd","00126566_entry_point_2011-08-18.xsd",".xsd","XSD_SCHEMA","NOT_REQUIRED",""
"012450","한화에어로스페이스","[한화에어로스페이스]분기보고서_IFRS(원문XBRL)(2022.11.11).zip","3","dim_ifrs_for_00126566_2011-08-18.xml","ifrs_for_00126566/dimensions_ifrs_for_00126566/dim_ifrs_for_00126566_2011-08-18.xml",".xml","DEFINITION_LINKBASE","PASS",""
"012450","한화에어로스페이스","[한화에어로스페이스]분기보고서_IFRS(원문XBRL)(2022.11.11).zip","4","cal_ifrs_for_00126566_2011-08-18.xml","ifrs_for_00126566/dimensions_ifrs_for_00126566/cal_ifrs_for_00126566_2011-08-18.xml",".xml","CALCULATION_LINKBASE","PASS",""
"012450","한화에어로스페이스","[한화에어로스페이스]분기보고서_IFRS(원문XBRL)(2022.11.11).zip","5","pre_ifrs_for_00126566_2011-08-18.xml","ifrs_for_00126566/dimensions_ifrs_for_00126566/pre_ifrs_for_00126566_2011-08-18.xml",".xml","PRESENTATION_LINKBASE","PASS",""
"012450","한화에어로스페이스","[한화에어로스페이스]분기보고서_IFRS(원문XBRL)(2022.11.11).zip","6","role_ifrs_for_00126566-dim_2011-08-18.xsd","ifrs_for_00126566/dimensions_ifrs_for_00126566/role_ifrs_for_00126566-dim_2011-08-18.xsd",".xsd","XSD_SCHEMA","NOT_REQUIRED",""
"012450","한화에어로스페이스","[한화에어로스페이스]분기보고서_IFRS(원문XBRL)(2022.11.11).zip","7","lab_00126566-ko_2011-08-18.xml","labels/lab_00126566-ko_2011-08-18.xml",".xml","LABEL_LINKBASE","PASS",""
"012450","한화에어로스페이스","[한화에어로스페이스]분기보고서_IFRS(원문XBRL)(2022.11.11).zip","8","lab_00126566-en_2011-08-18.xml","labels/lab_00126566-en_2011-08-18.xml",".xml","LABEL_LINKBASE","PASS",""
"012450","한화에어로스페이스","[한화에어로스페이스]분기보고서_IFRS(원문XBRL)(2023.05.12).zip","1","00126566_2011-08-18.xbrl","00126566_2011-08-18.xbrl",".xbrl","XBRL_INSTANCE","PASS",""
"012450","한화에어로스페이스","[한화에어로스페이스]분기보고서_IFRS(원문XBRL)(2023.05.12).zip","2","00126566_entry_point_2011-08-18.xsd","00126566_entry_point_2011-08-18.xsd",".xsd","XSD_SCHEMA","NOT_REQUIRED",""
"012450","한화에어로스페이스","[한화에어로스페이스]분기보고서_IFRS(원문XBRL)(2023.05.12).zip","3","dim_ifrs_for_00126566_2011-08-18.xml","ifrs_for_00126566/dimensions_ifrs_for_00126566/dim_ifrs_for_00126566_2011-08-18.xml",".xml","DEFINITION_LINKBASE","PASS",""
"012450","한화에어로스페이스","[한화에어로스페이스]분기보고서_IFRS(원문XBRL)(2023.05.12).zip","4","cal_ifrs_for_00126566_2011-08-18.xml","ifrs_for_00126566/dimensions_ifrs_for_00126566/cal_ifrs_for_00126566_2011-08-18.xml",".xml","CALCULATION_LINKBASE","PASS",""
"012450","한화에어로스페이스","[한화에어로스페이스]분기보고서_IFRS(원문XBRL)(2023.05.12).zip","5","pre_ifrs_for_00126566_2011-08-18.xml","ifrs_for_00126566/dimensions_ifrs_for_00126566/pre_ifrs_for_00126566_2011-08-18.xml",".xml","PRESENTATION_LINKBASE","PASS",""
"012450","한화에어로스페이스","[한화에어로스페이스]분기보고서_IFRS(원문XBRL)(2023.05.12).zip","6","role_ifrs_for_00126566-dim_2011-08-18.xsd","ifrs_for_00126566/dimensions_ifrs_for_00126566/role_ifrs_for_00126566-dim_2011-08-18.xsd",".xsd","XSD_SCHEMA","NOT_REQUIRED",""
"012450","한화에어로스페이스","[한화에어로스페이스]분기보고서_IFRS(원문XBRL)(2023.05.12).zip","7","lab_00126566-ko_2011-08-18.xml","labels/lab_00126566-ko_2011-08-18.xml",".xml","LABEL_LINKBASE","PASS",""
"012450","한화에어로스페이스","[한화에어로스페이스]분기보고서_IFRS(원문XBRL)(2023.05.12).zip","8","lab_00126566-en_2011-08-18.xml","labels/lab_00126566-en_2011-08-18.xml",".xml","LABEL_LINKBASE","PASS",""
"298040","효성중공업","[효성중공업][정정]분기보고서_IFRS(원문XBRL)(2022.07.27).zip","1","01316245_2018-08-13.xbrl","01316245_2018-08-13.xbrl",".xbrl","XBRL_INSTANCE","PASS",""
"298040","효성중공업","[효성중공업][정정]분기보고서_IFRS(원문XBRL)(2022.07.27).zip","2","01316245_entry_point_2018-08-13.xsd","01316245_entry_point_2018-08-13.xsd",".xsd","XSD_SCHEMA","NOT_REQUIRED",""
"298040","효성중공업","[효성중공업][정정]분기보고서_IFRS(원문XBRL)(2022.07.27).zip","3","dim_ifrs_for_01316245_2018-08-13.xml","ifrs_for_01316245/dimensions_ifrs_for_01316245/dim_ifrs_for_01316245_2018-08-13.xml",".xml","DEFINITION_LINKBASE","PASS",""
"298040","효성중공업","[효성중공업][정정]분기보고서_IFRS(원문XBRL)(2022.07.27).zip","4","cal_ifrs_for_01316245_2018-08-13.xml","ifrs_for_01316245/dimensions_ifrs_for_01316245/cal_ifrs_for_01316245_2018-08-13.xml",".xml","CALCULATION_LINKBASE","PASS",""
"298040","효성중공업","[효성중공업][정정]분기보고서_IFRS(원문XBRL)(2022.07.27).zip","5","pre_ifrs_for_01316245_2018-08-13.xml","ifrs_for_01316245/dimensions_ifrs_for_01316245/pre_ifrs_for_01316245_2018-08-13.xml",".xml","PRESENTATION_LINKBASE","PASS",""
"298040","효성중공업","[효성중공업][정정]분기보고서_IFRS(원문XBRL)(2022.07.27).zip","6","role_ifrs_for_01316245-dim_2018-08-13.xsd","ifrs_for_01316245/dimensions_ifrs_for_01316245/role_ifrs_for_01316245-dim_2018-08-13.xsd",".xsd","XSD_SCHEMA","NOT_REQUIRED",""
"298040","효성중공업","[효성중공업][정정]분기보고서_IFRS(원문XBRL)(2022.07.27).zip","7","lab_01316245-ko_2018-08-13.xml","labels/lab_01316245-ko_2018-08-13.xml",".xml","LABEL_LINKBASE","PASS",""
"298040","효성중공업","[효성중공업][정정]분기보고서_IFRS(원문XBRL)(2022.07.27).zip","8","lab_01316245-en_2018-08-13.xml","labels/lab_01316245-en_2018-08-13.xml",".xml","LABEL_LINKBASE","PASS",""
"298040","효성중공업","[효성중공업][정정]사업보고서_IFRS(원문XBRL)(2022.07.27).zip","1","01316245_2018-08-13.xbrl","01316245_2018-08-13.xbrl",".xbrl","XBRL_INSTANCE","PASS",""
"298040","효성중공업","[효성중공업][정정]사업보고서_IFRS(원문XBRL)(2022.07.27).zip","2","01316245_entry_point_2018-08-13.xsd","01316245_entry_point_2018-08-13.xsd",".xsd","XSD_SCHEMA","NOT_REQUIRED",""
"298040","효성중공업","[효성중공업][정정]사업보고서_IFRS(원문XBRL)(2022.07.27).zip","3","dim_ifrs_for_01316245_2018-08-13.xml","ifrs_for_01316245/dimensions_ifrs_for_01316245/dim_ifrs_for_01316245_2018-08-13.xml",".xml","DEFINITION_LINKBASE","PASS",""
"298040","효성중공업","[효성중공업][정정]사업보고서_IFRS(원문XBRL)(2022.07.27).zip","4","cal_ifrs_for_01316245_2018-08-13.xml","ifrs_for_01316245/dimensions_ifrs_for_01316245/cal_ifrs_for_01316245_2018-08-13.xml",".xml","CALCULATION_LINKBASE","PASS",""
"298040","효성중공업","[효성중공업][정정]사업보고서_IFRS(원문XBRL)(2022.07.27).zip","5","pre_ifrs_for_01316245_2018-08-13.xml","ifrs_for_01316245/dimensions_ifrs_for_01316245/pre_ifrs_for_01316245_2018-08-13.xml",".xml","PRESENTATION_LINKBASE","PASS",""
"298040","효성중공업","[효성중공업][정정]사업보고서_IFRS(원문XBRL)(2022.07.27).zip","6","role_ifrs_for_01316245-dim_2018-08-13.xsd","ifrs_for_01316245/dimensions_ifrs_for_01316245/role_ifrs_for_01316245-dim_2018-08-13.xsd",".xsd","XSD_SCHEMA","NOT_REQUIRED",""
"298040","효성중공업","[효성중공업][정정]사업보고서_IFRS(원문XBRL)(2022.07.27).zip","7","lab_01316245-ko_2018-08-13.xml","labels/lab_01316245-ko_2018-08-13.xml",".xml","LABEL_LINKBASE","PASS",""
"298040","효성중공업","[효성중공업][정정]사업보고서_IFRS(원문XBRL)(2022.07.27).zip","8","lab_01316245-en_2018-08-13.xml","labels/lab_01316245-en_2018-08-13.xml",".xml","LABEL_LINKBASE","PASS",""
"298040","효성중공업","[효성중공업][정정]사업보고서_IFRS(원문XBRL)(2023.03.09).zip","1","01316245_2018-08-13.xbrl","01316245_2018-08-13.xbrl",".xbrl","XBRL_INSTANCE","PASS",""
"298040","효성중공업","[효성중공업][정정]사업보고서_IFRS(원문XBRL)(2023.03.09).zip","2","01316245_entry_point_2018-08-13.xsd","01316245_entry_point_2018-08-13.xsd",".xsd","XSD_SCHEMA","NOT_REQUIRED",""
"298040","효성중공업","[효성중공업][정정]사업보고서_IFRS(원문XBRL)(2023.03.09).zip","3","dim_ifrs_for_01316245_2018-08-13.xml","ifrs_for_01316245/dimensions_ifrs_for_01316245/dim_ifrs_for_01316245_2018-08-13.xml",".xml","DEFINITION_LINKBASE","PASS",""
"298040","효성중공업","[효성중공업][정정]사업보고서_IFRS(원문XBRL)(2023.03.09).zip","4","cal_ifrs_for_01316245_2018-08-13.xml","ifrs_for_01316245/dimensions_ifrs_for_01316245/cal_ifrs_for_01316245_2018-08-13.xml",".xml","CALCULATION_LINKBASE","PASS",""
"298040","효성중공업","[효성중공업][정정]사업보고서_IFRS(원문XBRL)(2023.03.09).zip","5","pre_ifrs_for_01316245_2018-08-13.xml","ifrs_for_01316245/dimensions_ifrs_for_01316245/pre_ifrs_for_01316245_2018-08-13.xml",".xml","PRESENTATION_LINKBASE","PASS",""
"298040","효성중공업","[효성중공업][정정]사업보고서_IFRS(원문XBRL)(2023.03.09).zip","6","role_ifrs_for_01316245-dim_2018-08-13.xsd","ifrs_for_01316245/dimensions_ifrs_for_01316245/role_ifrs_for_01316245-dim_2018-08-13.xsd",".xsd","XSD_SCHEMA","NOT_REQUIRED",""
"298040","효성중공업","[효성중공업][정정]사업보고서_IFRS(원문XBRL)(2023.03.09).zip","7","lab_01316245-ko_2018-08-13.xml","labels/lab_01316245-ko_2018-08-13.xml",".xml","LABEL_LINKBASE","PASS",""
"298040","효성중공업","[효성중공업][정정]사업보고서_IFRS(원문XBRL)(2023.03.09).zip","8","lab_01316245-en_2018-08-13.xml","labels/lab_01316245-en_2018-08-13.xml",".xml","LABEL_LINKBASE","PASS",""
"298040","효성중공업","[효성중공업]반기보고서_IFRS(원문XBRL)(2020.08.14).zip","1","01316245_2018-08-13.xbrl","01316245_2018-08-13.xbrl",".xbrl","XBRL_INSTANCE","PASS",""
"298040","효성중공업","[효성중공업]반기보고서_IFRS(원문XBRL)(2020.08.14).zip","2","01316245_entry_point_2018-08-13.xsd","01316245_entry_point_2018-08-13.xsd",".xsd","XSD_SCHEMA","NOT_REQUIRED",""
"298040","효성중공업","[효성중공업]반기보고서_IFRS(원문XBRL)(2020.08.14).zip","3","dim_ifrs_for_01316245_2018-08-13.xml","ifrs_for_01316245/dimensions_ifrs_for_01316245/dim_ifrs_for_01316245_2018-08-13.xml",".xml","DEFINITION_LINKBASE","PASS",""
"298040","효성중공업","[효성중공업]반기보고서_IFRS(원문XBRL)(2020.08.14).zip","4","cal_ifrs_for_01316245_2018-08-13.xml","ifrs_for_01316245/dimensions_ifrs_for_01316245/cal_ifrs_for_01316245_2018-08-13.xml",".xml","CALCULATION_LINKBASE","PASS",""
"298040","효성중공업","[효성중공업]반기보고서_IFRS(원문XBRL)(2020.08.14).zip","5","pre_ifrs_for_01316245_2018-08-13.xml","ifrs_for_01316245/dimensions_ifrs_for_01316245/pre_ifrs_for_01316245_2018-08-13.xml",".xml","PRESENTATION_LINKBASE","PASS",""
"298040","효성중공업","[효성중공업]반기보고서_IFRS(원문XBRL)(2020.08.14).zip","6","role_ifrs_for_01316245-dim_2018-08-13.xsd","ifrs_for_01316245/dimensions_ifrs_for_01316245/role_ifrs_for_01316245-dim_2018-08-13.xsd",".xsd","XSD_SCHEMA","NOT_REQUIRED",""
"298040","효성중공업","[효성중공업]반기보고서_IFRS(원문XBRL)(2020.08.14).zip","7","lab_01316245-ko_2018-08-13.xml","labels/lab_01316245-ko_2018-08-13.xml",".xml","LABEL_LINKBASE","PASS",""
"298040","효성중공업","[효성중공업]반기보고서_IFRS(원문XBRL)(2020.08.14).zip","8","lab_01316245-en_2018-08-13.xml","labels/lab_01316245-en_2018-08-13.xml",".xml","LABEL_LINKBASE","PASS",""
"298040","효성중공업","[효성중공업]반기보고서_IFRS(원문XBRL)(2021.08.13).zip","1","01316245_2018-08-13.xbrl","01316245_2018-08-13.xbrl",".xbrl","XBRL_INSTANCE","PASS",""
"298040","효성중공업","[효성중공업]반기보고서_IFRS(원문XBRL)(2021.08.13).zip","2","01316245_entry_point_2018-08-13.xsd","01316245_entry_point_2018-08-13.xsd",".xsd","XSD_SCHEMA","NOT_REQUIRED",""
"298040","효성중공업","[효성중공업]반기보고서_IFRS(원문XBRL)(2021.08.13).zip","3","dim_ifrs_for_01316245_2018-08-13.xml","ifrs_for_01316245/dimensions_ifrs_for_01316245/dim_ifrs_for_01316245_2018-08-13.xml",".xml","DEFINITION_LINKBASE","PASS",""
"298040","효성중공업","[효성중공업]반기보고서_IFRS(원문XBRL)(2021.08.13).zip","4","cal_ifrs_for_01316245_2018-08-13.xml","ifrs_for_01316245/dimensions_ifrs_for_01316245/cal_ifrs_for_01316245_2018-08-13.xml",".xml","CALCULATION_LINKBASE","PASS",""
"298040","효성중공업","[효성중공업]반기보고서_IFRS(원문XBRL)(2021.08.13).zip","5","pre_ifrs_for_01316245_2018-08-13.xml","ifrs_for_01316245/dimensions_ifrs_for_01316245/pre_ifrs_for_01316245_2018-08-13.xml",".xml","PRESENTATION_LINKBASE","PASS",""
"298040","효성중공업","[효성중공업]반기보고서_IFRS(원문XBRL)(2021.08.13).zip","6","role_ifrs_for_01316245-dim_2018-08-13.xsd","ifrs_for_01316245/dimensions_ifrs_for_01316245/role_ifrs_for_01316245-dim_2018-08-13.xsd",".xsd","XSD_SCHEMA","NOT_REQUIRED",""
"298040","효성중공업","[효성중공업]반기보고서_IFRS(원문XBRL)(2021.08.13).zip","7","lab_01316245-ko_2018-08-13.xml","labels/lab_01316245-ko_2018-08-13.xml",".xml","LABEL_LINKBASE","PASS",""
"298040","효성중공업","[효성중공업]반기보고서_IFRS(원문XBRL)(2021.08.13).zip","8","lab_01316245-en_2018-08-13.xml","labels/lab_01316245-en_2018-08-13.xml",".xml","LABEL_LINKBASE","PASS",""
"298040","효성중공업","[효성중공업]반기보고서_IFRS(원문XBRL)(2022.08.11).zip","1","01316245_2022-05-13.xbrl","01316245_2022-05-13.xbrl",".xbrl","XBRL_INSTANCE","PASS",""
"298040","효성중공업","[효성중공업]반기보고서_IFRS(원문XBRL)(2022.08.11).zip","2","01316245_entry_point_2022-05-13.xsd","01316245_entry_point_2022-05-13.xsd",".xsd","XSD_SCHEMA","NOT_REQUIRED",""
"298040","효성중공업","[효성중공업]반기보고서_IFRS(원문XBRL)(2022.08.11).zip","3","dim_ifrs_for_01316245_2022-05-13.xml","ifrs_for_01316245/dimensions_ifrs_for_01316245/dim_ifrs_for_01316245_2022-05-13.xml",".xml","DEFINITION_LINKBASE","PASS",""
"298040","효성중공업","[효성중공업]반기보고서_IFRS(원문XBRL)(2022.08.11).zip","4","cal_ifrs_for_01316245_2022-05-13.xml","ifrs_for_01316245/dimensions_ifrs_for_01316245/cal_ifrs_for_01316245_2022-05-13.xml",".xml","CALCULATION_LINKBASE","PASS",""
"298040","효성중공업","[효성중공업]반기보고서_IFRS(원문XBRL)(2022.08.11).zip","5","pre_ifrs_for_01316245_2022-05-13.xml","ifrs_for_01316245/dimensions_ifrs_for_01316245/pre_ifrs_for_01316245_2022-05-13.xml",".xml","PRESENTATION_LINKBASE","PASS",""
"298040","효성중공업","[효성중공업]반기보고서_IFRS(원문XBRL)(2022.08.11).zip","6","role_ifrs_for_01316245-dim_2022-05-13.xsd","ifrs_for_01316245/dimensions_ifrs_for_01316245/role_ifrs_for_01316245-dim_2022-05-13.xsd",".xsd","XSD_SCHEMA","NOT_REQUIRED",""
"298040","효성중공업","[효성중공업]반기보고서_IFRS(원문XBRL)(2022.08.11).zip","7","lab_01316245-ko_2022-05-13.xml","labels/lab_01316245-ko_2022-05-13.xml",".xml","LABEL_LINKBASE","PASS",""
"298040","효성중공업","[효성중공업]반기보고서_IFRS(원문XBRL)(2022.08.11).zip","8","lab_01316245-en_2022-05-13.xml","labels/lab_01316245-en_2022-05-13.xml",".xml","LABEL_LINKBASE","PASS",""
"298040","효성중공업","[효성중공업]반기보고서_IFRS(원문XBRL)(2023.08.11).zip","1","01316245_2018-08-13.xbrl","01316245_2018-08-13.xbrl",".xbrl","XBRL_INSTANCE","PASS",""
"298040","효성중공업","[효성중공업]반기보고서_IFRS(원문XBRL)(2023.08.11).zip","2","01316245_entry_point_2018-08-13.xsd","01316245_entry_point_2018-08-13.xsd",".xsd","XSD_SCHEMA","NOT_REQUIRED",""
"298040","효성중공업","[효성중공업]반기보고서_IFRS(원문XBRL)(2023.08.11).zip","3","dim_ifrs_for_01316245_2018-08-13.xml","ifrs_for_01316245/dimensions_ifrs_for_01316245/dim_ifrs_for_01316245_2018-08-13.xml",".xml","DEFINITION_LINKBASE","PASS",""
"298040","효성중공업","[효성중공업]반기보고서_IFRS(원문XBRL)(2023.08.11).zip","4","cal_ifrs_for_01316245_2018-08-13.xml","ifrs_for_01316245/dimensions_ifrs_for_01316245/cal_ifrs_for_01316245_2018-08-13.xml",".xml","CALCULATION_LINKBASE","PASS",""
"298040","효성중공업","[효성중공업]반기보고서_IFRS(원문XBRL)(2023.08.11).zip","5","pre_ifrs_for_01316245_2018-08-13.xml","ifrs_for_01316245/dimensions_ifrs_for_01316245/pre_ifrs_for_01316245_2018-08-13.xml",".xml","PRESENTATION_LINKBASE","PASS",""
"298040","효성중공업","[효성중공업]반기보고서_IFRS(원문XBRL)(2023.08.11).zip","6","role_ifrs_for_01316245-dim_2018-08-13.xsd","ifrs_for_01316245/dimensions_ifrs_for_01316245/role_ifrs_for_01316245-dim_2018-08-13.xsd",".xsd","XSD_SCHEMA","NOT_REQUIRED",""
"298040","효성중공업","[효성중공업]반기보고서_IFRS(원문XBRL)(2023.08.11).zip","7","lab_01316245-ko_2018-08-13.xml","labels/lab_01316245-ko_2018-08-13.xml",".xml","LABEL_LINKBASE","PASS",""
"298040","효성중공업","[효성중공업]반기보고서_IFRS(원문XBRL)(2023.08.11).zip","8","lab_01316245-en_2018-08-13.xml","labels/lab_01316245-en_2018-08-13.xml",".xml","LABEL_LINKBASE","PASS",""
"298040","효성중공업","[효성중공업]분기보고서_IFRS(원문XBRL)(2020.11.16).zip","1","01316245_2018-08-13.xbrl","01316245_2018-08-13.xbrl",".xbrl","XBRL_INSTANCE","PASS",""
"298040","효성중공업","[효성중공업]분기보고서_IFRS(원문XBRL)(2020.11.16).zip","2","01316245_entry_point_2018-08-13.xsd","01316245_entry_point_2018-08-13.xsd",".xsd","XSD_SCHEMA","NOT_REQUIRED",""
"298040","효성중공업","[효성중공업]분기보고서_IFRS(원문XBRL)(2020.11.16).zip","3","dim_ifrs_for_01316245_2018-08-13.xml","ifrs_for_01316245/dimensions_ifrs_for_01316245/dim_ifrs_for_01316245_2018-08-13.xml",".xml","DEFINITION_LINKBASE","PASS",""
"298040","효성중공업","[효성중공업]분기보고서_IFRS(원문XBRL)(2020.11.16).zip","4","cal_ifrs_for_01316245_2018-08-13.xml","ifrs_for_01316245/dimensions_ifrs_for_01316245/cal_ifrs_for_01316245_2018-08-13.xml",".xml","CALCULATION_LINKBASE","PASS",""
"298040","효성중공업","[효성중공업]분기보고서_IFRS(원문XBRL)(2020.11.16).zip","5","pre_ifrs_for_01316245_2018-08-13.xml","ifrs_for_01316245/dimensions_ifrs_for_01316245/pre_ifrs_for_01316245_2018-08-13.xml",".xml","PRESENTATION_LINKBASE","PASS",""
"298040","효성중공업","[효성중공업]분기보고서_IFRS(원문XBRL)(2020.11.16).zip","6","role_ifrs_for_01316245-dim_2018-08-13.xsd","ifrs_for_01316245/dimensions_ifrs_for_01316245/role_ifrs_for_01316245-dim_2018-08-13.xsd",".xsd","XSD_SCHEMA","NOT_REQUIRED",""
"298040","효성중공업","[효성중공업]분기보고서_IFRS(원문XBRL)(2020.11.16).zip","7","lab_01316245-ko_2018-08-13.xml","labels/lab_01316245-ko_2018-08-13.xml",".xml","LABEL_LINKBASE","PASS",""
"298040","효성중공업","[효성중공업]분기보고서_IFRS(원문XBRL)(2020.11.16).zip","8","lab_01316245-en_2018-08-13.xml","labels/lab_01316245-en_2018-08-13.xml",".xml","LABEL_LINKBASE","PASS",""
"298040","효성중공업","[효성중공업]분기보고서_IFRS(원문XBRL)(2021.05.14).zip","1","01316245_2018-08-13.xbrl","01316245_2018-08-13.xbrl",".xbrl","XBRL_INSTANCE","PASS",""
"298040","효성중공업","[효성중공업]분기보고서_IFRS(원문XBRL)(2021.05.14).zip","2","01316245_entry_point_2018-08-13.xsd","01316245_entry_point_2018-08-13.xsd",".xsd","XSD_SCHEMA","NOT_REQUIRED",""
"298040","효성중공업","[효성중공업]분기보고서_IFRS(원문XBRL)(2021.05.14).zip","3","dim_ifrs_for_01316245_2018-08-13.xml","ifrs_for_01316245/dimensions_ifrs_for_01316245/dim_ifrs_for_01316245_2018-08-13.xml",".xml","DEFINITION_LINKBASE","PASS",""
"298040","효성중공업","[효성중공업]분기보고서_IFRS(원문XBRL)(2021.05.14).zip","4","cal_ifrs_for_01316245_2018-08-13.xml","ifrs_for_01316245/dimensions_ifrs_for_01316245/cal_ifrs_for_01316245_2018-08-13.xml",".xml","CALCULATION_LINKBASE","PASS",""
"298040","효성중공업","[효성중공업]분기보고서_IFRS(원문XBRL)(2021.05.14).zip","5","pre_ifrs_for_01316245_2018-08-13.xml","ifrs_for_01316245/dimensions_ifrs_for_01316245/pre_ifrs_for_01316245_2018-08-13.xml",".xml","PRESENTATION_LINKBASE","PASS",""
"298040","효성중공업","[효성중공업]분기보고서_IFRS(원문XBRL)(2021.05.14).zip","6","role_ifrs_for_01316245-dim_2018-08-13.xsd","ifrs_for_01316245/dimensions_ifrs_for_01316245/role_ifrs_for_01316245-dim_2018-08-13.xsd",".xsd","XSD_SCHEMA","NOT_REQUIRED",""
"298040","효성중공업","[효성중공업]분기보고서_IFRS(원문XBRL)(2021.05.14).zip","7","lab_01316245-ko_2018-08-13.xml","labels/lab_01316245-ko_2018-08-13.xml",".xml","LABEL_LINKBASE","PASS",""
"298040","효성중공업","[효성중공업]분기보고서_IFRS(원문XBRL)(2021.05.14).zip","8","lab_01316245-en_2018-08-13.xml","labels/lab_01316245-en_2018-08-13.xml",".xml","LABEL_LINKBASE","PASS",""
"298040","효성중공업","[효성중공업]분기보고서_IFRS(원문XBRL)(2021.11.12).zip","1","01316245_2018-08-13.xbrl","01316245_2018-08-13.xbrl",".xbrl","XBRL_INSTANCE","PASS",""
"298040","효성중공업","[효성중공업]분기보고서_IFRS(원문XBRL)(2021.11.12).zip","2","01316245_entry_point_2018-08-13.xsd","01316245_entry_point_2018-08-13.xsd",".xsd","XSD_SCHEMA","NOT_REQUIRED",""
"298040","효성중공업","[효성중공업]분기보고서_IFRS(원문XBRL)(2021.11.12).zip","3","dim_ifrs_for_01316245_2018-08-13.xml","ifrs_for_01316245/dimensions_ifrs_for_01316245/dim_ifrs_for_01316245_2018-08-13.xml",".xml","DEFINITION_LINKBASE","PASS",""
"298040","효성중공업","[효성중공업]분기보고서_IFRS(원문XBRL)(2021.11.12).zip","4","cal_ifrs_for_01316245_2018-08-13.xml","ifrs_for_01316245/dimensions_ifrs_for_01316245/cal_ifrs_for_01316245_2018-08-13.xml",".xml","CALCULATION_LINKBASE","PASS",""
"298040","효성중공업","[효성중공업]분기보고서_IFRS(원문XBRL)(2021.11.12).zip","5","pre_ifrs_for_01316245_2018-08-13.xml","ifrs_for_01316245/dimensions_ifrs_for_01316245/pre_ifrs_for_01316245_2018-08-13.xml",".xml","PRESENTATION_LINKBASE","PASS",""
"298040","효성중공업","[효성중공업]분기보고서_IFRS(원문XBRL)(2021.11.12).zip","6","role_ifrs_for_01316245-dim_2018-08-13.xsd","ifrs_for_01316245/dimensions_ifrs_for_01316245/role_ifrs_for_01316245-dim_2018-08-13.xsd",".xsd","XSD_SCHEMA","NOT_REQUIRED",""
"298040","효성중공업","[효성중공업]분기보고서_IFRS(원문XBRL)(2021.11.12).zip","7","lab_01316245-ko_2018-08-13.xml","labels/lab_01316245-ko_2018-08-13.xml",".xml","LABEL_LINKBASE","PASS",""
"298040","효성중공업","[효성중공업]분기보고서_IFRS(원문XBRL)(2021.11.12).zip","8","lab_01316245-en_2018-08-13.xml","labels/lab_01316245-en_2018-08-13.xml",".xml","LABEL_LINKBASE","PASS",""
"298040","효성중공업","[효성중공업]분기보고서_IFRS(원문XBRL)(2022.11.11).zip","1","01316245_2022-05-13.xbrl","01316245_2022-05-13.xbrl",".xbrl","XBRL_INSTANCE","PASS",""
"298040","효성중공업","[효성중공업]분기보고서_IFRS(원문XBRL)(2022.11.11).zip","2","01316245_entry_point_2022-05-13.xsd","01316245_entry_point_2022-05-13.xsd",".xsd","XSD_SCHEMA","NOT_REQUIRED",""
"298040","효성중공업","[효성중공업]분기보고서_IFRS(원문XBRL)(2022.11.11).zip","3","dim_ifrs_for_01316245_2022-05-13.xml","ifrs_for_01316245/dimensions_ifrs_for_01316245/dim_ifrs_for_01316245_2022-05-13.xml",".xml","DEFINITION_LINKBASE","PASS",""
"298040","효성중공업","[효성중공업]분기보고서_IFRS(원문XBRL)(2022.11.11).zip","4","cal_ifrs_for_01316245_2022-05-13.xml","ifrs_for_01316245/dimensions_ifrs_for_01316245/cal_ifrs_for_01316245_2022-05-13.xml",".xml","CALCULATION_LINKBASE","PASS",""
"298040","효성중공업","[효성중공업]분기보고서_IFRS(원문XBRL)(2022.11.11).zip","5","pre_ifrs_for_01316245_2022-05-13.xml","ifrs_for_01316245/dimensions_ifrs_for_01316245/pre_ifrs_for_01316245_2022-05-13.xml",".xml","PRESENTATION_LINKBASE","PASS",""
"298040","효성중공업","[효성중공업]분기보고서_IFRS(원문XBRL)(2022.11.11).zip","6","role_ifrs_for_01316245-dim_2022-05-13.xsd","ifrs_for_01316245/dimensions_ifrs_for_01316245/role_ifrs_for_01316245-dim_2022-05-13.xsd",".xsd","XSD_SCHEMA","NOT_REQUIRED",""
"298040","효성중공업","[효성중공업]분기보고서_IFRS(원문XBRL)(2022.11.11).zip","7","lab_01316245-ko_2022-05-13.xml","labels/lab_01316245-ko_2022-05-13.xml",".xml","LABEL_LINKBASE","PASS",""
"298040","효성중공업","[효성중공업]분기보고서_IFRS(원문XBRL)(2022.11.11).zip","8","lab_01316245-en_2022-05-13.xml","labels/lab_01316245-en_2022-05-13.xml",".xml","LABEL_LINKBASE","PASS",""
"298040","효성중공업","[효성중공업]분기보고서_IFRS(원문XBRL)(2023.05.12).zip","1","01316245_2018-08-13.xbrl","01316245_2018-08-13.xbrl",".xbrl","XBRL_INSTANCE","PASS",""
"298040","효성중공업","[효성중공업]분기보고서_IFRS(원문XBRL)(2023.05.12).zip","2","01316245_entry_point_2018-08-13.xsd","01316245_entry_point_2018-08-13.xsd",".xsd","XSD_SCHEMA","NOT_REQUIRED",""
"298040","효성중공업","[효성중공업]분기보고서_IFRS(원문XBRL)(2023.05.12).zip","3","dim_ifrs_for_01316245_2018-08-13.xml","ifrs_for_01316245/dimensions_ifrs_for_01316245/dim_ifrs_for_01316245_2018-08-13.xml",".xml","DEFINITION_LINKBASE","PASS",""
"298040","효성중공업","[효성중공업]분기보고서_IFRS(원문XBRL)(2023.05.12).zip","4","cal_ifrs_for_01316245_2018-08-13.xml","ifrs_for_01316245/dimensions_ifrs_for_01316245/cal_ifrs_for_01316245_2018-08-13.xml",".xml","CALCULATION_LINKBASE","PASS",""
"298040","효성중공업","[효성중공업]분기보고서_IFRS(원문XBRL)(2023.05.12).zip","5","pre_ifrs_for_01316245_2018-08-13.xml","ifrs_for_01316245/dimensions_ifrs_for_01316245/pre_ifrs_for_01316245_2018-08-13.xml",".xml","PRESENTATION_LINKBASE","PASS",""
"298040","효성중공업","[효성중공업]분기보고서_IFRS(원문XBRL)(2023.05.12).zip","6","role_ifrs_for_01316245-dim_2018-08-13.xsd","ifrs_for_01316245/dimensions_ifrs_for_01316245/role_ifrs_for_01316245-dim_2018-08-13.xsd",".xsd","XSD_SCHEMA","NOT_REQUIRED",""
"298040","효성중공업","[효성중공업]분기보고서_IFRS(원문XBRL)(2023.05.12).zip","7","lab_01316245-ko_2018-08-13.xml","labels/lab_01316245-ko_2018-08-13.xml",".xml","LABEL_LINKBASE","PASS",""
"298040","효성중공업","[효성중공업]분기보고서_IFRS(원문XBRL)(2023.05.12).zip","8","lab_01316245-en_2018-08-13.xml","labels/lab_01316245-en_2018-08-13.xml",".xml","LABEL_LINKBASE","PASS",""
"298040","효성중공업","[효성중공업]사업보고서_IFRS(원문XBRL)(2021.03.10).zip","1","01316245_2018-08-13.xbrl","01316245_2018-08-13.xbrl",".xbrl","XBRL_INSTANCE","PASS",""
"298040","효성중공업","[효성중공업]사업보고서_IFRS(원문XBRL)(2021.03.10).zip","2","01316245_entry_point_2018-08-13.xsd","01316245_entry_point_2018-08-13.xsd",".xsd","XSD_SCHEMA","NOT_REQUIRED",""
"298040","효성중공업","[효성중공업]사업보고서_IFRS(원문XBRL)(2021.03.10).zip","3","dim_ifrs_for_01316245_2018-08-13.xml","ifrs_for_01316245/dimensions_ifrs_for_01316245/dim_ifrs_for_01316245_2018-08-13.xml",".xml","DEFINITION_LINKBASE","PASS",""
"298040","효성중공업","[효성중공업]사업보고서_IFRS(원문XBRL)(2021.03.10).zip","4","cal_ifrs_for_01316245_2018-08-13.xml","ifrs_for_01316245/dimensions_ifrs_for_01316245/cal_ifrs_for_01316245_2018-08-13.xml",".xml","CALCULATION_LINKBASE","PASS",""
"298040","효성중공업","[효성중공업]사업보고서_IFRS(원문XBRL)(2021.03.10).zip","5","pre_ifrs_for_01316245_2018-08-13.xml","ifrs_for_01316245/dimensions_ifrs_for_01316245/pre_ifrs_for_01316245_2018-08-13.xml",".xml","PRESENTATION_LINKBASE","PASS",""
"298040","효성중공업","[효성중공업]사업보고서_IFRS(원문XBRL)(2021.03.10).zip","6","role_ifrs_for_01316245-dim_2018-08-13.xsd","ifrs_for_01316245/dimensions_ifrs_for_01316245/role_ifrs_for_01316245-dim_2018-08-13.xsd",".xsd","XSD_SCHEMA","NOT_REQUIRED",""
"298040","효성중공업","[효성중공업]사업보고서_IFRS(원문XBRL)(2021.03.10).zip","7","lab_01316245-ko_2018-08-13.xml","labels/lab_01316245-ko_2018-08-13.xml",".xml","LABEL_LINKBASE","PASS",""
"298040","효성중공업","[효성중공업]사업보고서_IFRS(원문XBRL)(2021.03.10).zip","8","lab_01316245-en_2018-08-13.xml","labels/lab_01316245-en_2018-08-13.xml",".xml","LABEL_LINKBASE","PASS",""
"010120","LS일렉트릭","[엘에스일렉트릭]반기보고서_IFRS(원문XBRL)(2021.08.17).zip","1","00105855_2011-05-24.xbrl","00105855_2011-05-24.xbrl",".xbrl","XBRL_INSTANCE","PASS",""
"010120","LS일렉트릭","[엘에스일렉트릭]반기보고서_IFRS(원문XBRL)(2021.08.17).zip","2","00105855_entry_point_2011-05-24.xsd","00105855_entry_point_2011-05-24.xsd",".xsd","XSD_SCHEMA","NOT_REQUIRED",""
"010120","LS일렉트릭","[엘에스일렉트릭]반기보고서_IFRS(원문XBRL)(2021.08.17).zip","3","dim_ifrs_for_00105855_2011-05-24.xml","ifrs_for_00105855/dimensions_ifrs_for_00105855/dim_ifrs_for_00105855_2011-05-24.xml",".xml","DEFINITION_LINKBASE","PASS",""
"010120","LS일렉트릭","[엘에스일렉트릭]반기보고서_IFRS(원문XBRL)(2021.08.17).zip","4","cal_ifrs_for_00105855_2011-05-24.xml","ifrs_for_00105855/dimensions_ifrs_for_00105855/cal_ifrs_for_00105855_2011-05-24.xml",".xml","CALCULATION_LINKBASE","PASS",""
"010120","LS일렉트릭","[엘에스일렉트릭]반기보고서_IFRS(원문XBRL)(2021.08.17).zip","5","pre_ifrs_for_00105855_2011-05-24.xml","ifrs_for_00105855/dimensions_ifrs_for_00105855/pre_ifrs_for_00105855_2011-05-24.xml",".xml","PRESENTATION_LINKBASE","PASS",""
"010120","LS일렉트릭","[엘에스일렉트릭]반기보고서_IFRS(원문XBRL)(2021.08.17).zip","6","role_ifrs_for_00105855-dim_2011-05-24.xsd","ifrs_for_00105855/dimensions_ifrs_for_00105855/role_ifrs_for_00105855-dim_2011-05-24.xsd",".xsd","XSD_SCHEMA","NOT_REQUIRED",""
"010120","LS일렉트릭","[엘에스일렉트릭]반기보고서_IFRS(원문XBRL)(2021.08.17).zip","7","lab_00105855-ko_2011-05-24.xml","labels/lab_00105855-ko_2011-05-24.xml",".xml","LABEL_LINKBASE","PASS",""
"010120","LS일렉트릭","[엘에스일렉트릭]반기보고서_IFRS(원문XBRL)(2021.08.17).zip","8","lab_00105855-en_2011-05-24.xml","labels/lab_00105855-en_2011-05-24.xml",".xml","LABEL_LINKBASE","PASS",""
"010120","LS일렉트릭","[엘에스일렉트릭]반기보고서_IFRS(원문XBRL)(2022.08.16).zip","1","00105855_2011-05-24.xbrl","00105855_2011-05-24.xbrl",".xbrl","XBRL_INSTANCE","PASS",""
"010120","LS일렉트릭","[엘에스일렉트릭]반기보고서_IFRS(원문XBRL)(2022.08.16).zip","2","00105855_entry_point_2011-05-24.xsd","00105855_entry_point_2011-05-24.xsd",".xsd","XSD_SCHEMA","NOT_REQUIRED",""
"010120","LS일렉트릭","[엘에스일렉트릭]반기보고서_IFRS(원문XBRL)(2022.08.16).zip","3","dim_ifrs_for_00105855_2011-05-24.xml","ifrs_for_00105855/dimensions_ifrs_for_00105855/dim_ifrs_for_00105855_2011-05-24.xml",".xml","DEFINITION_LINKBASE","PASS",""
"010120","LS일렉트릭","[엘에스일렉트릭]반기보고서_IFRS(원문XBRL)(2022.08.16).zip","4","cal_ifrs_for_00105855_2011-05-24.xml","ifrs_for_00105855/dimensions_ifrs_for_00105855/cal_ifrs_for_00105855_2011-05-24.xml",".xml","CALCULATION_LINKBASE","PASS",""
"010120","LS일렉트릭","[엘에스일렉트릭]반기보고서_IFRS(원문XBRL)(2022.08.16).zip","5","pre_ifrs_for_00105855_2011-05-24.xml","ifrs_for_00105855/dimensions_ifrs_for_00105855/pre_ifrs_for_00105855_2011-05-24.xml",".xml","PRESENTATION_LINKBASE","PASS",""
"010120","LS일렉트릭","[엘에스일렉트릭]반기보고서_IFRS(원문XBRL)(2022.08.16).zip","6","role_ifrs_for_00105855-dim_2011-05-24.xsd","ifrs_for_00105855/dimensions_ifrs_for_00105855/role_ifrs_for_00105855-dim_2011-05-24.xsd",".xsd","XSD_SCHEMA","NOT_REQUIRED",""
"010120","LS일렉트릭","[엘에스일렉트릭]반기보고서_IFRS(원문XBRL)(2022.08.16).zip","7","lab_00105855-ko_2011-05-24.xml","labels/lab_00105855-ko_2011-05-24.xml",".xml","LABEL_LINKBASE","PASS",""
"010120","LS일렉트릭","[엘에스일렉트릭]반기보고서_IFRS(원문XBRL)(2022.08.16).zip","8","lab_00105855-en_2011-05-24.xml","labels/lab_00105855-en_2011-05-24.xml",".xml","LABEL_LINKBASE","PASS",""
"010120","LS일렉트릭","[엘에스일렉트릭]반기보고서_IFRS(원문XBRL)(2023.08.14).zip","1","00105855_2011-05-24.xbrl","00105855_2011-05-24.xbrl",".xbrl","XBRL_INSTANCE","PASS",""
"010120","LS일렉트릭","[엘에스일렉트릭]반기보고서_IFRS(원문XBRL)(2023.08.14).zip","2","00105855_entry_point_2011-05-24.xsd","00105855_entry_point_2011-05-24.xsd",".xsd","XSD_SCHEMA","NOT_REQUIRED",""
"010120","LS일렉트릭","[엘에스일렉트릭]반기보고서_IFRS(원문XBRL)(2023.08.14).zip","3","dim_ifrs_for_00105855_2011-05-24.xml","ifrs_for_00105855/dimensions_ifrs_for_00105855/dim_ifrs_for_00105855_2011-05-24.xml",".xml","DEFINITION_LINKBASE","PASS",""
"010120","LS일렉트릭","[엘에스일렉트릭]반기보고서_IFRS(원문XBRL)(2023.08.14).zip","4","cal_ifrs_for_00105855_2011-05-24.xml","ifrs_for_00105855/dimensions_ifrs_for_00105855/cal_ifrs_for_00105855_2011-05-24.xml",".xml","CALCULATION_LINKBASE","PASS",""
"010120","LS일렉트릭","[엘에스일렉트릭]반기보고서_IFRS(원문XBRL)(2023.08.14).zip","5","pre_ifrs_for_00105855_2011-05-24.xml","ifrs_for_00105855/dimensions_ifrs_for_00105855/pre_ifrs_for_00105855_2011-05-24.xml",".xml","PRESENTATION_LINKBASE","PASS",""
"010120","LS일렉트릭","[엘에스일렉트릭]반기보고서_IFRS(원문XBRL)(2023.08.14).zip","6","role_ifrs_for_00105855-dim_2011-05-24.xsd","ifrs_for_00105855/dimensions_ifrs_for_00105855/role_ifrs_for_00105855-dim_2011-05-24.xsd",".xsd","XSD_SCHEMA","NOT_REQUIRED",""
"010120","LS일렉트릭","[엘에스일렉트릭]반기보고서_IFRS(원문XBRL)(2023.08.14).zip","7","lab_00105855-ko_2011-05-24.xml","labels/lab_00105855-ko_2011-05-24.xml",".xml","LABEL_LINKBASE","PASS",""
"010120","LS일렉트릭","[엘에스일렉트릭]반기보고서_IFRS(원문XBRL)(2023.08.14).zip","8","lab_00105855-en_2011-05-24.xml","labels/lab_00105855-en_2011-05-24.xml",".xml","LABEL_LINKBASE","PASS",""
"010120","LS일렉트릭","[엘에스일렉트릭]분기보고서_IFRS(원문XBRL)(2021.05.17).zip","1","00105855_2011-05-24.xbrl","00105855_2011-05-24.xbrl",".xbrl","XBRL_INSTANCE","PASS",""
"010120","LS일렉트릭","[엘에스일렉트릭]분기보고서_IFRS(원문XBRL)(2021.05.17).zip","2","00105855_entry_point_2011-05-24.xsd","00105855_entry_point_2011-05-24.xsd",".xsd","XSD_SCHEMA","NOT_REQUIRED",""
"010120","LS일렉트릭","[엘에스일렉트릭]분기보고서_IFRS(원문XBRL)(2021.05.17).zip","3","dim_ifrs_for_00105855_2011-05-24.xml","ifrs_for_00105855/dimensions_ifrs_for_00105855/dim_ifrs_for_00105855_2011-05-24.xml",".xml","DEFINITION_LINKBASE","PASS",""
"010120","LS일렉트릭","[엘에스일렉트릭]분기보고서_IFRS(원문XBRL)(2021.05.17).zip","4","cal_ifrs_for_00105855_2011-05-24.xml","ifrs_for_00105855/dimensions_ifrs_for_00105855/cal_ifrs_for_00105855_2011-05-24.xml",".xml","CALCULATION_LINKBASE","PASS",""
"010120","LS일렉트릭","[엘에스일렉트릭]분기보고서_IFRS(원문XBRL)(2021.05.17).zip","5","pre_ifrs_for_00105855_2011-05-24.xml","ifrs_for_00105855/dimensions_ifrs_for_00105855/pre_ifrs_for_00105855_2011-05-24.xml",".xml","PRESENTATION_LINKBASE","PASS",""
"010120","LS일렉트릭","[엘에스일렉트릭]분기보고서_IFRS(원문XBRL)(2021.05.17).zip","6","role_ifrs_for_00105855-dim_2011-05-24.xsd","ifrs_for_00105855/dimensions_ifrs_for_00105855/role_ifrs_for_00105855-dim_2011-05-24.xsd",".xsd","XSD_SCHEMA","NOT_REQUIRED",""
"010120","LS일렉트릭","[엘에스일렉트릭]분기보고서_IFRS(원문XBRL)(2021.05.17).zip","7","lab_00105855-ko_2011-05-24.xml","labels/lab_00105855-ko_2011-05-24.xml",".xml","LABEL_LINKBASE","PASS",""
"010120","LS일렉트릭","[엘에스일렉트릭]분기보고서_IFRS(원문XBRL)(2021.05.17).zip","8","lab_00105855-en_2011-05-24.xml","labels/lab_00105855-en_2011-05-24.xml",".xml","LABEL_LINKBASE","PASS",""
"010120","LS일렉트릭","[엘에스일렉트릭]분기보고서_IFRS(원문XBRL)(2021.11.15).zip","1","00105855_2011-05-24.xbrl","00105855_2011-05-24.xbrl",".xbrl","XBRL_INSTANCE","PASS",""
"010120","LS일렉트릭","[엘에스일렉트릭]분기보고서_IFRS(원문XBRL)(2021.11.15).zip","2","00105855_entry_point_2011-05-24.xsd","00105855_entry_point_2011-05-24.xsd",".xsd","XSD_SCHEMA","NOT_REQUIRED",""
"010120","LS일렉트릭","[엘에스일렉트릭]분기보고서_IFRS(원문XBRL)(2021.11.15).zip","3","dim_ifrs_for_00105855_2011-05-24.xml","ifrs_for_00105855/dimensions_ifrs_for_00105855/dim_ifrs_for_00105855_2011-05-24.xml",".xml","DEFINITION_LINKBASE","PASS",""
"010120","LS일렉트릭","[엘에스일렉트릭]분기보고서_IFRS(원문XBRL)(2021.11.15).zip","4","cal_ifrs_for_00105855_2011-05-24.xml","ifrs_for_00105855/dimensions_ifrs_for_00105855/cal_ifrs_for_00105855_2011-05-24.xml",".xml","CALCULATION_LINKBASE","PASS",""
"010120","LS일렉트릭","[엘에스일렉트릭]분기보고서_IFRS(원문XBRL)(2021.11.15).zip","5","pre_ifrs_for_00105855_2011-05-24.xml","ifrs_for_00105855/dimensions_ifrs_for_00105855/pre_ifrs_for_00105855_2011-05-24.xml",".xml","PRESENTATION_LINKBASE","PASS",""
"010120","LS일렉트릭","[엘에스일렉트릭]분기보고서_IFRS(원문XBRL)(2021.11.15).zip","6","role_ifrs_for_00105855-dim_2011-05-24.xsd","ifrs_for_00105855/dimensions_ifrs_for_00105855/role_ifrs_for_00105855-dim_2011-05-24.xsd",".xsd","XSD_SCHEMA","NOT_REQUIRED",""
"010120","LS일렉트릭","[엘에스일렉트릭]분기보고서_IFRS(원문XBRL)(2021.11.15).zip","7","lab_00105855-ko_2011-05-24.xml","labels/lab_00105855-ko_2011-05-24.xml",".xml","LABEL_LINKBASE","PASS",""
"010120","LS일렉트릭","[엘에스일렉트릭]분기보고서_IFRS(원문XBRL)(2021.11.15).zip","8","lab_00105855-en_2011-05-24.xml","labels/lab_00105855-en_2011-05-24.xml",".xml","LABEL_LINKBASE","PASS",""
"010120","LS일렉트릭","[엘에스일렉트릭]분기보고서_IFRS(원문XBRL)(2022.05.16).zip","1","00105855_2011-05-24.xbrl","00105855_2011-05-24.xbrl",".xbrl","XBRL_INSTANCE","PASS",""
"010120","LS일렉트릭","[엘에스일렉트릭]분기보고서_IFRS(원문XBRL)(2022.05.16).zip","2","00105855_entry_point_2011-05-24.xsd","00105855_entry_point_2011-05-24.xsd",".xsd","XSD_SCHEMA","NOT_REQUIRED",""
"010120","LS일렉트릭","[엘에스일렉트릭]분기보고서_IFRS(원문XBRL)(2022.05.16).zip","3","dim_ifrs_for_00105855_2011-05-24.xml","ifrs_for_00105855/dimensions_ifrs_for_00105855/dim_ifrs_for_00105855_2011-05-24.xml",".xml","DEFINITION_LINKBASE","PASS",""
"010120","LS일렉트릭","[엘에스일렉트릭]분기보고서_IFRS(원문XBRL)(2022.05.16).zip","4","cal_ifrs_for_00105855_2011-05-24.xml","ifrs_for_00105855/dimensions_ifrs_for_00105855/cal_ifrs_for_00105855_2011-05-24.xml",".xml","CALCULATION_LINKBASE","PASS",""
"010120","LS일렉트릭","[엘에스일렉트릭]분기보고서_IFRS(원문XBRL)(2022.05.16).zip","5","pre_ifrs_for_00105855_2011-05-24.xml","ifrs_for_00105855/dimensions_ifrs_for_00105855/pre_ifrs_for_00105855_2011-05-24.xml",".xml","PRESENTATION_LINKBASE","PASS",""
"010120","LS일렉트릭","[엘에스일렉트릭]분기보고서_IFRS(원문XBRL)(2022.05.16).zip","6","role_ifrs_for_00105855-dim_2011-05-24.xsd","ifrs_for_00105855/dimensions_ifrs_for_00105855/role_ifrs_for_00105855-dim_2011-05-24.xsd",".xsd","XSD_SCHEMA","NOT_REQUIRED",""
"010120","LS일렉트릭","[엘에스일렉트릭]분기보고서_IFRS(원문XBRL)(2022.05.16).zip","7","lab_00105855-ko_2011-05-24.xml","labels/lab_00105855-ko_2011-05-24.xml",".xml","LABEL_LINKBASE","PASS",""
"010120","LS일렉트릭","[엘에스일렉트릭]분기보고서_IFRS(원문XBRL)(2022.05.16).zip","8","lab_00105855-en_2011-05-24.xml","labels/lab_00105855-en_2011-05-24.xml",".xml","LABEL_LINKBASE","PASS",""
"010120","LS일렉트릭","[엘에스일렉트릭]분기보고서_IFRS(원문XBRL)(2022.11.14).zip","1","00105855_2011-05-24.xbrl","00105855_2011-05-24.xbrl",".xbrl","XBRL_INSTANCE","PASS",""
"010120","LS일렉트릭","[엘에스일렉트릭]분기보고서_IFRS(원문XBRL)(2022.11.14).zip","2","00105855_entry_point_2011-05-24.xsd","00105855_entry_point_2011-05-24.xsd",".xsd","XSD_SCHEMA","NOT_REQUIRED",""
"010120","LS일렉트릭","[엘에스일렉트릭]분기보고서_IFRS(원문XBRL)(2022.11.14).zip","3","dim_ifrs_for_00105855_2011-05-24.xml","ifrs_for_00105855/dimensions_ifrs_for_00105855/dim_ifrs_for_00105855_2011-05-24.xml",".xml","DEFINITION_LINKBASE","PASS",""
"010120","LS일렉트릭","[엘에스일렉트릭]분기보고서_IFRS(원문XBRL)(2022.11.14).zip","4","cal_ifrs_for_00105855_2011-05-24.xml","ifrs_for_00105855/dimensions_ifrs_for_00105855/cal_ifrs_for_00105855_2011-05-24.xml",".xml","CALCULATION_LINKBASE","PASS",""
"010120","LS일렉트릭","[엘에스일렉트릭]분기보고서_IFRS(원문XBRL)(2022.11.14).zip","5","pre_ifrs_for_00105855_2011-05-24.xml","ifrs_for_00105855/dimensions_ifrs_for_00105855/pre_ifrs_for_00105855_2011-05-24.xml",".xml","PRESENTATION_LINKBASE","PASS",""
"010120","LS일렉트릭","[엘에스일렉트릭]분기보고서_IFRS(원문XBRL)(2022.11.14).zip","6","role_ifrs_for_00105855-dim_2011-05-24.xsd","ifrs_for_00105855/dimensions_ifrs_for_00105855/role_ifrs_for_00105855-dim_2011-05-24.xsd",".xsd","XSD_SCHEMA","NOT_REQUIRED",""
"010120","LS일렉트릭","[엘에스일렉트릭]분기보고서_IFRS(원문XBRL)(2022.11.14).zip","7","lab_00105855-ko_2011-05-24.xml","labels/lab_00105855-ko_2011-05-24.xml",".xml","LABEL_LINKBASE","PASS",""
"010120","LS일렉트릭","[엘에스일렉트릭]분기보고서_IFRS(원문XBRL)(2022.11.14).zip","8","lab_00105855-en_2011-05-24.xml","labels/lab_00105855-en_2011-05-24.xml",".xml","LABEL_LINKBASE","PASS",""
"010120","LS일렉트릭","[엘에스일렉트릭]분기보고서_IFRS(원문XBRL)(2023.05.15).zip","1","00105855_2011-05-24.xbrl","00105855_2011-05-24.xbrl",".xbrl","XBRL_INSTANCE","PASS",""
"010120","LS일렉트릭","[엘에스일렉트릭]분기보고서_IFRS(원문XBRL)(2023.05.15).zip","2","00105855_entry_point_2011-05-24.xsd","00105855_entry_point_2011-05-24.xsd",".xsd","XSD_SCHEMA","NOT_REQUIRED",""
"010120","LS일렉트릭","[엘에스일렉트릭]분기보고서_IFRS(원문XBRL)(2023.05.15).zip","3","dim_ifrs_for_00105855_2011-05-24.xml","ifrs_for_00105855/dimensions_ifrs_for_00105855/dim_ifrs_for_00105855_2011-05-24.xml",".xml","DEFINITION_LINKBASE","PASS",""
"010120","LS일렉트릭","[엘에스일렉트릭]분기보고서_IFRS(원문XBRL)(2023.05.15).zip","4","cal_ifrs_for_00105855_2011-05-24.xml","ifrs_for_00105855/dimensions_ifrs_for_00105855/cal_ifrs_for_00105855_2011-05-24.xml",".xml","CALCULATION_LINKBASE","PASS",""
"010120","LS일렉트릭","[엘에스일렉트릭]분기보고서_IFRS(원문XBRL)(2023.05.15).zip","5","pre_ifrs_for_00105855_2011-05-24.xml","ifrs_for_00105855/dimensions_ifrs_for_00105855/pre_ifrs_for_00105855_2011-05-24.xml",".xml","PRESENTATION_LINKBASE","PASS",""
"010120","LS일렉트릭","[엘에스일렉트릭]분기보고서_IFRS(원문XBRL)(2023.05.15).zip","6","role_ifrs_for_00105855-dim_2011-05-24.xsd","ifrs_for_00105855/dimensions_ifrs_for_00105855/role_ifrs_for_00105855-dim_2011-05-24.xsd",".xsd","XSD_SCHEMA","NOT_REQUIRED",""
"010120","LS일렉트릭","[엘에스일렉트릭]분기보고서_IFRS(원문XBRL)(2023.05.15).zip","7","lab_00105855-ko_2011-05-24.xml","labels/lab_00105855-ko_2011-05-24.xml",".xml","LABEL_LINKBASE","PASS",""
"010120","LS일렉트릭","[엘에스일렉트릭]분기보고서_IFRS(원문XBRL)(2023.05.15).zip","8","lab_00105855-en_2011-05-24.xml","labels/lab_00105855-en_2011-05-24.xml",".xml","LABEL_LINKBASE","PASS",""
"010120","LS일렉트릭","[엘에스일렉트릭]사업보고서_IFRS(원문XBRL)(2021.03.19).zip","1","00105855_2011-05-24.xbrl","00105855_2011-05-24.xbrl",".xbrl","XBRL_INSTANCE","PASS",""
"010120","LS일렉트릭","[엘에스일렉트릭]사업보고서_IFRS(원문XBRL)(2021.03.19).zip","2","00105855_entry_point_2011-05-24.xsd","00105855_entry_point_2011-05-24.xsd",".xsd","XSD_SCHEMA","NOT_REQUIRED",""
"010120","LS일렉트릭","[엘에스일렉트릭]사업보고서_IFRS(원문XBRL)(2021.03.19).zip","3","dim_ifrs_for_00105855_2011-05-24.xml","ifrs_for_00105855/dimensions_ifrs_for_00105855/dim_ifrs_for_00105855_2011-05-24.xml",".xml","DEFINITION_LINKBASE","PASS",""
"010120","LS일렉트릭","[엘에스일렉트릭]사업보고서_IFRS(원문XBRL)(2021.03.19).zip","4","cal_ifrs_for_00105855_2011-05-24.xml","ifrs_for_00105855/dimensions_ifrs_for_00105855/cal_ifrs_for_00105855_2011-05-24.xml",".xml","CALCULATION_LINKBASE","PASS",""
"010120","LS일렉트릭","[엘에스일렉트릭]사업보고서_IFRS(원문XBRL)(2021.03.19).zip","5","pre_ifrs_for_00105855_2011-05-24.xml","ifrs_for_00105855/dimensions_ifrs_for_00105855/pre_ifrs_for_00105855_2011-05-24.xml",".xml","PRESENTATION_LINKBASE","PASS",""
"010120","LS일렉트릭","[엘에스일렉트릭]사업보고서_IFRS(원문XBRL)(2021.03.19).zip","6","role_ifrs_for_00105855-dim_2011-05-24.xsd","ifrs_for_00105855/dimensions_ifrs_for_00105855/role_ifrs_for_00105855-dim_2011-05-24.xsd",".xsd","XSD_SCHEMA","NOT_REQUIRED",""
"010120","LS일렉트릭","[엘에스일렉트릭]사업보고서_IFRS(원문XBRL)(2021.03.19).zip","7","lab_00105855-ko_2011-05-24.xml","labels/lab_00105855-ko_2011-05-24.xml",".xml","LABEL_LINKBASE","PASS",""
"010120","LS일렉트릭","[엘에스일렉트릭]사업보고서_IFRS(원문XBRL)(2021.03.19).zip","8","lab_00105855-en_2011-05-24.xml","labels/lab_00105855-en_2011-05-24.xml",".xml","LABEL_LINKBASE","PASS",""
"010120","LS일렉트릭","[엘에스일렉트릭]사업보고서_IFRS(원문XBRL)(2022.03.18).zip","1","00105855_2011-05-24.xbrl","00105855_2011-05-24.xbrl",".xbrl","XBRL_INSTANCE","PASS",""
"010120","LS일렉트릭","[엘에스일렉트릭]사업보고서_IFRS(원문XBRL)(2022.03.18).zip","2","00105855_entry_point_2011-05-24.xsd","00105855_entry_point_2011-05-24.xsd",".xsd","XSD_SCHEMA","NOT_REQUIRED",""
"010120","LS일렉트릭","[엘에스일렉트릭]사업보고서_IFRS(원문XBRL)(2022.03.18).zip","3","dim_ifrs_for_00105855_2011-05-24.xml","ifrs_for_00105855/dimensions_ifrs_for_00105855/dim_ifrs_for_00105855_2011-05-24.xml",".xml","DEFINITION_LINKBASE","PASS",""
"010120","LS일렉트릭","[엘에스일렉트릭]사업보고서_IFRS(원문XBRL)(2022.03.18).zip","4","cal_ifrs_for_00105855_2011-05-24.xml","ifrs_for_00105855/dimensions_ifrs_for_00105855/cal_ifrs_for_00105855_2011-05-24.xml",".xml","CALCULATION_LINKBASE","PASS",""
"010120","LS일렉트릭","[엘에스일렉트릭]사업보고서_IFRS(원문XBRL)(2022.03.18).zip","5","pre_ifrs_for_00105855_2011-05-24.xml","ifrs_for_00105855/dimensions_ifrs_for_00105855/pre_ifrs_for_00105855_2011-05-24.xml",".xml","PRESENTATION_LINKBASE","PASS",""
"010120","LS일렉트릭","[엘에스일렉트릭]사업보고서_IFRS(원문XBRL)(2022.03.18).zip","6","role_ifrs_for_00105855-dim_2011-05-24.xsd","ifrs_for_00105855/dimensions_ifrs_for_00105855/role_ifrs_for_00105855-dim_2011-05-24.xsd",".xsd","XSD_SCHEMA","NOT_REQUIRED",""
"010120","LS일렉트릭","[엘에스일렉트릭]사업보고서_IFRS(원문XBRL)(2022.03.18).zip","7","lab_00105855-ko_2011-05-24.xml","labels/lab_00105855-ko_2011-05-24.xml",".xml","LABEL_LINKBASE","PASS",""
"010120","LS일렉트릭","[엘에스일렉트릭]사업보고서_IFRS(원문XBRL)(2022.03.18).zip","8","lab_00105855-en_2011-05-24.xml","labels/lab_00105855-en_2011-05-24.xml",".xml","LABEL_LINKBASE","PASS",""
"010120","LS일렉트릭","[엘에스일렉트릭]사업보고서_IFRS(원문XBRL)(2023.03.20).zip","1","00105855_2011-05-24.xbrl","00105855_2011-05-24.xbrl",".xbrl","XBRL_INSTANCE","PASS",""
"010120","LS일렉트릭","[엘에스일렉트릭]사업보고서_IFRS(원문XBRL)(2023.03.20).zip","2","00105855_entry_point_2011-05-24.xsd","00105855_entry_point_2011-05-24.xsd",".xsd","XSD_SCHEMA","NOT_REQUIRED",""
"010120","LS일렉트릭","[엘에스일렉트릭]사업보고서_IFRS(원문XBRL)(2023.03.20).zip","3","dim_ifrs_for_00105855_2011-05-24.xml","ifrs_for_00105855/dimensions_ifrs_for_00105855/dim_ifrs_for_00105855_2011-05-24.xml",".xml","DEFINITION_LINKBASE","PASS",""
"010120","LS일렉트릭","[엘에스일렉트릭]사업보고서_IFRS(원문XBRL)(2023.03.20).zip","4","cal_ifrs_for_00105855_2011-05-24.xml","ifrs_for_00105855/dimensions_ifrs_for_00105855/cal_ifrs_for_00105855_2011-05-24.xml",".xml","CALCULATION_LINKBASE","PASS",""
"010120","LS일렉트릭","[엘에스일렉트릭]사업보고서_IFRS(원문XBRL)(2023.03.20).zip","5","pre_ifrs_for_00105855_2011-05-24.xml","ifrs_for_00105855/dimensions_ifrs_for_00105855/pre_ifrs_for_00105855_2011-05-24.xml",".xml","PRESENTATION_LINKBASE","PASS",""
"010120","LS일렉트릭","[엘에스일렉트릭]사업보고서_IFRS(원문XBRL)(2023.03.20).zip","6","role_ifrs_for_00105855-dim_2011-05-24.xsd","ifrs_for_00105855/dimensions_ifrs_for_00105855/role_ifrs_for_00105855-dim_2011-05-24.xsd",".xsd","XSD_SCHEMA","NOT_REQUIRED",""
"010120","LS일렉트릭","[엘에스일렉트릭]사업보고서_IFRS(원문XBRL)(2023.03.20).zip","7","lab_00105855-ko_2011-05-24.xml","labels/lab_00105855-ko_2011-05-24.xml",".xml","LABEL_LINKBASE","PASS",""
"010120","LS일렉트릭","[엘에스일렉트릭]사업보고서_IFRS(원문XBRL)(2023.03.20).zip","8","lab_00105855-en_2011-05-24.xml","labels/lab_00105855-en_2011-05-24.xml",".xml","LABEL_LINKBASE","PASS",""
"267260","HD현대일렉트릭","[HD현대일렉트릭]반기보고서_IFRS(원문XBRL)(2020.08.14).zip","1","01205851_2017-06-30.xbrl","01205851_2017-06-30.xbrl",".xbrl","XBRL_INSTANCE","PASS",""
"267260","HD현대일렉트릭","[HD현대일렉트릭]반기보고서_IFRS(원문XBRL)(2020.08.14).zip","2","01205851_entry_point_2017-06-30.xsd","01205851_entry_point_2017-06-30.xsd",".xsd","XSD_SCHEMA","NOT_REQUIRED",""
"267260","HD현대일렉트릭","[HD현대일렉트릭]반기보고서_IFRS(원문XBRL)(2020.08.14).zip","3","dim_ifrs_for_01205851_2017-06-30.xml","ifrs_for_01205851/dimensions_ifrs_for_01205851/dim_ifrs_for_01205851_2017-06-30.xml",".xml","DEFINITION_LINKBASE","PASS",""
"267260","HD현대일렉트릭","[HD현대일렉트릭]반기보고서_IFRS(원문XBRL)(2020.08.14).zip","4","cal_ifrs_for_01205851_2017-06-30.xml","ifrs_for_01205851/dimensions_ifrs_for_01205851/cal_ifrs_for_01205851_2017-06-30.xml",".xml","CALCULATION_LINKBASE","PASS",""
"267260","HD현대일렉트릭","[HD현대일렉트릭]반기보고서_IFRS(원문XBRL)(2020.08.14).zip","5","pre_ifrs_for_01205851_2017-06-30.xml","ifrs_for_01205851/dimensions_ifrs_for_01205851/pre_ifrs_for_01205851_2017-06-30.xml",".xml","PRESENTATION_LINKBASE","PASS",""
"267260","HD현대일렉트릭","[HD현대일렉트릭]반기보고서_IFRS(원문XBRL)(2020.08.14).zip","6","role_ifrs_for_01205851-dim_2017-06-30.xsd","ifrs_for_01205851/dimensions_ifrs_for_01205851/role_ifrs_for_01205851-dim_2017-06-30.xsd",".xsd","XSD_SCHEMA","NOT_REQUIRED",""
"267260","HD현대일렉트릭","[HD현대일렉트릭]반기보고서_IFRS(원문XBRL)(2020.08.14).zip","7","lab_01205851-ko_2017-06-30.xml","labels/lab_01205851-ko_2017-06-30.xml",".xml","LABEL_LINKBASE","PASS",""
"267260","HD현대일렉트릭","[HD현대일렉트릭]반기보고서_IFRS(원문XBRL)(2020.08.14).zip","8","lab_01205851-en_2017-06-30.xml","labels/lab_01205851-en_2017-06-30.xml",".xml","LABEL_LINKBASE","PASS",""
"267260","HD현대일렉트릭","[HD현대일렉트릭]반기보고서_IFRS(원문XBRL)(2021.08.17).zip","1","01205851_2017-06-30.xbrl","01205851_2017-06-30.xbrl",".xbrl","XBRL_INSTANCE","PASS",""
"267260","HD현대일렉트릭","[HD현대일렉트릭]반기보고서_IFRS(원문XBRL)(2021.08.17).zip","2","01205851_entry_point_2017-06-30.xsd","01205851_entry_point_2017-06-30.xsd",".xsd","XSD_SCHEMA","NOT_REQUIRED",""
"267260","HD현대일렉트릭","[HD현대일렉트릭]반기보고서_IFRS(원문XBRL)(2021.08.17).zip","3","dim_ifrs_for_01205851_2017-06-30.xml","ifrs_for_01205851/dimensions_ifrs_for_01205851/dim_ifrs_for_01205851_2017-06-30.xml",".xml","DEFINITION_LINKBASE","PASS",""
"267260","HD현대일렉트릭","[HD현대일렉트릭]반기보고서_IFRS(원문XBRL)(2021.08.17).zip","4","cal_ifrs_for_01205851_2017-06-30.xml","ifrs_for_01205851/dimensions_ifrs_for_01205851/cal_ifrs_for_01205851_2017-06-30.xml",".xml","CALCULATION_LINKBASE","PASS",""
"267260","HD현대일렉트릭","[HD현대일렉트릭]반기보고서_IFRS(원문XBRL)(2021.08.17).zip","5","pre_ifrs_for_01205851_2017-06-30.xml","ifrs_for_01205851/dimensions_ifrs_for_01205851/pre_ifrs_for_01205851_2017-06-30.xml",".xml","PRESENTATION_LINKBASE","PASS",""
"267260","HD현대일렉트릭","[HD현대일렉트릭]반기보고서_IFRS(원문XBRL)(2021.08.17).zip","6","role_ifrs_for_01205851-dim_2017-06-30.xsd","ifrs_for_01205851/dimensions_ifrs_for_01205851/role_ifrs_for_01205851-dim_2017-06-30.xsd",".xsd","XSD_SCHEMA","NOT_REQUIRED",""
"267260","HD현대일렉트릭","[HD현대일렉트릭]반기보고서_IFRS(원문XBRL)(2021.08.17).zip","7","lab_01205851-ko_2017-06-30.xml","labels/lab_01205851-ko_2017-06-30.xml",".xml","LABEL_LINKBASE","PASS",""
"267260","HD현대일렉트릭","[HD현대일렉트릭]반기보고서_IFRS(원문XBRL)(2021.08.17).zip","8","lab_01205851-en_2017-06-30.xml","labels/lab_01205851-en_2017-06-30.xml",".xml","LABEL_LINKBASE","PASS",""
"267260","HD현대일렉트릭","[HD현대일렉트릭]반기보고서_IFRS(원문XBRL)(2022.08.16).zip","1","01205851_2017-06-30.xbrl","01205851_2017-06-30.xbrl",".xbrl","XBRL_INSTANCE","PASS",""
"267260","HD현대일렉트릭","[HD현대일렉트릭]반기보고서_IFRS(원문XBRL)(2022.08.16).zip","2","01205851_entry_point_2017-06-30.xsd","01205851_entry_point_2017-06-30.xsd",".xsd","XSD_SCHEMA","NOT_REQUIRED",""
"267260","HD현대일렉트릭","[HD현대일렉트릭]반기보고서_IFRS(원문XBRL)(2022.08.16).zip","3","dim_ifrs_for_01205851_2017-06-30.xml","ifrs_for_01205851/dimensions_ifrs_for_01205851/dim_ifrs_for_01205851_2017-06-30.xml",".xml","DEFINITION_LINKBASE","PASS",""
"267260","HD현대일렉트릭","[HD현대일렉트릭]반기보고서_IFRS(원문XBRL)(2022.08.16).zip","4","cal_ifrs_for_01205851_2017-06-30.xml","ifrs_for_01205851/dimensions_ifrs_for_01205851/cal_ifrs_for_01205851_2017-06-30.xml",".xml","CALCULATION_LINKBASE","PASS",""
"267260","HD현대일렉트릭","[HD현대일렉트릭]반기보고서_IFRS(원문XBRL)(2022.08.16).zip","5","pre_ifrs_for_01205851_2017-06-30.xml","ifrs_for_01205851/dimensions_ifrs_for_01205851/pre_ifrs_for_01205851_2017-06-30.xml",".xml","PRESENTATION_LINKBASE","PASS",""
"267260","HD현대일렉트릭","[HD현대일렉트릭]반기보고서_IFRS(원문XBRL)(2022.08.16).zip","6","role_ifrs_for_01205851-dim_2017-06-30.xsd","ifrs_for_01205851/dimensions_ifrs_for_01205851/role_ifrs_for_01205851-dim_2017-06-30.xsd",".xsd","XSD_SCHEMA","NOT_REQUIRED",""
"267260","HD현대일렉트릭","[HD현대일렉트릭]반기보고서_IFRS(원문XBRL)(2022.08.16).zip","7","lab_01205851-ko_2017-06-30.xml","labels/lab_01205851-ko_2017-06-30.xml",".xml","LABEL_LINKBASE","PASS",""
"267260","HD현대일렉트릭","[HD현대일렉트릭]반기보고서_IFRS(원문XBRL)(2022.08.16).zip","8","lab_01205851-en_2017-06-30.xml","labels/lab_01205851-en_2017-06-30.xml",".xml","LABEL_LINKBASE","PASS",""
"267260","HD현대일렉트릭","[HD현대일렉트릭]반기보고서_IFRS(원문XBRL)(2023.08.14).zip","1","01205851_2017-06-30.xbrl","01205851_2017-06-30.xbrl",".xbrl","XBRL_INSTANCE","PASS",""
"267260","HD현대일렉트릭","[HD현대일렉트릭]반기보고서_IFRS(원문XBRL)(2023.08.14).zip","2","01205851_entry_point_2017-06-30.xsd","01205851_entry_point_2017-06-30.xsd",".xsd","XSD_SCHEMA","NOT_REQUIRED",""
"267260","HD현대일렉트릭","[HD현대일렉트릭]반기보고서_IFRS(원문XBRL)(2023.08.14).zip","3","dim_ifrs_for_01205851_2017-06-30.xml","ifrs_for_01205851/dimensions_ifrs_for_01205851/dim_ifrs_for_01205851_2017-06-30.xml",".xml","DEFINITION_LINKBASE","PASS",""
"267260","HD현대일렉트릭","[HD현대일렉트릭]반기보고서_IFRS(원문XBRL)(2023.08.14).zip","4","cal_ifrs_for_01205851_2017-06-30.xml","ifrs_for_01205851/dimensions_ifrs_for_01205851/cal_ifrs_for_01205851_2017-06-30.xml",".xml","CALCULATION_LINKBASE","PASS",""
"267260","HD현대일렉트릭","[HD현대일렉트릭]반기보고서_IFRS(원문XBRL)(2023.08.14).zip","5","pre_ifrs_for_01205851_2017-06-30.xml","ifrs_for_01205851/dimensions_ifrs_for_01205851/pre_ifrs_for_01205851_2017-06-30.xml",".xml","PRESENTATION_LINKBASE","PASS",""
"267260","HD현대일렉트릭","[HD현대일렉트릭]반기보고서_IFRS(원문XBRL)(2023.08.14).zip","6","role_ifrs_for_01205851-dim_2017-06-30.xsd","ifrs_for_01205851/dimensions_ifrs_for_01205851/role_ifrs_for_01205851-dim_2017-06-30.xsd",".xsd","XSD_SCHEMA","NOT_REQUIRED",""
"267260","HD현대일렉트릭","[HD현대일렉트릭]반기보고서_IFRS(원문XBRL)(2023.08.14).zip","7","lab_01205851-ko_2017-06-30.xml","labels/lab_01205851-ko_2017-06-30.xml",".xml","LABEL_LINKBASE","PASS",""
"267260","HD현대일렉트릭","[HD현대일렉트릭]반기보고서_IFRS(원문XBRL)(2023.08.14).zip","8","lab_01205851-en_2017-06-30.xml","labels/lab_01205851-en_2017-06-30.xml",".xml","LABEL_LINKBASE","PASS",""
"267260","HD현대일렉트릭","[HD현대일렉트릭]분기보고서_IFRS(원문XBRL)(2020.11.16).zip","1","01205851_2017-06-30.xbrl","01205851_2017-06-30.xbrl",".xbrl","XBRL_INSTANCE","PASS",""
"267260","HD현대일렉트릭","[HD현대일렉트릭]분기보고서_IFRS(원문XBRL)(2020.11.16).zip","2","01205851_entry_point_2017-06-30.xsd","01205851_entry_point_2017-06-30.xsd",".xsd","XSD_SCHEMA","NOT_REQUIRED",""
"267260","HD현대일렉트릭","[HD현대일렉트릭]분기보고서_IFRS(원문XBRL)(2020.11.16).zip","3","dim_ifrs_for_01205851_2017-06-30.xml","ifrs_for_01205851/dimensions_ifrs_for_01205851/dim_ifrs_for_01205851_2017-06-30.xml",".xml","DEFINITION_LINKBASE","PASS",""
"267260","HD현대일렉트릭","[HD현대일렉트릭]분기보고서_IFRS(원문XBRL)(2020.11.16).zip","4","cal_ifrs_for_01205851_2017-06-30.xml","ifrs_for_01205851/dimensions_ifrs_for_01205851/cal_ifrs_for_01205851_2017-06-30.xml",".xml","CALCULATION_LINKBASE","PASS",""
"267260","HD현대일렉트릭","[HD현대일렉트릭]분기보고서_IFRS(원문XBRL)(2020.11.16).zip","5","pre_ifrs_for_01205851_2017-06-30.xml","ifrs_for_01205851/dimensions_ifrs_for_01205851/pre_ifrs_for_01205851_2017-06-30.xml",".xml","PRESENTATION_LINKBASE","PASS",""
"267260","HD현대일렉트릭","[HD현대일렉트릭]분기보고서_IFRS(원문XBRL)(2020.11.16).zip","6","role_ifrs_for_01205851-dim_2017-06-30.xsd","ifrs_for_01205851/dimensions_ifrs_for_01205851/role_ifrs_for_01205851-dim_2017-06-30.xsd",".xsd","XSD_SCHEMA","NOT_REQUIRED",""
"267260","HD현대일렉트릭","[HD현대일렉트릭]분기보고서_IFRS(원문XBRL)(2020.11.16).zip","7","lab_01205851-ko_2017-06-30.xml","labels/lab_01205851-ko_2017-06-30.xml",".xml","LABEL_LINKBASE","PASS",""
"267260","HD현대일렉트릭","[HD현대일렉트릭]분기보고서_IFRS(원문XBRL)(2020.11.16).zip","8","lab_01205851-en_2017-06-30.xml","labels/lab_01205851-en_2017-06-30.xml",".xml","LABEL_LINKBASE","PASS",""
"267260","HD현대일렉트릭","[HD현대일렉트릭]분기보고서_IFRS(원문XBRL)(2021.05.17).zip","1","01205851_2017-06-30.xbrl","01205851_2017-06-30.xbrl",".xbrl","XBRL_INSTANCE","PASS",""
"267260","HD현대일렉트릭","[HD현대일렉트릭]분기보고서_IFRS(원문XBRL)(2021.05.17).zip","2","01205851_entry_point_2017-06-30.xsd","01205851_entry_point_2017-06-30.xsd",".xsd","XSD_SCHEMA","NOT_REQUIRED",""
"267260","HD현대일렉트릭","[HD현대일렉트릭]분기보고서_IFRS(원문XBRL)(2021.05.17).zip","3","dim_ifrs_for_01205851_2017-06-30.xml","ifrs_for_01205851/dimensions_ifrs_for_01205851/dim_ifrs_for_01205851_2017-06-30.xml",".xml","DEFINITION_LINKBASE","PASS",""
"267260","HD현대일렉트릭","[HD현대일렉트릭]분기보고서_IFRS(원문XBRL)(2021.05.17).zip","4","cal_ifrs_for_01205851_2017-06-30.xml","ifrs_for_01205851/dimensions_ifrs_for_01205851/cal_ifrs_for_01205851_2017-06-30.xml",".xml","CALCULATION_LINKBASE","PASS",""
"267260","HD현대일렉트릭","[HD현대일렉트릭]분기보고서_IFRS(원문XBRL)(2021.05.17).zip","5","pre_ifrs_for_01205851_2017-06-30.xml","ifrs_for_01205851/dimensions_ifrs_for_01205851/pre_ifrs_for_01205851_2017-06-30.xml",".xml","PRESENTATION_LINKBASE","PASS",""
"267260","HD현대일렉트릭","[HD현대일렉트릭]분기보고서_IFRS(원문XBRL)(2021.05.17).zip","6","role_ifrs_for_01205851-dim_2017-06-30.xsd","ifrs_for_01205851/dimensions_ifrs_for_01205851/role_ifrs_for_01205851-dim_2017-06-30.xsd",".xsd","XSD_SCHEMA","NOT_REQUIRED",""
"267260","HD현대일렉트릭","[HD현대일렉트릭]분기보고서_IFRS(원문XBRL)(2021.05.17).zip","7","lab_01205851-ko_2017-06-30.xml","labels/lab_01205851-ko_2017-06-30.xml",".xml","LABEL_LINKBASE","PASS",""
"267260","HD현대일렉트릭","[HD현대일렉트릭]분기보고서_IFRS(원문XBRL)(2021.05.17).zip","8","lab_01205851-en_2017-06-30.xml","labels/lab_01205851-en_2017-06-30.xml",".xml","LABEL_LINKBASE","PASS",""
"267260","HD현대일렉트릭","[HD현대일렉트릭]분기보고서_IFRS(원문XBRL)(2021.11.15).zip","1","01205851_2017-06-30.xbrl","01205851_2017-06-30.xbrl",".xbrl","XBRL_INSTANCE","PASS",""
"267260","HD현대일렉트릭","[HD현대일렉트릭]분기보고서_IFRS(원문XBRL)(2021.11.15).zip","2","01205851_entry_point_2017-06-30.xsd","01205851_entry_point_2017-06-30.xsd",".xsd","XSD_SCHEMA","NOT_REQUIRED",""
"267260","HD현대일렉트릭","[HD현대일렉트릭]분기보고서_IFRS(원문XBRL)(2021.11.15).zip","3","dim_ifrs_for_01205851_2017-06-30.xml","ifrs_for_01205851/dimensions_ifrs_for_01205851/dim_ifrs_for_01205851_2017-06-30.xml",".xml","DEFINITION_LINKBASE","PASS",""
"267260","HD현대일렉트릭","[HD현대일렉트릭]분기보고서_IFRS(원문XBRL)(2021.11.15).zip","4","cal_ifrs_for_01205851_2017-06-30.xml","ifrs_for_01205851/dimensions_ifrs_for_01205851/cal_ifrs_for_01205851_2017-06-30.xml",".xml","CALCULATION_LINKBASE","PASS",""
"267260","HD현대일렉트릭","[HD현대일렉트릭]분기보고서_IFRS(원문XBRL)(2021.11.15).zip","5","pre_ifrs_for_01205851_2017-06-30.xml","ifrs_for_01205851/dimensions_ifrs_for_01205851/pre_ifrs_for_01205851_2017-06-30.xml",".xml","PRESENTATION_LINKBASE","PASS",""
"267260","HD현대일렉트릭","[HD현대일렉트릭]분기보고서_IFRS(원문XBRL)(2021.11.15).zip","6","role_ifrs_for_01205851-dim_2017-06-30.xsd","ifrs_for_01205851/dimensions_ifrs_for_01205851/role_ifrs_for_01205851-dim_2017-06-30.xsd",".xsd","XSD_SCHEMA","NOT_REQUIRED",""
"267260","HD현대일렉트릭","[HD현대일렉트릭]분기보고서_IFRS(원문XBRL)(2021.11.15).zip","7","lab_01205851-ko_2017-06-30.xml","labels/lab_01205851-ko_2017-06-30.xml",".xml","LABEL_LINKBASE","PASS",""
"267260","HD현대일렉트릭","[HD현대일렉트릭]분기보고서_IFRS(원문XBRL)(2021.11.15).zip","8","lab_01205851-en_2017-06-30.xml","labels/lab_01205851-en_2017-06-30.xml",".xml","LABEL_LINKBASE","PASS",""
"267260","HD현대일렉트릭","[HD현대일렉트릭]분기보고서_IFRS(원문XBRL)(2022.05.16).zip","1","01205851_2017-06-30.xbrl","01205851_2017-06-30.xbrl",".xbrl","XBRL_INSTANCE","PASS",""
"267260","HD현대일렉트릭","[HD현대일렉트릭]분기보고서_IFRS(원문XBRL)(2022.05.16).zip","2","01205851_entry_point_2017-06-30.xsd","01205851_entry_point_2017-06-30.xsd",".xsd","XSD_SCHEMA","NOT_REQUIRED",""
"267260","HD현대일렉트릭","[HD현대일렉트릭]분기보고서_IFRS(원문XBRL)(2022.05.16).zip","3","dim_ifrs_for_01205851_2017-06-30.xml","ifrs_for_01205851/dimensions_ifrs_for_01205851/dim_ifrs_for_01205851_2017-06-30.xml",".xml","DEFINITION_LINKBASE","PASS",""
"267260","HD현대일렉트릭","[HD현대일렉트릭]분기보고서_IFRS(원문XBRL)(2022.05.16).zip","4","cal_ifrs_for_01205851_2017-06-30.xml","ifrs_for_01205851/dimensions_ifrs_for_01205851/cal_ifrs_for_01205851_2017-06-30.xml",".xml","CALCULATION_LINKBASE","PASS",""
"267260","HD현대일렉트릭","[HD현대일렉트릭]분기보고서_IFRS(원문XBRL)(2022.05.16).zip","5","pre_ifrs_for_01205851_2017-06-30.xml","ifrs_for_01205851/dimensions_ifrs_for_01205851/pre_ifrs_for_01205851_2017-06-30.xml",".xml","PRESENTATION_LINKBASE","PASS",""
"267260","HD현대일렉트릭","[HD현대일렉트릭]분기보고서_IFRS(원문XBRL)(2022.05.16).zip","6","role_ifrs_for_01205851-dim_2017-06-30.xsd","ifrs_for_01205851/dimensions_ifrs_for_01205851/role_ifrs_for_01205851-dim_2017-06-30.xsd",".xsd","XSD_SCHEMA","NOT_REQUIRED",""
"267260","HD현대일렉트릭","[HD현대일렉트릭]분기보고서_IFRS(원문XBRL)(2022.05.16).zip","7","lab_01205851-ko_2017-06-30.xml","labels/lab_01205851-ko_2017-06-30.xml",".xml","LABEL_LINKBASE","PASS",""
"267260","HD현대일렉트릭","[HD현대일렉트릭]분기보고서_IFRS(원문XBRL)(2022.05.16).zip","8","lab_01205851-en_2017-06-30.xml","labels/lab_01205851-en_2017-06-30.xml",".xml","LABEL_LINKBASE","PASS",""
"267260","HD현대일렉트릭","[HD현대일렉트릭]분기보고서_IFRS(원문XBRL)(2022.11.14).zip","1","01205851_2017-06-30.xbrl","01205851_2017-06-30.xbrl",".xbrl","XBRL_INSTANCE","PASS",""
"267260","HD현대일렉트릭","[HD현대일렉트릭]분기보고서_IFRS(원문XBRL)(2022.11.14).zip","2","01205851_entry_point_2017-06-30.xsd","01205851_entry_point_2017-06-30.xsd",".xsd","XSD_SCHEMA","NOT_REQUIRED",""
"267260","HD현대일렉트릭","[HD현대일렉트릭]분기보고서_IFRS(원문XBRL)(2022.11.14).zip","3","dim_ifrs_for_01205851_2017-06-30.xml","ifrs_for_01205851/dimensions_ifrs_for_01205851/dim_ifrs_for_01205851_2017-06-30.xml",".xml","DEFINITION_LINKBASE","PASS",""
"267260","HD현대일렉트릭","[HD현대일렉트릭]분기보고서_IFRS(원문XBRL)(2022.11.14).zip","4","cal_ifrs_for_01205851_2017-06-30.xml","ifrs_for_01205851/dimensions_ifrs_for_01205851/cal_ifrs_for_01205851_2017-06-30.xml",".xml","CALCULATION_LINKBASE","PASS",""
"267260","HD현대일렉트릭","[HD현대일렉트릭]분기보고서_IFRS(원문XBRL)(2022.11.14).zip","5","pre_ifrs_for_01205851_2017-06-30.xml","ifrs_for_01205851/dimensions_ifrs_for_01205851/pre_ifrs_for_01205851_2017-06-30.xml",".xml","PRESENTATION_LINKBASE","PASS",""
"267260","HD현대일렉트릭","[HD현대일렉트릭]분기보고서_IFRS(원문XBRL)(2022.11.14).zip","6","role_ifrs_for_01205851-dim_2017-06-30.xsd","ifrs_for_01205851/dimensions_ifrs_for_01205851/role_ifrs_for_01205851-dim_2017-06-30.xsd",".xsd","XSD_SCHEMA","NOT_REQUIRED",""
"267260","HD현대일렉트릭","[HD현대일렉트릭]분기보고서_IFRS(원문XBRL)(2022.11.14).zip","7","lab_01205851-ko_2017-06-30.xml","labels/lab_01205851-ko_2017-06-30.xml",".xml","LABEL_LINKBASE","PASS",""
"267260","HD현대일렉트릭","[HD현대일렉트릭]분기보고서_IFRS(원문XBRL)(2022.11.14).zip","8","lab_01205851-en_2017-06-30.xml","labels/lab_01205851-en_2017-06-30.xml",".xml","LABEL_LINKBASE","PASS",""
"267260","HD현대일렉트릭","[HD현대일렉트릭]분기보고서_IFRS(원문XBRL)(2023.05.15).zip","1","01205851_2017-06-30.xbrl","01205851_2017-06-30.xbrl",".xbrl","XBRL_INSTANCE","PASS",""
"267260","HD현대일렉트릭","[HD현대일렉트릭]분기보고서_IFRS(원문XBRL)(2023.05.15).zip","2","01205851_entry_point_2017-06-30.xsd","01205851_entry_point_2017-06-30.xsd",".xsd","XSD_SCHEMA","NOT_REQUIRED",""
"267260","HD현대일렉트릭","[HD현대일렉트릭]분기보고서_IFRS(원문XBRL)(2023.05.15).zip","3","dim_ifrs_for_01205851_2017-06-30.xml","ifrs_for_01205851/dimensions_ifrs_for_01205851/dim_ifrs_for_01205851_2017-06-30.xml",".xml","DEFINITION_LINKBASE","PASS",""
"267260","HD현대일렉트릭","[HD현대일렉트릭]분기보고서_IFRS(원문XBRL)(2023.05.15).zip","4","cal_ifrs_for_01205851_2017-06-30.xml","ifrs_for_01205851/dimensions_ifrs_for_01205851/cal_ifrs_for_01205851_2017-06-30.xml",".xml","CALCULATION_LINKBASE","PASS",""
"267260","HD현대일렉트릭","[HD현대일렉트릭]분기보고서_IFRS(원문XBRL)(2023.05.15).zip","5","pre_ifrs_for_01205851_2017-06-30.xml","ifrs_for_01205851/dimensions_ifrs_for_01205851/pre_ifrs_for_01205851_2017-06-30.xml",".xml","PRESENTATION_LINKBASE","PASS",""
"267260","HD현대일렉트릭","[HD현대일렉트릭]분기보고서_IFRS(원문XBRL)(2023.05.15).zip","6","role_ifrs_for_01205851-dim_2017-06-30.xsd","ifrs_for_01205851/dimensions_ifrs_for_01205851/role_ifrs_for_01205851-dim_2017-06-30.xsd",".xsd","XSD_SCHEMA","NOT_REQUIRED",""
"267260","HD현대일렉트릭","[HD현대일렉트릭]분기보고서_IFRS(원문XBRL)(2023.05.15).zip","7","lab_01205851-ko_2017-06-30.xml","labels/lab_01205851-ko_2017-06-30.xml",".xml","LABEL_LINKBASE","PASS",""
"267260","HD현대일렉트릭","[HD현대일렉트릭]분기보고서_IFRS(원문XBRL)(2023.05.15).zip","8","lab_01205851-en_2017-06-30.xml","labels/lab_01205851-en_2017-06-30.xml",".xml","LABEL_LINKBASE","PASS",""
"267260","HD현대일렉트릭","[HD현대일렉트릭]사업보고서_IFRS(원문XBRL)(2021.03.15).zip","1","01205851_2017-06-30.xbrl","01205851_2017-06-30.xbrl",".xbrl","XBRL_INSTANCE","PASS",""
"267260","HD현대일렉트릭","[HD현대일렉트릭]사업보고서_IFRS(원문XBRL)(2021.03.15).zip","2","01205851_entry_point_2017-06-30.xsd","01205851_entry_point_2017-06-30.xsd",".xsd","XSD_SCHEMA","NOT_REQUIRED",""
"267260","HD현대일렉트릭","[HD현대일렉트릭]사업보고서_IFRS(원문XBRL)(2021.03.15).zip","3","dim_ifrs_for_01205851_2017-06-30.xml","ifrs_for_01205851/dimensions_ifrs_for_01205851/dim_ifrs_for_01205851_2017-06-30.xml",".xml","DEFINITION_LINKBASE","PASS",""
"267260","HD현대일렉트릭","[HD현대일렉트릭]사업보고서_IFRS(원문XBRL)(2021.03.15).zip","4","cal_ifrs_for_01205851_2017-06-30.xml","ifrs_for_01205851/dimensions_ifrs_for_01205851/cal_ifrs_for_01205851_2017-06-30.xml",".xml","CALCULATION_LINKBASE","PASS",""
"267260","HD현대일렉트릭","[HD현대일렉트릭]사업보고서_IFRS(원문XBRL)(2021.03.15).zip","5","pre_ifrs_for_01205851_2017-06-30.xml","ifrs_for_01205851/dimensions_ifrs_for_01205851/pre_ifrs_for_01205851_2017-06-30.xml",".xml","PRESENTATION_LINKBASE","PASS",""
"267260","HD현대일렉트릭","[HD현대일렉트릭]사업보고서_IFRS(원문XBRL)(2021.03.15).zip","6","role_ifrs_for_01205851-dim_2017-06-30.xsd","ifrs_for_01205851/dimensions_ifrs_for_01205851/role_ifrs_for_01205851-dim_2017-06-30.xsd",".xsd","XSD_SCHEMA","NOT_REQUIRED",""
"267260","HD현대일렉트릭","[HD현대일렉트릭]사업보고서_IFRS(원문XBRL)(2021.03.15).zip","7","lab_01205851-ko_2017-06-30.xml","labels/lab_01205851-ko_2017-06-30.xml",".xml","LABEL_LINKBASE","PASS",""
"267260","HD현대일렉트릭","[HD현대일렉트릭]사업보고서_IFRS(원문XBRL)(2021.03.15).zip","8","lab_01205851-en_2017-06-30.xml","labels/lab_01205851-en_2017-06-30.xml",".xml","LABEL_LINKBASE","PASS",""
"267260","HD현대일렉트릭","[HD현대일렉트릭]사업보고서_IFRS(원문XBRL)(2022.03.11).zip","1","01205851_2017-06-30.xbrl","01205851_2017-06-30.xbrl",".xbrl","XBRL_INSTANCE","PASS",""
"267260","HD현대일렉트릭","[HD현대일렉트릭]사업보고서_IFRS(원문XBRL)(2022.03.11).zip","2","01205851_entry_point_2017-06-30.xsd","01205851_entry_point_2017-06-30.xsd",".xsd","XSD_SCHEMA","NOT_REQUIRED",""
"267260","HD현대일렉트릭","[HD현대일렉트릭]사업보고서_IFRS(원문XBRL)(2022.03.11).zip","3","dim_ifrs_for_01205851_2017-06-30.xml","ifrs_for_01205851/dimensions_ifrs_for_01205851/dim_ifrs_for_01205851_2017-06-30.xml",".xml","DEFINITION_LINKBASE","PASS",""
"267260","HD현대일렉트릭","[HD현대일렉트릭]사업보고서_IFRS(원문XBRL)(2022.03.11).zip","4","cal_ifrs_for_01205851_2017-06-30.xml","ifrs_for_01205851/dimensions_ifrs_for_01205851/cal_ifrs_for_01205851_2017-06-30.xml",".xml","CALCULATION_LINKBASE","PASS",""
"267260","HD현대일렉트릭","[HD현대일렉트릭]사업보고서_IFRS(원문XBRL)(2022.03.11).zip","5","pre_ifrs_for_01205851_2017-06-30.xml","ifrs_for_01205851/dimensions_ifrs_for_01205851/pre_ifrs_for_01205851_2017-06-30.xml",".xml","PRESENTATION_LINKBASE","PASS",""
"267260","HD현대일렉트릭","[HD현대일렉트릭]사업보고서_IFRS(원문XBRL)(2022.03.11).zip","6","role_ifrs_for_01205851-dim_2017-06-30.xsd","ifrs_for_01205851/dimensions_ifrs_for_01205851/role_ifrs_for_01205851-dim_2017-06-30.xsd",".xsd","XSD_SCHEMA","NOT_REQUIRED",""
"267260","HD현대일렉트릭","[HD현대일렉트릭]사업보고서_IFRS(원문XBRL)(2022.03.11).zip","7","lab_01205851-ko_2017-06-30.xml","labels/lab_01205851-ko_2017-06-30.xml",".xml","LABEL_LINKBASE","PASS",""
"267260","HD현대일렉트릭","[HD현대일렉트릭]사업보고서_IFRS(원문XBRL)(2022.03.11).zip","8","lab_01205851-en_2017-06-30.xml","labels/lab_01205851-en_2017-06-30.xml",".xml","LABEL_LINKBASE","PASS",""
"267260","HD현대일렉트릭","[HD현대일렉트릭]사업보고서_IFRS(원문XBRL)(2023.03.14).zip","1","01205851_2017-06-30.xbrl","01205851_2017-06-30.xbrl",".xbrl","XBRL_INSTANCE","PASS",""
"267260","HD현대일렉트릭","[HD현대일렉트릭]사업보고서_IFRS(원문XBRL)(2023.03.14).zip","2","01205851_entry_point_2017-06-30.xsd","01205851_entry_point_2017-06-30.xsd",".xsd","XSD_SCHEMA","NOT_REQUIRED",""
"267260","HD현대일렉트릭","[HD현대일렉트릭]사업보고서_IFRS(원문XBRL)(2023.03.14).zip","3","dim_ifrs_for_01205851_2017-06-30.xml","ifrs_for_01205851/dimensions_ifrs_for_01205851/dim_ifrs_for_01205851_2017-06-30.xml",".xml","DEFINITION_LINKBASE","PASS",""
"267260","HD현대일렉트릭","[HD현대일렉트릭]사업보고서_IFRS(원문XBRL)(2023.03.14).zip","4","cal_ifrs_for_01205851_2017-06-30.xml","ifrs_for_01205851/dimensions_ifrs_for_01205851/cal_ifrs_for_01205851_2017-06-30.xml",".xml","CALCULATION_LINKBASE","PASS",""
"267260","HD현대일렉트릭","[HD현대일렉트릭]사업보고서_IFRS(원문XBRL)(2023.03.14).zip","5","pre_ifrs_for_01205851_2017-06-30.xml","ifrs_for_01205851/dimensions_ifrs_for_01205851/pre_ifrs_for_01205851_2017-06-30.xml",".xml","PRESENTATION_LINKBASE","PASS",""
"267260","HD현대일렉트릭","[HD현대일렉트릭]사업보고서_IFRS(원문XBRL)(2023.03.14).zip","6","role_ifrs_for_01205851-dim_2017-06-30.xsd","ifrs_for_01205851/dimensions_ifrs_for_01205851/role_ifrs_for_01205851-dim_2017-06-30.xsd",".xsd","XSD_SCHEMA","NOT_REQUIRED",""
"267260","HD현대일렉트릭","[HD현대일렉트릭]사업보고서_IFRS(원문XBRL)(2023.03.14).zip","7","lab_01205851-ko_2017-06-30.xml","labels/lab_01205851-ko_2017-06-30.xml",".xml","LABEL_LINKBASE","PASS",""
"267260","HD현대일렉트릭","[HD현대일렉트릭]사업보고서_IFRS(원문XBRL)(2023.03.14).zip","8","lab_01205851-en_2017-06-30.xml","labels/lab_01205851-en_2017-06-30.xml",".xml","LABEL_LINKBASE","PASS",""
"018260","삼성SDS","[삼성에스디에스]반기보고서_IFRS(원문XBRL)(2021.08.17).zip","1","00126186_2015-02-09.xbrl","00126186_2015-02-09.xbrl",".xbrl","XBRL_INSTANCE","PASS",""
"018260","삼성SDS","[삼성에스디에스]반기보고서_IFRS(원문XBRL)(2021.08.17).zip","2","00126186_entry_point_2015-02-09.xsd","00126186_entry_point_2015-02-09.xsd",".xsd","XSD_SCHEMA","NOT_REQUIRED",""
"018260","삼성SDS","[삼성에스디에스]반기보고서_IFRS(원문XBRL)(2021.08.17).zip","3","dim_ifrs_for_00126186_2015-02-09.xml","ifrs_for_00126186/dimensions_ifrs_for_00126186/dim_ifrs_for_00126186_2015-02-09.xml",".xml","DEFINITION_LINKBASE","PASS",""
"018260","삼성SDS","[삼성에스디에스]반기보고서_IFRS(원문XBRL)(2021.08.17).zip","4","cal_ifrs_for_00126186_2015-02-09.xml","ifrs_for_00126186/dimensions_ifrs_for_00126186/cal_ifrs_for_00126186_2015-02-09.xml",".xml","CALCULATION_LINKBASE","PASS",""
"018260","삼성SDS","[삼성에스디에스]반기보고서_IFRS(원문XBRL)(2021.08.17).zip","5","pre_ifrs_for_00126186_2015-02-09.xml","ifrs_for_00126186/dimensions_ifrs_for_00126186/pre_ifrs_for_00126186_2015-02-09.xml",".xml","PRESENTATION_LINKBASE","PASS",""
"018260","삼성SDS","[삼성에스디에스]반기보고서_IFRS(원문XBRL)(2021.08.17).zip","6","role_ifrs_for_00126186-dim_2015-02-09.xsd","ifrs_for_00126186/dimensions_ifrs_for_00126186/role_ifrs_for_00126186-dim_2015-02-09.xsd",".xsd","XSD_SCHEMA","NOT_REQUIRED",""
"018260","삼성SDS","[삼성에스디에스]반기보고서_IFRS(원문XBRL)(2021.08.17).zip","7","lab_00126186-ko_2015-02-09.xml","labels/lab_00126186-ko_2015-02-09.xml",".xml","LABEL_LINKBASE","PASS",""
"018260","삼성SDS","[삼성에스디에스]반기보고서_IFRS(원문XBRL)(2021.08.17).zip","8","lab_00126186-en_2015-02-09.xml","labels/lab_00126186-en_2015-02-09.xml",".xml","LABEL_LINKBASE","PASS",""
"018260","삼성SDS","[삼성에스디에스]반기보고서_IFRS(원문XBRL)(2022.08.16).zip","1","00126186_2015-02-09.xbrl","00126186_2015-02-09.xbrl",".xbrl","XBRL_INSTANCE","PASS",""
"018260","삼성SDS","[삼성에스디에스]반기보고서_IFRS(원문XBRL)(2022.08.16).zip","2","00126186_entry_point_2015-02-09.xsd","00126186_entry_point_2015-02-09.xsd",".xsd","XSD_SCHEMA","NOT_REQUIRED",""
"018260","삼성SDS","[삼성에스디에스]반기보고서_IFRS(원문XBRL)(2022.08.16).zip","3","dim_ifrs_for_00126186_2015-02-09.xml","ifrs_for_00126186/dimensions_ifrs_for_00126186/dim_ifrs_for_00126186_2015-02-09.xml",".xml","DEFINITION_LINKBASE","PASS",""
"018260","삼성SDS","[삼성에스디에스]반기보고서_IFRS(원문XBRL)(2022.08.16).zip","4","cal_ifrs_for_00126186_2015-02-09.xml","ifrs_for_00126186/dimensions_ifrs_for_00126186/cal_ifrs_for_00126186_2015-02-09.xml",".xml","CALCULATION_LINKBASE","PASS",""
"018260","삼성SDS","[삼성에스디에스]반기보고서_IFRS(원문XBRL)(2022.08.16).zip","5","pre_ifrs_for_00126186_2015-02-09.xml","ifrs_for_00126186/dimensions_ifrs_for_00126186/pre_ifrs_for_00126186_2015-02-09.xml",".xml","PRESENTATION_LINKBASE","PASS",""
"018260","삼성SDS","[삼성에스디에스]반기보고서_IFRS(원문XBRL)(2022.08.16).zip","6","role_ifrs_for_00126186-dim_2015-02-09.xsd","ifrs_for_00126186/dimensions_ifrs_for_00126186/role_ifrs_for_00126186-dim_2015-02-09.xsd",".xsd","XSD_SCHEMA","NOT_REQUIRED",""
"018260","삼성SDS","[삼성에스디에스]반기보고서_IFRS(원문XBRL)(2022.08.16).zip","7","lab_00126186-ko_2015-02-09.xml","labels/lab_00126186-ko_2015-02-09.xml",".xml","LABEL_LINKBASE","PASS",""
"018260","삼성SDS","[삼성에스디에스]반기보고서_IFRS(원문XBRL)(2022.08.16).zip","8","lab_00126186-en_2015-02-09.xml","labels/lab_00126186-en_2015-02-09.xml",".xml","LABEL_LINKBASE","PASS",""
"018260","삼성SDS","[삼성에스디에스]반기보고서_IFRS(원문XBRL)(2023.08.14).zip","1","00126186_2015-02-09.xbrl","00126186_2015-02-09.xbrl",".xbrl","XBRL_INSTANCE","PASS",""
"018260","삼성SDS","[삼성에스디에스]반기보고서_IFRS(원문XBRL)(2023.08.14).zip","2","00126186_entry_point_2015-02-09.xsd","00126186_entry_point_2015-02-09.xsd",".xsd","XSD_SCHEMA","NOT_REQUIRED",""
"018260","삼성SDS","[삼성에스디에스]반기보고서_IFRS(원문XBRL)(2023.08.14).zip","3","dim_ifrs_for_00126186_2015-02-09.xml","ifrs_for_00126186/dimensions_ifrs_for_00126186/dim_ifrs_for_00126186_2015-02-09.xml",".xml","DEFINITION_LINKBASE","PASS",""
"018260","삼성SDS","[삼성에스디에스]반기보고서_IFRS(원문XBRL)(2023.08.14).zip","4","cal_ifrs_for_00126186_2015-02-09.xml","ifrs_for_00126186/dimensions_ifrs_for_00126186/cal_ifrs_for_00126186_2015-02-09.xml",".xml","CALCULATION_LINKBASE","PASS",""
"018260","삼성SDS","[삼성에스디에스]반기보고서_IFRS(원문XBRL)(2023.08.14).zip","5","pre_ifrs_for_00126186_2015-02-09.xml","ifrs_for_00126186/dimensions_ifrs_for_00126186/pre_ifrs_for_00126186_2015-02-09.xml",".xml","PRESENTATION_LINKBASE","PASS",""
"018260","삼성SDS","[삼성에스디에스]반기보고서_IFRS(원문XBRL)(2023.08.14).zip","6","role_ifrs_for_00126186-dim_2015-02-09.xsd","ifrs_for_00126186/dimensions_ifrs_for_00126186/role_ifrs_for_00126186-dim_2015-02-09.xsd",".xsd","XSD_SCHEMA","NOT_REQUIRED",""
"018260","삼성SDS","[삼성에스디에스]반기보고서_IFRS(원문XBRL)(2023.08.14).zip","7","lab_00126186-ko_2015-02-09.xml","labels/lab_00126186-ko_2015-02-09.xml",".xml","LABEL_LINKBASE","PASS",""
"018260","삼성SDS","[삼성에스디에스]반기보고서_IFRS(원문XBRL)(2023.08.14).zip","8","lab_00126186-en_2015-02-09.xml","labels/lab_00126186-en_2015-02-09.xml",".xml","LABEL_LINKBASE","PASS",""
"018260","삼성SDS","[삼성에스디에스]분기보고서_IFRS(원문XBRL)(2020.11.16).zip","1","00126186_2015-02-09.xbrl","00126186_2015-02-09.xbrl",".xbrl","XBRL_INSTANCE","PASS",""
"018260","삼성SDS","[삼성에스디에스]분기보고서_IFRS(원문XBRL)(2020.11.16).zip","2","00126186_entry_point_2015-02-09.xsd","00126186_entry_point_2015-02-09.xsd",".xsd","XSD_SCHEMA","NOT_REQUIRED",""
"018260","삼성SDS","[삼성에스디에스]분기보고서_IFRS(원문XBRL)(2020.11.16).zip","3","dim_ifrs_for_00126186_2015-02-09.xml","ifrs_for_00126186/dimensions_ifrs_for_00126186/dim_ifrs_for_00126186_2015-02-09.xml",".xml","DEFINITION_LINKBASE","PASS",""
"018260","삼성SDS","[삼성에스디에스]분기보고서_IFRS(원문XBRL)(2020.11.16).zip","4","cal_ifrs_for_00126186_2015-02-09.xml","ifrs_for_00126186/dimensions_ifrs_for_00126186/cal_ifrs_for_00126186_2015-02-09.xml",".xml","CALCULATION_LINKBASE","PASS",""
"018260","삼성SDS","[삼성에스디에스]분기보고서_IFRS(원문XBRL)(2020.11.16).zip","5","pre_ifrs_for_00126186_2015-02-09.xml","ifrs_for_00126186/dimensions_ifrs_for_00126186/pre_ifrs_for_00126186_2015-02-09.xml",".xml","PRESENTATION_LINKBASE","PASS",""
"018260","삼성SDS","[삼성에스디에스]분기보고서_IFRS(원문XBRL)(2020.11.16).zip","6","role_ifrs_for_00126186-dim_2015-02-09.xsd","ifrs_for_00126186/dimensions_ifrs_for_00126186/role_ifrs_for_00126186-dim_2015-02-09.xsd",".xsd","XSD_SCHEMA","NOT_REQUIRED",""
"018260","삼성SDS","[삼성에스디에스]분기보고서_IFRS(원문XBRL)(2020.11.16).zip","7","lab_00126186-ko_2015-02-09.xml","labels/lab_00126186-ko_2015-02-09.xml",".xml","LABEL_LINKBASE","PASS",""
"018260","삼성SDS","[삼성에스디에스]분기보고서_IFRS(원문XBRL)(2020.11.16).zip","8","lab_00126186-en_2015-02-09.xml","labels/lab_00126186-en_2015-02-09.xml",".xml","LABEL_LINKBASE","PASS",""
"018260","삼성SDS","[삼성에스디에스]분기보고서_IFRS(원문XBRL)(2021.05.17).zip","1","00126186_2015-02-09.xbrl","00126186_2015-02-09.xbrl",".xbrl","XBRL_INSTANCE","PASS",""
"018260","삼성SDS","[삼성에스디에스]분기보고서_IFRS(원문XBRL)(2021.05.17).zip","2","00126186_entry_point_2015-02-09.xsd","00126186_entry_point_2015-02-09.xsd",".xsd","XSD_SCHEMA","NOT_REQUIRED",""
"018260","삼성SDS","[삼성에스디에스]분기보고서_IFRS(원문XBRL)(2021.05.17).zip","3","dim_ifrs_for_00126186_2015-02-09.xml","ifrs_for_00126186/dimensions_ifrs_for_00126186/dim_ifrs_for_00126186_2015-02-09.xml",".xml","DEFINITION_LINKBASE","PASS",""
"018260","삼성SDS","[삼성에스디에스]분기보고서_IFRS(원문XBRL)(2021.05.17).zip","4","cal_ifrs_for_00126186_2015-02-09.xml","ifrs_for_00126186/dimensions_ifrs_for_00126186/cal_ifrs_for_00126186_2015-02-09.xml",".xml","CALCULATION_LINKBASE","PASS",""
"018260","삼성SDS","[삼성에스디에스]분기보고서_IFRS(원문XBRL)(2021.05.17).zip","5","pre_ifrs_for_00126186_2015-02-09.xml","ifrs_for_00126186/dimensions_ifrs_for_00126186/pre_ifrs_for_00126186_2015-02-09.xml",".xml","PRESENTATION_LINKBASE","PASS",""
"018260","삼성SDS","[삼성에스디에스]분기보고서_IFRS(원문XBRL)(2021.05.17).zip","6","role_ifrs_for_00126186-dim_2015-02-09.xsd","ifrs_for_00126186/dimensions_ifrs_for_00126186/role_ifrs_for_00126186-dim_2015-02-09.xsd",".xsd","XSD_SCHEMA","NOT_REQUIRED",""
"018260","삼성SDS","[삼성에스디에스]분기보고서_IFRS(원문XBRL)(2021.05.17).zip","7","lab_00126186-ko_2015-02-09.xml","labels/lab_00126186-ko_2015-02-09.xml",".xml","LABEL_LINKBASE","PASS",""
"018260","삼성SDS","[삼성에스디에스]분기보고서_IFRS(원문XBRL)(2021.05.17).zip","8","lab_00126186-en_2015-02-09.xml","labels/lab_00126186-en_2015-02-09.xml",".xml","LABEL_LINKBASE","PASS",""
"018260","삼성SDS","[삼성에스디에스]분기보고서_IFRS(원문XBRL)(2021.11.15).zip","1","00126186_2015-02-09.xbrl","00126186_2015-02-09.xbrl",".xbrl","XBRL_INSTANCE","PASS",""
"018260","삼성SDS","[삼성에스디에스]분기보고서_IFRS(원문XBRL)(2021.11.15).zip","2","00126186_entry_point_2015-02-09.xsd","00126186_entry_point_2015-02-09.xsd",".xsd","XSD_SCHEMA","NOT_REQUIRED",""
"018260","삼성SDS","[삼성에스디에스]분기보고서_IFRS(원문XBRL)(2021.11.15).zip","3","dim_ifrs_for_00126186_2015-02-09.xml","ifrs_for_00126186/dimensions_ifrs_for_00126186/dim_ifrs_for_00126186_2015-02-09.xml",".xml","DEFINITION_LINKBASE","PASS",""
"018260","삼성SDS","[삼성에스디에스]분기보고서_IFRS(원문XBRL)(2021.11.15).zip","4","cal_ifrs_for_00126186_2015-02-09.xml","ifrs_for_00126186/dimensions_ifrs_for_00126186/cal_ifrs_for_00126186_2015-02-09.xml",".xml","CALCULATION_LINKBASE","PASS",""
"018260","삼성SDS","[삼성에스디에스]분기보고서_IFRS(원문XBRL)(2021.11.15).zip","5","pre_ifrs_for_00126186_2015-02-09.xml","ifrs_for_00126186/dimensions_ifrs_for_00126186/pre_ifrs_for_00126186_2015-02-09.xml",".xml","PRESENTATION_LINKBASE","PASS",""
"018260","삼성SDS","[삼성에스디에스]분기보고서_IFRS(원문XBRL)(2021.11.15).zip","6","role_ifrs_for_00126186-dim_2015-02-09.xsd","ifrs_for_00126186/dimensions_ifrs_for_00126186/role_ifrs_for_00126186-dim_2015-02-09.xsd",".xsd","XSD_SCHEMA","NOT_REQUIRED",""
"018260","삼성SDS","[삼성에스디에스]분기보고서_IFRS(원문XBRL)(2021.11.15).zip","7","lab_00126186-ko_2015-02-09.xml","labels/lab_00126186-ko_2015-02-09.xml",".xml","LABEL_LINKBASE","PASS",""
"018260","삼성SDS","[삼성에스디에스]분기보고서_IFRS(원문XBRL)(2021.11.15).zip","8","lab_00126186-en_2015-02-09.xml","labels/lab_00126186-en_2015-02-09.xml",".xml","LABEL_LINKBASE","PASS",""
"018260","삼성SDS","[삼성에스디에스]분기보고서_IFRS(원문XBRL)(2022.05.16).zip","1","00126186_2015-02-09.xbrl","00126186_2015-02-09.xbrl",".xbrl","XBRL_INSTANCE","PASS",""
"018260","삼성SDS","[삼성에스디에스]분기보고서_IFRS(원문XBRL)(2022.05.16).zip","2","00126186_entry_point_2015-02-09.xsd","00126186_entry_point_2015-02-09.xsd",".xsd","XSD_SCHEMA","NOT_REQUIRED",""
"018260","삼성SDS","[삼성에스디에스]분기보고서_IFRS(원문XBRL)(2022.05.16).zip","3","dim_ifrs_for_00126186_2015-02-09.xml","ifrs_for_00126186/dimensions_ifrs_for_00126186/dim_ifrs_for_00126186_2015-02-09.xml",".xml","DEFINITION_LINKBASE","PASS",""
"018260","삼성SDS","[삼성에스디에스]분기보고서_IFRS(원문XBRL)(2022.05.16).zip","4","cal_ifrs_for_00126186_2015-02-09.xml","ifrs_for_00126186/dimensions_ifrs_for_00126186/cal_ifrs_for_00126186_2015-02-09.xml",".xml","CALCULATION_LINKBASE","PASS",""
"018260","삼성SDS","[삼성에스디에스]분기보고서_IFRS(원문XBRL)(2022.05.16).zip","5","pre_ifrs_for_00126186_2015-02-09.xml","ifrs_for_00126186/dimensions_ifrs_for_00126186/pre_ifrs_for_00126186_2015-02-09.xml",".xml","PRESENTATION_LINKBASE","PASS",""
"018260","삼성SDS","[삼성에스디에스]분기보고서_IFRS(원문XBRL)(2022.05.16).zip","6","role_ifrs_for_00126186-dim_2015-02-09.xsd","ifrs_for_00126186/dimensions_ifrs_for_00126186/role_ifrs_for_00126186-dim_2015-02-09.xsd",".xsd","XSD_SCHEMA","NOT_REQUIRED",""
"018260","삼성SDS","[삼성에스디에스]분기보고서_IFRS(원문XBRL)(2022.05.16).zip","7","lab_00126186-ko_2015-02-09.xml","labels/lab_00126186-ko_2015-02-09.xml",".xml","LABEL_LINKBASE","PASS",""
"018260","삼성SDS","[삼성에스디에스]분기보고서_IFRS(원문XBRL)(2022.05.16).zip","8","lab_00126186-en_2015-02-09.xml","labels/lab_00126186-en_2015-02-09.xml",".xml","LABEL_LINKBASE","PASS",""
"018260","삼성SDS","[삼성에스디에스]분기보고서_IFRS(원문XBRL)(2022.11.14).zip","1","00126186_2015-02-09.xbrl","00126186_2015-02-09.xbrl",".xbrl","XBRL_INSTANCE","PASS",""
"018260","삼성SDS","[삼성에스디에스]분기보고서_IFRS(원문XBRL)(2022.11.14).zip","2","00126186_entry_point_2015-02-09.xsd","00126186_entry_point_2015-02-09.xsd",".xsd","XSD_SCHEMA","NOT_REQUIRED",""
"018260","삼성SDS","[삼성에스디에스]분기보고서_IFRS(원문XBRL)(2022.11.14).zip","3","dim_ifrs_for_00126186_2015-02-09.xml","ifrs_for_00126186/dimensions_ifrs_for_00126186/dim_ifrs_for_00126186_2015-02-09.xml",".xml","DEFINITION_LINKBASE","PASS",""
"018260","삼성SDS","[삼성에스디에스]분기보고서_IFRS(원문XBRL)(2022.11.14).zip","4","cal_ifrs_for_00126186_2015-02-09.xml","ifrs_for_00126186/dimensions_ifrs_for_00126186/cal_ifrs_for_00126186_2015-02-09.xml",".xml","CALCULATION_LINKBASE","PASS",""
"018260","삼성SDS","[삼성에스디에스]분기보고서_IFRS(원문XBRL)(2022.11.14).zip","5","pre_ifrs_for_00126186_2015-02-09.xml","ifrs_for_00126186/dimensions_ifrs_for_00126186/pre_ifrs_for_00126186_2015-02-09.xml",".xml","PRESENTATION_LINKBASE","PASS",""
"018260","삼성SDS","[삼성에스디에스]분기보고서_IFRS(원문XBRL)(2022.11.14).zip","6","role_ifrs_for_00126186-dim_2015-02-09.xsd","ifrs_for_00126186/dimensions_ifrs_for_00126186/role_ifrs_for_00126186-dim_2015-02-09.xsd",".xsd","XSD_SCHEMA","NOT_REQUIRED",""
"018260","삼성SDS","[삼성에스디에스]분기보고서_IFRS(원문XBRL)(2022.11.14).zip","7","lab_00126186-ko_2015-02-09.xml","labels/lab_00126186-ko_2015-02-09.xml",".xml","LABEL_LINKBASE","PASS",""
"018260","삼성SDS","[삼성에스디에스]분기보고서_IFRS(원문XBRL)(2022.11.14).zip","8","lab_00126186-en_2015-02-09.xml","labels/lab_00126186-en_2015-02-09.xml",".xml","LABEL_LINKBASE","PASS",""
"018260","삼성SDS","[삼성에스디에스]분기보고서_IFRS(원문XBRL)(2023.05.15).zip","1","00126186_2015-02-09.xbrl","00126186_2015-02-09.xbrl",".xbrl","XBRL_INSTANCE","PASS",""
"018260","삼성SDS","[삼성에스디에스]분기보고서_IFRS(원문XBRL)(2023.05.15).zip","2","00126186_entry_point_2015-02-09.xsd","00126186_entry_point_2015-02-09.xsd",".xsd","XSD_SCHEMA","NOT_REQUIRED",""
"018260","삼성SDS","[삼성에스디에스]분기보고서_IFRS(원문XBRL)(2023.05.15).zip","3","dim_ifrs_for_00126186_2015-02-09.xml","ifrs_for_00126186/dimensions_ifrs_for_00126186/dim_ifrs_for_00126186_2015-02-09.xml",".xml","DEFINITION_LINKBASE","PASS",""
"018260","삼성SDS","[삼성에스디에스]분기보고서_IFRS(원문XBRL)(2023.05.15).zip","4","cal_ifrs_for_00126186_2015-02-09.xml","ifrs_for_00126186/dimensions_ifrs_for_00126186/cal_ifrs_for_00126186_2015-02-09.xml",".xml","CALCULATION_LINKBASE","PASS",""
"018260","삼성SDS","[삼성에스디에스]분기보고서_IFRS(원문XBRL)(2023.05.15).zip","5","pre_ifrs_for_00126186_2015-02-09.xml","ifrs_for_00126186/dimensions_ifrs_for_00126186/pre_ifrs_for_00126186_2015-02-09.xml",".xml","PRESENTATION_LINKBASE","PASS",""
"018260","삼성SDS","[삼성에스디에스]분기보고서_IFRS(원문XBRL)(2023.05.15).zip","6","role_ifrs_for_00126186-dim_2015-02-09.xsd","ifrs_for_00126186/dimensions_ifrs_for_00126186/role_ifrs_for_00126186-dim_2015-02-09.xsd",".xsd","XSD_SCHEMA","NOT_REQUIRED",""
"018260","삼성SDS","[삼성에스디에스]분기보고서_IFRS(원문XBRL)(2023.05.15).zip","7","lab_00126186-ko_2015-02-09.xml","labels/lab_00126186-ko_2015-02-09.xml",".xml","LABEL_LINKBASE","PASS",""
"018260","삼성SDS","[삼성에스디에스]분기보고서_IFRS(원문XBRL)(2023.05.15).zip","8","lab_00126186-en_2015-02-09.xml","labels/lab_00126186-en_2015-02-09.xml",".xml","LABEL_LINKBASE","PASS",""
"018260","삼성SDS","[삼성에스디에스]사업보고서_IFRS(원문XBRL)(2021.03.09).zip","1","00126186_2015-02-09.xbrl","00126186_2015-02-09.xbrl",".xbrl","XBRL_INSTANCE","PASS",""
"018260","삼성SDS","[삼성에스디에스]사업보고서_IFRS(원문XBRL)(2021.03.09).zip","2","00126186_entry_point_2015-02-09.xsd","00126186_entry_point_2015-02-09.xsd",".xsd","XSD_SCHEMA","NOT_REQUIRED",""
"018260","삼성SDS","[삼성에스디에스]사업보고서_IFRS(원문XBRL)(2021.03.09).zip","3","dim_ifrs_for_00126186_2015-02-09.xml","ifrs_for_00126186/dimensions_ifrs_for_00126186/dim_ifrs_for_00126186_2015-02-09.xml",".xml","DEFINITION_LINKBASE","PASS",""
"018260","삼성SDS","[삼성에스디에스]사업보고서_IFRS(원문XBRL)(2021.03.09).zip","4","cal_ifrs_for_00126186_2015-02-09.xml","ifrs_for_00126186/dimensions_ifrs_for_00126186/cal_ifrs_for_00126186_2015-02-09.xml",".xml","CALCULATION_LINKBASE","PASS",""
"018260","삼성SDS","[삼성에스디에스]사업보고서_IFRS(원문XBRL)(2021.03.09).zip","5","pre_ifrs_for_00126186_2015-02-09.xml","ifrs_for_00126186/dimensions_ifrs_for_00126186/pre_ifrs_for_00126186_2015-02-09.xml",".xml","PRESENTATION_LINKBASE","PASS",""
"018260","삼성SDS","[삼성에스디에스]사업보고서_IFRS(원문XBRL)(2021.03.09).zip","6","role_ifrs_for_00126186-dim_2015-02-09.xsd","ifrs_for_00126186/dimensions_ifrs_for_00126186/role_ifrs_for_00126186-dim_2015-02-09.xsd",".xsd","XSD_SCHEMA","NOT_REQUIRED",""
"018260","삼성SDS","[삼성에스디에스]사업보고서_IFRS(원문XBRL)(2021.03.09).zip","7","lab_00126186-ko_2015-02-09.xml","labels/lab_00126186-ko_2015-02-09.xml",".xml","LABEL_LINKBASE","PASS",""
"018260","삼성SDS","[삼성에스디에스]사업보고서_IFRS(원문XBRL)(2021.03.09).zip","8","lab_00126186-en_2015-02-09.xml","labels/lab_00126186-en_2015-02-09.xml",".xml","LABEL_LINKBASE","PASS",""
"018260","삼성SDS","[삼성에스디에스]사업보고서_IFRS(원문XBRL)(2022.03.08).zip","1","00126186_2015-02-09.xbrl","00126186_2015-02-09.xbrl",".xbrl","XBRL_INSTANCE","PASS",""
"018260","삼성SDS","[삼성에스디에스]사업보고서_IFRS(원문XBRL)(2022.03.08).zip","2","00126186_entry_point_2015-02-09.xsd","00126186_entry_point_2015-02-09.xsd",".xsd","XSD_SCHEMA","NOT_REQUIRED",""
"018260","삼성SDS","[삼성에스디에스]사업보고서_IFRS(원문XBRL)(2022.03.08).zip","3","dim_ifrs_for_00126186_2015-02-09.xml","ifrs_for_00126186/dimensions_ifrs_for_00126186/dim_ifrs_for_00126186_2015-02-09.xml",".xml","DEFINITION_LINKBASE","PASS",""
"018260","삼성SDS","[삼성에스디에스]사업보고서_IFRS(원문XBRL)(2022.03.08).zip","4","cal_ifrs_for_00126186_2015-02-09.xml","ifrs_for_00126186/dimensions_ifrs_for_00126186/cal_ifrs_for_00126186_2015-02-09.xml",".xml","CALCULATION_LINKBASE","PASS",""
"018260","삼성SDS","[삼성에스디에스]사업보고서_IFRS(원문XBRL)(2022.03.08).zip","5","pre_ifrs_for_00126186_2015-02-09.xml","ifrs_for_00126186/dimensions_ifrs_for_00126186/pre_ifrs_for_00126186_2015-02-09.xml",".xml","PRESENTATION_LINKBASE","PASS",""
"018260","삼성SDS","[삼성에스디에스]사업보고서_IFRS(원문XBRL)(2022.03.08).zip","6","role_ifrs_for_00126186-dim_2015-02-09.xsd","ifrs_for_00126186/dimensions_ifrs_for_00126186/role_ifrs_for_00126186-dim_2015-02-09.xsd",".xsd","XSD_SCHEMA","NOT_REQUIRED",""
"018260","삼성SDS","[삼성에스디에스]사업보고서_IFRS(원문XBRL)(2022.03.08).zip","7","lab_00126186-ko_2015-02-09.xml","labels/lab_00126186-ko_2015-02-09.xml",".xml","LABEL_LINKBASE","PASS",""
"018260","삼성SDS","[삼성에스디에스]사업보고서_IFRS(원문XBRL)(2022.03.08).zip","8","lab_00126186-en_2015-02-09.xml","labels/lab_00126186-en_2015-02-09.xml",".xml","LABEL_LINKBASE","PASS",""
"018260","삼성SDS","[삼성에스디에스]사업보고서_IFRS(원문XBRL)(2023.03.07).zip","1","00126186_2015-02-09.xbrl","00126186_2015-02-09.xbrl",".xbrl","XBRL_INSTANCE","PASS",""
"018260","삼성SDS","[삼성에스디에스]사업보고서_IFRS(원문XBRL)(2023.03.07).zip","2","00126186_entry_point_2015-02-09.xsd","00126186_entry_point_2015-02-09.xsd",".xsd","XSD_SCHEMA","NOT_REQUIRED",""
"018260","삼성SDS","[삼성에스디에스]사업보고서_IFRS(원문XBRL)(2023.03.07).zip","3","dim_ifrs_for_00126186_2015-02-09.xml","ifrs_for_00126186/dimensions_ifrs_for_00126186/dim_ifrs_for_00126186_2015-02-09.xml",".xml","DEFINITION_LINKBASE","PASS",""
"018260","삼성SDS","[삼성에스디에스]사업보고서_IFRS(원문XBRL)(2023.03.07).zip","4","cal_ifrs_for_00126186_2015-02-09.xml","ifrs_for_00126186/dimensions_ifrs_for_00126186/cal_ifrs_for_00126186_2015-02-09.xml",".xml","CALCULATION_LINKBASE","PASS",""
"018260","삼성SDS","[삼성에스디에스]사업보고서_IFRS(원문XBRL)(2023.03.07).zip","5","pre_ifrs_for_00126186_2015-02-09.xml","ifrs_for_00126186/dimensions_ifrs_for_00126186/pre_ifrs_for_00126186_2015-02-09.xml",".xml","PRESENTATION_LINKBASE","PASS",""
"018260","삼성SDS","[삼성에스디에스]사업보고서_IFRS(원문XBRL)(2023.03.07).zip","6","role_ifrs_for_00126186-dim_2015-02-09.xsd","ifrs_for_00126186/dimensions_ifrs_for_00126186/role_ifrs_for_00126186-dim_2015-02-09.xsd",".xsd","XSD_SCHEMA","NOT_REQUIRED",""
"018260","삼성SDS","[삼성에스디에스]사업보고서_IFRS(원문XBRL)(2023.03.07).zip","7","lab_00126186-ko_2015-02-09.xml","labels/lab_00126186-ko_2015-02-09.xml",".xml","LABEL_LINKBASE","PASS",""
"018260","삼성SDS","[삼성에스디에스]사업보고서_IFRS(원문XBRL)(2023.03.07).zip","8","lab_00126186-en_2015-02-09.xml","labels/lab_00126186-en_2015-02-09.xml",".xml","LABEL_LINKBASE","PASS",""
"307950","현대오토에버","[현대오토에버]반기보고서_IFRS(원문XBRL)(2020.08.14).zip","1","00362441_2019-05-02.xbrl","00362441_2019-05-02.xbrl",".xbrl","XBRL_INSTANCE","PASS",""
"307950","현대오토에버","[현대오토에버]반기보고서_IFRS(원문XBRL)(2020.08.14).zip","2","00362441_entry_point_2019-05-02.xsd","00362441_entry_point_2019-05-02.xsd",".xsd","XSD_SCHEMA","NOT_REQUIRED",""
"307950","현대오토에버","[현대오토에버]반기보고서_IFRS(원문XBRL)(2020.08.14).zip","3","dim_ifrs_for_00362441_2019-05-02.xml","ifrs_for_00362441/dimensions_ifrs_for_00362441/dim_ifrs_for_00362441_2019-05-02.xml",".xml","DEFINITION_LINKBASE","PASS",""
"307950","현대오토에버","[현대오토에버]반기보고서_IFRS(원문XBRL)(2020.08.14).zip","4","cal_ifrs_for_00362441_2019-05-02.xml","ifrs_for_00362441/dimensions_ifrs_for_00362441/cal_ifrs_for_00362441_2019-05-02.xml",".xml","CALCULATION_LINKBASE","PASS",""
"307950","현대오토에버","[현대오토에버]반기보고서_IFRS(원문XBRL)(2020.08.14).zip","5","pre_ifrs_for_00362441_2019-05-02.xml","ifrs_for_00362441/dimensions_ifrs_for_00362441/pre_ifrs_for_00362441_2019-05-02.xml",".xml","PRESENTATION_LINKBASE","PASS",""
"307950","현대오토에버","[현대오토에버]반기보고서_IFRS(원문XBRL)(2020.08.14).zip","6","role_ifrs_for_00362441-dim_2019-05-02.xsd","ifrs_for_00362441/dimensions_ifrs_for_00362441/role_ifrs_for_00362441-dim_2019-05-02.xsd",".xsd","XSD_SCHEMA","NOT_REQUIRED",""
"307950","현대오토에버","[현대오토에버]반기보고서_IFRS(원문XBRL)(2020.08.14).zip","7","lab_00362441-ko_2019-05-02.xml","labels/lab_00362441-ko_2019-05-02.xml",".xml","LABEL_LINKBASE","PASS",""
"307950","현대오토에버","[현대오토에버]반기보고서_IFRS(원문XBRL)(2020.08.14).zip","8","lab_00362441-en_2019-05-02.xml","labels/lab_00362441-en_2019-05-02.xml",".xml","LABEL_LINKBASE","PASS",""
"307950","현대오토에버","[현대오토에버]반기보고서_IFRS(원문XBRL)(2021.08.17).zip","1","00362441_2019-05-02.xbrl","00362441_2019-05-02.xbrl",".xbrl","XBRL_INSTANCE","PASS",""
"307950","현대오토에버","[현대오토에버]반기보고서_IFRS(원문XBRL)(2021.08.17).zip","2","00362441_entry_point_2019-05-02.xsd","00362441_entry_point_2019-05-02.xsd",".xsd","XSD_SCHEMA","NOT_REQUIRED",""
"307950","현대오토에버","[현대오토에버]반기보고서_IFRS(원문XBRL)(2021.08.17).zip","3","dim_ifrs_for_00362441_2019-05-02.xml","ifrs_for_00362441/dimensions_ifrs_for_00362441/dim_ifrs_for_00362441_2019-05-02.xml",".xml","DEFINITION_LINKBASE","PASS",""
"307950","현대오토에버","[현대오토에버]반기보고서_IFRS(원문XBRL)(2021.08.17).zip","4","cal_ifrs_for_00362441_2019-05-02.xml","ifrs_for_00362441/dimensions_ifrs_for_00362441/cal_ifrs_for_00362441_2019-05-02.xml",".xml","CALCULATION_LINKBASE","PASS",""
"307950","현대오토에버","[현대오토에버]반기보고서_IFRS(원문XBRL)(2021.08.17).zip","5","pre_ifrs_for_00362441_2019-05-02.xml","ifrs_for_00362441/dimensions_ifrs_for_00362441/pre_ifrs_for_00362441_2019-05-02.xml",".xml","PRESENTATION_LINKBASE","PASS",""
"307950","현대오토에버","[현대오토에버]반기보고서_IFRS(원문XBRL)(2021.08.17).zip","6","role_ifrs_for_00362441-dim_2019-05-02.xsd","ifrs_for_00362441/dimensions_ifrs_for_00362441/role_ifrs_for_00362441-dim_2019-05-02.xsd",".xsd","XSD_SCHEMA","NOT_REQUIRED",""
"307950","현대오토에버","[현대오토에버]반기보고서_IFRS(원문XBRL)(2021.08.17).zip","7","lab_00362441-ko_2019-05-02.xml","labels/lab_00362441-ko_2019-05-02.xml",".xml","LABEL_LINKBASE","PASS",""
"307950","현대오토에버","[현대오토에버]반기보고서_IFRS(원문XBRL)(2021.08.17).zip","8","lab_00362441-en_2019-05-02.xml","labels/lab_00362441-en_2019-05-02.xml",".xml","LABEL_LINKBASE","PASS",""
"307950","현대오토에버","[현대오토에버]반기보고서_IFRS(원문XBRL)(2022.08.16).zip","1","00362441_2019-05-02.xbrl","00362441_2019-05-02.xbrl",".xbrl","XBRL_INSTANCE","PASS",""
"307950","현대오토에버","[현대오토에버]반기보고서_IFRS(원문XBRL)(2022.08.16).zip","2","00362441_entry_point_2019-05-02.xsd","00362441_entry_point_2019-05-02.xsd",".xsd","XSD_SCHEMA","NOT_REQUIRED",""
"307950","현대오토에버","[현대오토에버]반기보고서_IFRS(원문XBRL)(2022.08.16).zip","3","dim_ifrs_for_00362441_2019-05-02.xml","ifrs_for_00362441/dimensions_ifrs_for_00362441/dim_ifrs_for_00362441_2019-05-02.xml",".xml","DEFINITION_LINKBASE","PASS",""
"307950","현대오토에버","[현대오토에버]반기보고서_IFRS(원문XBRL)(2022.08.16).zip","4","cal_ifrs_for_00362441_2019-05-02.xml","ifrs_for_00362441/dimensions_ifrs_for_00362441/cal_ifrs_for_00362441_2019-05-02.xml",".xml","CALCULATION_LINKBASE","PASS",""
"307950","현대오토에버","[현대오토에버]반기보고서_IFRS(원문XBRL)(2022.08.16).zip","5","pre_ifrs_for_00362441_2019-05-02.xml","ifrs_for_00362441/dimensions_ifrs_for_00362441/pre_ifrs_for_00362441_2019-05-02.xml",".xml","PRESENTATION_LINKBASE","PASS",""
"307950","현대오토에버","[현대오토에버]반기보고서_IFRS(원문XBRL)(2022.08.16).zip","6","role_ifrs_for_00362441-dim_2019-05-02.xsd","ifrs_for_00362441/dimensions_ifrs_for_00362441/role_ifrs_for_00362441-dim_2019-05-02.xsd",".xsd","XSD_SCHEMA","NOT_REQUIRED",""
"307950","현대오토에버","[현대오토에버]반기보고서_IFRS(원문XBRL)(2022.08.16).zip","7","lab_00362441-ko_2019-05-02.xml","labels/lab_00362441-ko_2019-05-02.xml",".xml","LABEL_LINKBASE","PASS",""
"307950","현대오토에버","[현대오토에버]반기보고서_IFRS(원문XBRL)(2022.08.16).zip","8","lab_00362441-en_2019-05-02.xml","labels/lab_00362441-en_2019-05-02.xml",".xml","LABEL_LINKBASE","PASS",""
"307950","현대오토에버","[현대오토에버]반기보고서_IFRS(원문XBRL)(2023.08.14).zip","1","00362441_2019-05-02.xbrl","00362441_2019-05-02.xbrl",".xbrl","XBRL_INSTANCE","PASS",""
"307950","현대오토에버","[현대오토에버]반기보고서_IFRS(원문XBRL)(2023.08.14).zip","2","00362441_entry_point_2019-05-02.xsd","00362441_entry_point_2019-05-02.xsd",".xsd","XSD_SCHEMA","NOT_REQUIRED",""
"307950","현대오토에버","[현대오토에버]반기보고서_IFRS(원문XBRL)(2023.08.14).zip","3","dim_ifrs_for_00362441_2019-05-02.xml","ifrs_for_00362441/dimensions_ifrs_for_00362441/dim_ifrs_for_00362441_2019-05-02.xml",".xml","DEFINITION_LINKBASE","PASS",""
"307950","현대오토에버","[현대오토에버]반기보고서_IFRS(원문XBRL)(2023.08.14).zip","4","cal_ifrs_for_00362441_2019-05-02.xml","ifrs_for_00362441/dimensions_ifrs_for_00362441/cal_ifrs_for_00362441_2019-05-02.xml",".xml","CALCULATION_LINKBASE","PASS",""
"307950","현대오토에버","[현대오토에버]반기보고서_IFRS(원문XBRL)(2023.08.14).zip","5","pre_ifrs_for_00362441_2019-05-02.xml","ifrs_for_00362441/dimensions_ifrs_for_00362441/pre_ifrs_for_00362441_2019-05-02.xml",".xml","PRESENTATION_LINKBASE","PASS",""
"307950","현대오토에버","[현대오토에버]반기보고서_IFRS(원문XBRL)(2023.08.14).zip","6","role_ifrs_for_00362441-dim_2019-05-02.xsd","ifrs_for_00362441/dimensions_ifrs_for_00362441/role_ifrs_for_00362441-dim_2019-05-02.xsd",".xsd","XSD_SCHEMA","NOT_REQUIRED",""
"307950","현대오토에버","[현대오토에버]반기보고서_IFRS(원문XBRL)(2023.08.14).zip","7","lab_00362441-ko_2019-05-02.xml","labels/lab_00362441-ko_2019-05-02.xml",".xml","LABEL_LINKBASE","PASS",""
"307950","현대오토에버","[현대오토에버]반기보고서_IFRS(원문XBRL)(2023.08.14).zip","8","lab_00362441-en_2019-05-02.xml","labels/lab_00362441-en_2019-05-02.xml",".xml","LABEL_LINKBASE","PASS",""
"307950","현대오토에버","[현대오토에버]분기보고서_IFRS(원문XBRL)(2020.11.16).zip","1","00362441_2019-05-02.xbrl","00362441_2019-05-02.xbrl",".xbrl","XBRL_INSTANCE","PASS",""
"307950","현대오토에버","[현대오토에버]분기보고서_IFRS(원문XBRL)(2020.11.16).zip","2","00362441_entry_point_2019-05-02.xsd","00362441_entry_point_2019-05-02.xsd",".xsd","XSD_SCHEMA","NOT_REQUIRED",""
"307950","현대오토에버","[현대오토에버]분기보고서_IFRS(원문XBRL)(2020.11.16).zip","3","dim_ifrs_for_00362441_2019-05-02.xml","ifrs_for_00362441/dimensions_ifrs_for_00362441/dim_ifrs_for_00362441_2019-05-02.xml",".xml","DEFINITION_LINKBASE","PASS",""
"307950","현대오토에버","[현대오토에버]분기보고서_IFRS(원문XBRL)(2020.11.16).zip","4","cal_ifrs_for_00362441_2019-05-02.xml","ifrs_for_00362441/dimensions_ifrs_for_00362441/cal_ifrs_for_00362441_2019-05-02.xml",".xml","CALCULATION_LINKBASE","PASS",""
"307950","현대오토에버","[현대오토에버]분기보고서_IFRS(원문XBRL)(2020.11.16).zip","5","pre_ifrs_for_00362441_2019-05-02.xml","ifrs_for_00362441/dimensions_ifrs_for_00362441/pre_ifrs_for_00362441_2019-05-02.xml",".xml","PRESENTATION_LINKBASE","PASS",""
"307950","현대오토에버","[현대오토에버]분기보고서_IFRS(원문XBRL)(2020.11.16).zip","6","role_ifrs_for_00362441-dim_2019-05-02.xsd","ifrs_for_00362441/dimensions_ifrs_for_00362441/role_ifrs_for_00362441-dim_2019-05-02.xsd",".xsd","XSD_SCHEMA","NOT_REQUIRED",""
"307950","현대오토에버","[현대오토에버]분기보고서_IFRS(원문XBRL)(2020.11.16).zip","7","lab_00362441-ko_2019-05-02.xml","labels/lab_00362441-ko_2019-05-02.xml",".xml","LABEL_LINKBASE","PASS",""
"307950","현대오토에버","[현대오토에버]분기보고서_IFRS(원문XBRL)(2020.11.16).zip","8","lab_00362441-en_2019-05-02.xml","labels/lab_00362441-en_2019-05-02.xml",".xml","LABEL_LINKBASE","PASS",""
"307950","현대오토에버","[현대오토에버]분기보고서_IFRS(원문XBRL)(2021.05.17).zip","1","00362441_2019-05-02.xbrl","00362441_2019-05-02.xbrl",".xbrl","XBRL_INSTANCE","PASS",""
"307950","현대오토에버","[현대오토에버]분기보고서_IFRS(원문XBRL)(2021.05.17).zip","2","00362441_entry_point_2019-05-02.xsd","00362441_entry_point_2019-05-02.xsd",".xsd","XSD_SCHEMA","NOT_REQUIRED",""
"307950","현대오토에버","[현대오토에버]분기보고서_IFRS(원문XBRL)(2021.05.17).zip","3","dim_ifrs_for_00362441_2019-05-02.xml","ifrs_for_00362441/dimensions_ifrs_for_00362441/dim_ifrs_for_00362441_2019-05-02.xml",".xml","DEFINITION_LINKBASE","PASS",""
"307950","현대오토에버","[현대오토에버]분기보고서_IFRS(원문XBRL)(2021.05.17).zip","4","cal_ifrs_for_00362441_2019-05-02.xml","ifrs_for_00362441/dimensions_ifrs_for_00362441/cal_ifrs_for_00362441_2019-05-02.xml",".xml","CALCULATION_LINKBASE","PASS",""
"307950","현대오토에버","[현대오토에버]분기보고서_IFRS(원문XBRL)(2021.05.17).zip","5","pre_ifrs_for_00362441_2019-05-02.xml","ifrs_for_00362441/dimensions_ifrs_for_00362441/pre_ifrs_for_00362441_2019-05-02.xml",".xml","PRESENTATION_LINKBASE","PASS",""
"307950","현대오토에버","[현대오토에버]분기보고서_IFRS(원문XBRL)(2021.05.17).zip","6","role_ifrs_for_00362441-dim_2019-05-02.xsd","ifrs_for_00362441/dimensions_ifrs_for_00362441/role_ifrs_for_00362441-dim_2019-05-02.xsd",".xsd","XSD_SCHEMA","NOT_REQUIRED",""
"307950","현대오토에버","[현대오토에버]분기보고서_IFRS(원문XBRL)(2021.05.17).zip","7","lab_00362441-ko_2019-05-02.xml","labels/lab_00362441-ko_2019-05-02.xml",".xml","LABEL_LINKBASE","PASS",""
"307950","현대오토에버","[현대오토에버]분기보고서_IFRS(원문XBRL)(2021.05.17).zip","8","lab_00362441-en_2019-05-02.xml","labels/lab_00362441-en_2019-05-02.xml",".xml","LABEL_LINKBASE","PASS",""
"307950","현대오토에버","[현대오토에버]분기보고서_IFRS(원문XBRL)(2021.11.15).zip","1","00362441_2019-05-02.xbrl","00362441_2019-05-02.xbrl",".xbrl","XBRL_INSTANCE","PASS",""
"307950","현대오토에버","[현대오토에버]분기보고서_IFRS(원문XBRL)(2021.11.15).zip","2","00362441_entry_point_2019-05-02.xsd","00362441_entry_point_2019-05-02.xsd",".xsd","XSD_SCHEMA","NOT_REQUIRED",""
"307950","현대오토에버","[현대오토에버]분기보고서_IFRS(원문XBRL)(2021.11.15).zip","3","dim_ifrs_for_00362441_2019-05-02.xml","ifrs_for_00362441/dimensions_ifrs_for_00362441/dim_ifrs_for_00362441_2019-05-02.xml",".xml","DEFINITION_LINKBASE","PASS",""
"307950","현대오토에버","[현대오토에버]분기보고서_IFRS(원문XBRL)(2021.11.15).zip","4","cal_ifrs_for_00362441_2019-05-02.xml","ifrs_for_00362441/dimensions_ifrs_for_00362441/cal_ifrs_for_00362441_2019-05-02.xml",".xml","CALCULATION_LINKBASE","PASS",""
"307950","현대오토에버","[현대오토에버]분기보고서_IFRS(원문XBRL)(2021.11.15).zip","5","pre_ifrs_for_00362441_2019-05-02.xml","ifrs_for_00362441/dimensions_ifrs_for_00362441/pre_ifrs_for_00362441_2019-05-02.xml",".xml","PRESENTATION_LINKBASE","PASS",""
"307950","현대오토에버","[현대오토에버]분기보고서_IFRS(원문XBRL)(2021.11.15).zip","6","role_ifrs_for_00362441-dim_2019-05-02.xsd","ifrs_for_00362441/dimensions_ifrs_for_00362441/role_ifrs_for_00362441-dim_2019-05-02.xsd",".xsd","XSD_SCHEMA","NOT_REQUIRED",""
"307950","현대오토에버","[현대오토에버]분기보고서_IFRS(원문XBRL)(2021.11.15).zip","7","lab_00362441-ko_2019-05-02.xml","labels/lab_00362441-ko_2019-05-02.xml",".xml","LABEL_LINKBASE","PASS",""
"307950","현대오토에버","[현대오토에버]분기보고서_IFRS(원문XBRL)(2021.11.15).zip","8","lab_00362441-en_2019-05-02.xml","labels/lab_00362441-en_2019-05-02.xml",".xml","LABEL_LINKBASE","PASS",""
"307950","현대오토에버","[현대오토에버]분기보고서_IFRS(원문XBRL)(2022.05.16).zip","1","00362441_2019-05-02.xbrl","00362441_2019-05-02.xbrl",".xbrl","XBRL_INSTANCE","PASS",""
"307950","현대오토에버","[현대오토에버]분기보고서_IFRS(원문XBRL)(2022.05.16).zip","2","00362441_entry_point_2019-05-02.xsd","00362441_entry_point_2019-05-02.xsd",".xsd","XSD_SCHEMA","NOT_REQUIRED",""
"307950","현대오토에버","[현대오토에버]분기보고서_IFRS(원문XBRL)(2022.05.16).zip","3","dim_ifrs_for_00362441_2019-05-02.xml","ifrs_for_00362441/dimensions_ifrs_for_00362441/dim_ifrs_for_00362441_2019-05-02.xml",".xml","DEFINITION_LINKBASE","PASS",""
"307950","현대오토에버","[현대오토에버]분기보고서_IFRS(원문XBRL)(2022.05.16).zip","4","cal_ifrs_for_00362441_2019-05-02.xml","ifrs_for_00362441/dimensions_ifrs_for_00362441/cal_ifrs_for_00362441_2019-05-02.xml",".xml","CALCULATION_LINKBASE","PASS",""
"307950","현대오토에버","[현대오토에버]분기보고서_IFRS(원문XBRL)(2022.05.16).zip","5","pre_ifrs_for_00362441_2019-05-02.xml","ifrs_for_00362441/dimensions_ifrs_for_00362441/pre_ifrs_for_00362441_2019-05-02.xml",".xml","PRESENTATION_LINKBASE","PASS",""
"307950","현대오토에버","[현대오토에버]분기보고서_IFRS(원문XBRL)(2022.05.16).zip","6","role_ifrs_for_00362441-dim_2019-05-02.xsd","ifrs_for_00362441/dimensions_ifrs_for_00362441/role_ifrs_for_00362441-dim_2019-05-02.xsd",".xsd","XSD_SCHEMA","NOT_REQUIRED",""
"307950","현대오토에버","[현대오토에버]분기보고서_IFRS(원문XBRL)(2022.05.16).zip","7","lab_00362441-ko_2019-05-02.xml","labels/lab_00362441-ko_2019-05-02.xml",".xml","LABEL_LINKBASE","PASS",""
"307950","현대오토에버","[현대오토에버]분기보고서_IFRS(원문XBRL)(2022.05.16).zip","8","lab_00362441-en_2019-05-02.xml","labels/lab_00362441-en_2019-05-02.xml",".xml","LABEL_LINKBASE","PASS",""
"307950","현대오토에버","[현대오토에버]분기보고서_IFRS(원문XBRL)(2022.11.14).zip","1","00362441_2019-05-02.xbrl","00362441_2019-05-02.xbrl",".xbrl","XBRL_INSTANCE","PASS",""
"307950","현대오토에버","[현대오토에버]분기보고서_IFRS(원문XBRL)(2022.11.14).zip","2","00362441_entry_point_2019-05-02.xsd","00362441_entry_point_2019-05-02.xsd",".xsd","XSD_SCHEMA","NOT_REQUIRED",""
"307950","현대오토에버","[현대오토에버]분기보고서_IFRS(원문XBRL)(2022.11.14).zip","3","dim_ifrs_for_00362441_2019-05-02.xml","ifrs_for_00362441/dimensions_ifrs_for_00362441/dim_ifrs_for_00362441_2019-05-02.xml",".xml","DEFINITION_LINKBASE","PASS",""
"307950","현대오토에버","[현대오토에버]분기보고서_IFRS(원문XBRL)(2022.11.14).zip","4","cal_ifrs_for_00362441_2019-05-02.xml","ifrs_for_00362441/dimensions_ifrs_for_00362441/cal_ifrs_for_00362441_2019-05-02.xml",".xml","CALCULATION_LINKBASE","PASS",""
"307950","현대오토에버","[현대오토에버]분기보고서_IFRS(원문XBRL)(2022.11.14).zip","5","pre_ifrs_for_00362441_2019-05-02.xml","ifrs_for_00362441/dimensions_ifrs_for_00362441/pre_ifrs_for_00362441_2019-05-02.xml",".xml","PRESENTATION_LINKBASE","PASS",""
"307950","현대오토에버","[현대오토에버]분기보고서_IFRS(원문XBRL)(2022.11.14).zip","6","role_ifrs_for_00362441-dim_2019-05-02.xsd","ifrs_for_00362441/dimensions_ifrs_for_00362441/role_ifrs_for_00362441-dim_2019-05-02.xsd",".xsd","XSD_SCHEMA","NOT_REQUIRED",""
"307950","현대오토에버","[현대오토에버]분기보고서_IFRS(원문XBRL)(2022.11.14).zip","7","lab_00362441-ko_2019-05-02.xml","labels/lab_00362441-ko_2019-05-02.xml",".xml","LABEL_LINKBASE","PASS",""
"307950","현대오토에버","[현대오토에버]분기보고서_IFRS(원문XBRL)(2022.11.14).zip","8","lab_00362441-en_2019-05-02.xml","labels/lab_00362441-en_2019-05-02.xml",".xml","LABEL_LINKBASE","PASS",""
"307950","현대오토에버","[현대오토에버]분기보고서_IFRS(원문XBRL)(2023.05.15).zip","1","00362441_2019-05-02.xbrl","00362441_2019-05-02.xbrl",".xbrl","XBRL_INSTANCE","PASS",""
"307950","현대오토에버","[현대오토에버]분기보고서_IFRS(원문XBRL)(2023.05.15).zip","2","00362441_entry_point_2019-05-02.xsd","00362441_entry_point_2019-05-02.xsd",".xsd","XSD_SCHEMA","NOT_REQUIRED",""
"307950","현대오토에버","[현대오토에버]분기보고서_IFRS(원문XBRL)(2023.05.15).zip","3","dim_ifrs_for_00362441_2019-05-02.xml","ifrs_for_00362441/dimensions_ifrs_for_00362441/dim_ifrs_for_00362441_2019-05-02.xml",".xml","DEFINITION_LINKBASE","PASS",""
"307950","현대오토에버","[현대오토에버]분기보고서_IFRS(원문XBRL)(2023.05.15).zip","4","cal_ifrs_for_00362441_2019-05-02.xml","ifrs_for_00362441/dimensions_ifrs_for_00362441/cal_ifrs_for_00362441_2019-05-02.xml",".xml","CALCULATION_LINKBASE","PASS",""
"307950","현대오토에버","[현대오토에버]분기보고서_IFRS(원문XBRL)(2023.05.15).zip","5","pre_ifrs_for_00362441_2019-05-02.xml","ifrs_for_00362441/dimensions_ifrs_for_00362441/pre_ifrs_for_00362441_2019-05-02.xml",".xml","PRESENTATION_LINKBASE","PASS",""
"307950","현대오토에버","[현대오토에버]분기보고서_IFRS(원문XBRL)(2023.05.15).zip","6","role_ifrs_for_00362441-dim_2019-05-02.xsd","ifrs_for_00362441/dimensions_ifrs_for_00362441/role_ifrs_for_00362441-dim_2019-05-02.xsd",".xsd","XSD_SCHEMA","NOT_REQUIRED",""
"307950","현대오토에버","[현대오토에버]분기보고서_IFRS(원문XBRL)(2023.05.15).zip","7","lab_00362441-ko_2019-05-02.xml","labels/lab_00362441-ko_2019-05-02.xml",".xml","LABEL_LINKBASE","PASS",""
"307950","현대오토에버","[현대오토에버]분기보고서_IFRS(원문XBRL)(2023.05.15).zip","8","lab_00362441-en_2019-05-02.xml","labels/lab_00362441-en_2019-05-02.xml",".xml","LABEL_LINKBASE","PASS",""
"307950","현대오토에버","[현대오토에버]사업보고서_IFRS(원문XBRL)(2021.03.18).zip","1","00362441_2019-05-02.xbrl","00362441_2019-05-02.xbrl",".xbrl","XBRL_INSTANCE","PASS",""
"307950","현대오토에버","[현대오토에버]사업보고서_IFRS(원문XBRL)(2021.03.18).zip","2","00362441_entry_point_2019-05-02.xsd","00362441_entry_point_2019-05-02.xsd",".xsd","XSD_SCHEMA","NOT_REQUIRED",""
"307950","현대오토에버","[현대오토에버]사업보고서_IFRS(원문XBRL)(2021.03.18).zip","3","dim_ifrs_for_00362441_2019-05-02.xml","ifrs_for_00362441/dimensions_ifrs_for_00362441/dim_ifrs_for_00362441_2019-05-02.xml",".xml","DEFINITION_LINKBASE","PASS",""
"307950","현대오토에버","[현대오토에버]사업보고서_IFRS(원문XBRL)(2021.03.18).zip","4","cal_ifrs_for_00362441_2019-05-02.xml","ifrs_for_00362441/dimensions_ifrs_for_00362441/cal_ifrs_for_00362441_2019-05-02.xml",".xml","CALCULATION_LINKBASE","PASS",""
"307950","현대오토에버","[현대오토에버]사업보고서_IFRS(원문XBRL)(2021.03.18).zip","5","pre_ifrs_for_00362441_2019-05-02.xml","ifrs_for_00362441/dimensions_ifrs_for_00362441/pre_ifrs_for_00362441_2019-05-02.xml",".xml","PRESENTATION_LINKBASE","PASS",""
"307950","현대오토에버","[현대오토에버]사업보고서_IFRS(원문XBRL)(2021.03.18).zip","6","role_ifrs_for_00362441-dim_2019-05-02.xsd","ifrs_for_00362441/dimensions_ifrs_for_00362441/role_ifrs_for_00362441-dim_2019-05-02.xsd",".xsd","XSD_SCHEMA","NOT_REQUIRED",""
"307950","현대오토에버","[현대오토에버]사업보고서_IFRS(원문XBRL)(2021.03.18).zip","7","lab_00362441-ko_2019-05-02.xml","labels/lab_00362441-ko_2019-05-02.xml",".xml","LABEL_LINKBASE","PASS",""
"307950","현대오토에버","[현대오토에버]사업보고서_IFRS(원문XBRL)(2021.03.18).zip","8","lab_00362441-en_2019-05-02.xml","labels/lab_00362441-en_2019-05-02.xml",".xml","LABEL_LINKBASE","PASS",""
"307950","현대오토에버","[현대오토에버]사업보고서_IFRS(원문XBRL)(2022.03.17).zip","1","00362441_2019-05-02.xbrl","00362441_2019-05-02.xbrl",".xbrl","XBRL_INSTANCE","PASS",""
"307950","현대오토에버","[현대오토에버]사업보고서_IFRS(원문XBRL)(2022.03.17).zip","2","00362441_entry_point_2019-05-02.xsd","00362441_entry_point_2019-05-02.xsd",".xsd","XSD_SCHEMA","NOT_REQUIRED",""
"307950","현대오토에버","[현대오토에버]사업보고서_IFRS(원문XBRL)(2022.03.17).zip","3","dim_ifrs_for_00362441_2019-05-02.xml","ifrs_for_00362441/dimensions_ifrs_for_00362441/dim_ifrs_for_00362441_2019-05-02.xml",".xml","DEFINITION_LINKBASE","PASS",""
"307950","현대오토에버","[현대오토에버]사업보고서_IFRS(원문XBRL)(2022.03.17).zip","4","cal_ifrs_for_00362441_2019-05-02.xml","ifrs_for_00362441/dimensions_ifrs_for_00362441/cal_ifrs_for_00362441_2019-05-02.xml",".xml","CALCULATION_LINKBASE","PASS",""
"307950","현대오토에버","[현대오토에버]사업보고서_IFRS(원문XBRL)(2022.03.17).zip","5","pre_ifrs_for_00362441_2019-05-02.xml","ifrs_for_00362441/dimensions_ifrs_for_00362441/pre_ifrs_for_00362441_2019-05-02.xml",".xml","PRESENTATION_LINKBASE","PASS",""
"307950","현대오토에버","[현대오토에버]사업보고서_IFRS(원문XBRL)(2022.03.17).zip","6","role_ifrs_for_00362441-dim_2019-05-02.xsd","ifrs_for_00362441/dimensions_ifrs_for_00362441/role_ifrs_for_00362441-dim_2019-05-02.xsd",".xsd","XSD_SCHEMA","NOT_REQUIRED",""
"307950","현대오토에버","[현대오토에버]사업보고서_IFRS(원문XBRL)(2022.03.17).zip","7","lab_00362441-ko_2019-05-02.xml","labels/lab_00362441-ko_2019-05-02.xml",".xml","LABEL_LINKBASE","PASS",""
"307950","현대오토에버","[현대오토에버]사업보고서_IFRS(원문XBRL)(2022.03.17).zip","8","lab_00362441-en_2019-05-02.xml","labels/lab_00362441-en_2019-05-02.xml",".xml","LABEL_LINKBASE","PASS",""
"307950","현대오토에버","[현대오토에버]사업보고서_IFRS(원문XBRL)(2023.03.17).zip","1","00362441_2019-05-02.xbrl","00362441_2019-05-02.xbrl",".xbrl","XBRL_INSTANCE","PASS",""
"307950","현대오토에버","[현대오토에버]사업보고서_IFRS(원문XBRL)(2023.03.17).zip","2","00362441_entry_point_2019-05-02.xsd","00362441_entry_point_2019-05-02.xsd",".xsd","XSD_SCHEMA","NOT_REQUIRED",""
"307950","현대오토에버","[현대오토에버]사업보고서_IFRS(원문XBRL)(2023.03.17).zip","3","dim_ifrs_for_00362441_2019-05-02.xml","ifrs_for_00362441/dimensions_ifrs_for_00362441/dim_ifrs_for_00362441_2019-05-02.xml",".xml","DEFINITION_LINKBASE","PASS",""
"307950","현대오토에버","[현대오토에버]사업보고서_IFRS(원문XBRL)(2023.03.17).zip","4","cal_ifrs_for_00362441_2019-05-02.xml","ifrs_for_00362441/dimensions_ifrs_for_00362441/cal_ifrs_for_00362441_2019-05-02.xml",".xml","CALCULATION_LINKBASE","PASS",""
"307950","현대오토에버","[현대오토에버]사업보고서_IFRS(원문XBRL)(2023.03.17).zip","5","pre_ifrs_for_00362441_2019-05-02.xml","ifrs_for_00362441/dimensions_ifrs_for_00362441/pre_ifrs_for_00362441_2019-05-02.xml",".xml","PRESENTATION_LINKBASE","PASS",""
"307950","현대오토에버","[현대오토에버]사업보고서_IFRS(원문XBRL)(2023.03.17).zip","6","role_ifrs_for_00362441-dim_2019-05-02.xsd","ifrs_for_00362441/dimensions_ifrs_for_00362441/role_ifrs_for_00362441-dim_2019-05-02.xsd",".xsd","XSD_SCHEMA","NOT_REQUIRED",""
"307950","현대오토에버","[현대오토에버]사업보고서_IFRS(원문XBRL)(2023.03.17).zip","7","lab_00362441-ko_2019-05-02.xml","labels/lab_00362441-ko_2019-05-02.xml",".xml","LABEL_LINKBASE","PASS",""
"307950","현대오토에버","[현대오토에버]사업보고서_IFRS(원문XBRL)(2023.03.17).zip","8","lab_00362441-en_2019-05-02.xml","labels/lab_00362441-en_2019-05-02.xml",".xml","LABEL_LINKBASE","PASS",""
"079550","LIG넥스원","[LIG디펜스앤에어로스페이스][정정]사업보고서_IFRS(원문XBRL)(2021.04.27).zip","1","00503668_2015-11-13.xbrl","00503668_2015-11-13.xbrl",".xbrl","XBRL_INSTANCE","PASS",""
"079550","LIG넥스원","[LIG디펜스앤에어로스페이스][정정]사업보고서_IFRS(원문XBRL)(2021.04.27).zip","2","00503668_entry_point_2015-11-13.xsd","00503668_entry_point_2015-11-13.xsd",".xsd","XSD_SCHEMA","NOT_REQUIRED",""
"079550","LIG넥스원","[LIG디펜스앤에어로스페이스][정정]사업보고서_IFRS(원문XBRL)(2021.04.27).zip","3","dim_ifrs_for_00503668_2015-11-13.xml","ifrs_for_00503668/dimensions_ifrs_for_00503668/dim_ifrs_for_00503668_2015-11-13.xml",".xml","DEFINITION_LINKBASE","PASS",""
"079550","LIG넥스원","[LIG디펜스앤에어로스페이스][정정]사업보고서_IFRS(원문XBRL)(2021.04.27).zip","4","cal_ifrs_for_00503668_2015-11-13.xml","ifrs_for_00503668/dimensions_ifrs_for_00503668/cal_ifrs_for_00503668_2015-11-13.xml",".xml","CALCULATION_LINKBASE","PASS",""
"079550","LIG넥스원","[LIG디펜스앤에어로스페이스][정정]사업보고서_IFRS(원문XBRL)(2021.04.27).zip","5","pre_ifrs_for_00503668_2015-11-13.xml","ifrs_for_00503668/dimensions_ifrs_for_00503668/pre_ifrs_for_00503668_2015-11-13.xml",".xml","PRESENTATION_LINKBASE","PASS",""
"079550","LIG넥스원","[LIG디펜스앤에어로스페이스][정정]사업보고서_IFRS(원문XBRL)(2021.04.27).zip","6","role_ifrs_for_00503668-dim_2015-11-13.xsd","ifrs_for_00503668/dimensions_ifrs_for_00503668/role_ifrs_for_00503668-dim_2015-11-13.xsd",".xsd","XSD_SCHEMA","NOT_REQUIRED",""
"079550","LIG넥스원","[LIG디펜스앤에어로스페이스][정정]사업보고서_IFRS(원문XBRL)(2021.04.27).zip","7","lab_00503668-ko_2015-11-13.xml","labels/lab_00503668-ko_2015-11-13.xml",".xml","LABEL_LINKBASE","PASS",""
"079550","LIG넥스원","[LIG디펜스앤에어로스페이스][정정]사업보고서_IFRS(원문XBRL)(2021.04.27).zip","8","lab_00503668-en_2015-11-13.xml","labels/lab_00503668-en_2015-11-13.xml",".xml","LABEL_LINKBASE","PASS",""
"079550","LIG넥스원","[LIG디펜스앤에어로스페이스][정정]사업보고서_IFRS(원문XBRL)(2022.03.18).zip","1","00503668_2015-11-13.xbrl","00503668_2015-11-13.xbrl",".xbrl","XBRL_INSTANCE","PASS",""
"079550","LIG넥스원","[LIG디펜스앤에어로스페이스][정정]사업보고서_IFRS(원문XBRL)(2022.03.18).zip","2","00503668_entry_point_2015-11-13.xsd","00503668_entry_point_2015-11-13.xsd",".xsd","XSD_SCHEMA","NOT_REQUIRED",""
"079550","LIG넥스원","[LIG디펜스앤에어로스페이스][정정]사업보고서_IFRS(원문XBRL)(2022.03.18).zip","3","dim_ifrs_for_00503668_2015-11-13.xml","ifrs_for_00503668/dimensions_ifrs_for_00503668/dim_ifrs_for_00503668_2015-11-13.xml",".xml","DEFINITION_LINKBASE","PASS",""
"079550","LIG넥스원","[LIG디펜스앤에어로스페이스][정정]사업보고서_IFRS(원문XBRL)(2022.03.18).zip","4","cal_ifrs_for_00503668_2015-11-13.xml","ifrs_for_00503668/dimensions_ifrs_for_00503668/cal_ifrs_for_00503668_2015-11-13.xml",".xml","CALCULATION_LINKBASE","PASS",""
"079550","LIG넥스원","[LIG디펜스앤에어로스페이스][정정]사업보고서_IFRS(원문XBRL)(2022.03.18).zip","5","pre_ifrs_for_00503668_2015-11-13.xml","ifrs_for_00503668/dimensions_ifrs_for_00503668/pre_ifrs_for_00503668_2015-11-13.xml",".xml","PRESENTATION_LINKBASE","PASS",""
"079550","LIG넥스원","[LIG디펜스앤에어로스페이스][정정]사업보고서_IFRS(원문XBRL)(2022.03.18).zip","6","role_ifrs_for_00503668-dim_2015-11-13.xsd","ifrs_for_00503668/dimensions_ifrs_for_00503668/role_ifrs_for_00503668-dim_2015-11-13.xsd",".xsd","XSD_SCHEMA","NOT_REQUIRED",""
"079550","LIG넥스원","[LIG디펜스앤에어로스페이스][정정]사업보고서_IFRS(원문XBRL)(2022.03.18).zip","7","lab_00503668-ko_2015-11-13.xml","labels/lab_00503668-ko_2015-11-13.xml",".xml","LABEL_LINKBASE","PASS",""
"079550","LIG넥스원","[LIG디펜스앤에어로스페이스][정정]사업보고서_IFRS(원문XBRL)(2022.03.18).zip","8","lab_00503668-en_2015-11-13.xml","labels/lab_00503668-en_2015-11-13.xml",".xml","LABEL_LINKBASE","PASS",""
"079550","LIG넥스원","[LIG디펜스앤에어로스페이스]반기보고서_IFRS(원문XBRL)(2021.08.12).zip","1","00503668_2015-11-13.xbrl","00503668_2015-11-13.xbrl",".xbrl","XBRL_INSTANCE","PASS",""
"079550","LIG넥스원","[LIG디펜스앤에어로스페이스]반기보고서_IFRS(원문XBRL)(2021.08.12).zip","2","00503668_entry_point_2015-11-13.xsd","00503668_entry_point_2015-11-13.xsd",".xsd","XSD_SCHEMA","NOT_REQUIRED",""
"079550","LIG넥스원","[LIG디펜스앤에어로스페이스]반기보고서_IFRS(원문XBRL)(2021.08.12).zip","3","dim_ifrs_for_00503668_2015-11-13.xml","ifrs_for_00503668/dimensions_ifrs_for_00503668/dim_ifrs_for_00503668_2015-11-13.xml",".xml","DEFINITION_LINKBASE","PASS",""
"079550","LIG넥스원","[LIG디펜스앤에어로스페이스]반기보고서_IFRS(원문XBRL)(2021.08.12).zip","4","cal_ifrs_for_00503668_2015-11-13.xml","ifrs_for_00503668/dimensions_ifrs_for_00503668/cal_ifrs_for_00503668_2015-11-13.xml",".xml","CALCULATION_LINKBASE","PASS",""
"079550","LIG넥스원","[LIG디펜스앤에어로스페이스]반기보고서_IFRS(원문XBRL)(2021.08.12).zip","5","pre_ifrs_for_00503668_2015-11-13.xml","ifrs_for_00503668/dimensions_ifrs_for_00503668/pre_ifrs_for_00503668_2015-11-13.xml",".xml","PRESENTATION_LINKBASE","PASS",""
"079550","LIG넥스원","[LIG디펜스앤에어로스페이스]반기보고서_IFRS(원문XBRL)(2021.08.12).zip","6","role_ifrs_for_00503668-dim_2015-11-13.xsd","ifrs_for_00503668/dimensions_ifrs_for_00503668/role_ifrs_for_00503668-dim_2015-11-13.xsd",".xsd","XSD_SCHEMA","NOT_REQUIRED",""
"079550","LIG넥스원","[LIG디펜스앤에어로스페이스]반기보고서_IFRS(원문XBRL)(2021.08.12).zip","7","lab_00503668-ko_2015-11-13.xml","labels/lab_00503668-ko_2015-11-13.xml",".xml","LABEL_LINKBASE","PASS",""
"079550","LIG넥스원","[LIG디펜스앤에어로스페이스]반기보고서_IFRS(원문XBRL)(2021.08.12).zip","8","lab_00503668-en_2015-11-13.xml","labels/lab_00503668-en_2015-11-13.xml",".xml","LABEL_LINKBASE","PASS",""
"079550","LIG넥스원","[LIG디펜스앤에어로스페이스]반기보고서_IFRS(원문XBRL)(2022.08.12).zip","1","00503668_2015-11-13.xbrl","00503668_2015-11-13.xbrl",".xbrl","XBRL_INSTANCE","PASS",""
"079550","LIG넥스원","[LIG디펜스앤에어로스페이스]반기보고서_IFRS(원문XBRL)(2022.08.12).zip","2","00503668_entry_point_2015-11-13.xsd","00503668_entry_point_2015-11-13.xsd",".xsd","XSD_SCHEMA","NOT_REQUIRED",""
"079550","LIG넥스원","[LIG디펜스앤에어로스페이스]반기보고서_IFRS(원문XBRL)(2022.08.12).zip","3","dim_ifrs_for_00503668_2015-11-13.xml","ifrs_for_00503668/dimensions_ifrs_for_00503668/dim_ifrs_for_00503668_2015-11-13.xml",".xml","DEFINITION_LINKBASE","PASS",""
"079550","LIG넥스원","[LIG디펜스앤에어로스페이스]반기보고서_IFRS(원문XBRL)(2022.08.12).zip","4","cal_ifrs_for_00503668_2015-11-13.xml","ifrs_for_00503668/dimensions_ifrs_for_00503668/cal_ifrs_for_00503668_2015-11-13.xml",".xml","CALCULATION_LINKBASE","PASS",""
"079550","LIG넥스원","[LIG디펜스앤에어로스페이스]반기보고서_IFRS(원문XBRL)(2022.08.12).zip","5","pre_ifrs_for_00503668_2015-11-13.xml","ifrs_for_00503668/dimensions_ifrs_for_00503668/pre_ifrs_for_00503668_2015-11-13.xml",".xml","PRESENTATION_LINKBASE","PASS",""
"079550","LIG넥스원","[LIG디펜스앤에어로스페이스]반기보고서_IFRS(원문XBRL)(2022.08.12).zip","6","role_ifrs_for_00503668-dim_2015-11-13.xsd","ifrs_for_00503668/dimensions_ifrs_for_00503668/role_ifrs_for_00503668-dim_2015-11-13.xsd",".xsd","XSD_SCHEMA","NOT_REQUIRED",""
"079550","LIG넥스원","[LIG디펜스앤에어로스페이스]반기보고서_IFRS(원문XBRL)(2022.08.12).zip","7","lab_00503668-ko_2015-11-13.xml","labels/lab_00503668-ko_2015-11-13.xml",".xml","LABEL_LINKBASE","PASS",""
"079550","LIG넥스원","[LIG디펜스앤에어로스페이스]반기보고서_IFRS(원문XBRL)(2022.08.12).zip","8","lab_00503668-en_2015-11-13.xml","labels/lab_00503668-en_2015-11-13.xml",".xml","LABEL_LINKBASE","PASS",""
"079550","LIG넥스원","[LIG디펜스앤에어로스페이스]반기보고서_IFRS(원문XBRL)(2023.08.14).zip","1","00503668_2015-11-13.xbrl","00503668_2015-11-13.xbrl",".xbrl","XBRL_INSTANCE","PASS",""
"079550","LIG넥스원","[LIG디펜스앤에어로스페이스]반기보고서_IFRS(원문XBRL)(2023.08.14).zip","2","00503668_entry_point_2015-11-13.xsd","00503668_entry_point_2015-11-13.xsd",".xsd","XSD_SCHEMA","NOT_REQUIRED",""
"079550","LIG넥스원","[LIG디펜스앤에어로스페이스]반기보고서_IFRS(원문XBRL)(2023.08.14).zip","3","dim_ifrs_for_00503668_2015-11-13.xml","ifrs_for_00503668/dimensions_ifrs_for_00503668/dim_ifrs_for_00503668_2015-11-13.xml",".xml","DEFINITION_LINKBASE","PASS",""
"079550","LIG넥스원","[LIG디펜스앤에어로스페이스]반기보고서_IFRS(원문XBRL)(2023.08.14).zip","4","cal_ifrs_for_00503668_2015-11-13.xml","ifrs_for_00503668/dimensions_ifrs_for_00503668/cal_ifrs_for_00503668_2015-11-13.xml",".xml","CALCULATION_LINKBASE","PASS",""
"079550","LIG넥스원","[LIG디펜스앤에어로스페이스]반기보고서_IFRS(원문XBRL)(2023.08.14).zip","5","pre_ifrs_for_00503668_2015-11-13.xml","ifrs_for_00503668/dimensions_ifrs_for_00503668/pre_ifrs_for_00503668_2015-11-13.xml",".xml","PRESENTATION_LINKBASE","PASS",""
"079550","LIG넥스원","[LIG디펜스앤에어로스페이스]반기보고서_IFRS(원문XBRL)(2023.08.14).zip","6","role_ifrs_for_00503668-dim_2015-11-13.xsd","ifrs_for_00503668/dimensions_ifrs_for_00503668/role_ifrs_for_00503668-dim_2015-11-13.xsd",".xsd","XSD_SCHEMA","NOT_REQUIRED",""
"079550","LIG넥스원","[LIG디펜스앤에어로스페이스]반기보고서_IFRS(원문XBRL)(2023.08.14).zip","7","lab_00503668-ko_2015-11-13.xml","labels/lab_00503668-ko_2015-11-13.xml",".xml","LABEL_LINKBASE","PASS",""
"079550","LIG넥스원","[LIG디펜스앤에어로스페이스]반기보고서_IFRS(원문XBRL)(2023.08.14).zip","8","lab_00503668-en_2015-11-13.xml","labels/lab_00503668-en_2015-11-13.xml",".xml","LABEL_LINKBASE","PASS",""
"079550","LIG넥스원","[LIG디펜스앤에어로스페이스]분기보고서_IFRS(원문XBRL)(2021.05.17).zip","1","00503668_2015-11-13.xbrl","00503668_2015-11-13.xbrl",".xbrl","XBRL_INSTANCE","PASS",""
"079550","LIG넥스원","[LIG디펜스앤에어로스페이스]분기보고서_IFRS(원문XBRL)(2021.05.17).zip","2","00503668_entry_point_2015-11-13.xsd","00503668_entry_point_2015-11-13.xsd",".xsd","XSD_SCHEMA","NOT_REQUIRED",""
"079550","LIG넥스원","[LIG디펜스앤에어로스페이스]분기보고서_IFRS(원문XBRL)(2021.05.17).zip","3","dim_ifrs_for_00503668_2015-11-13.xml","ifrs_for_00503668/dimensions_ifrs_for_00503668/dim_ifrs_for_00503668_2015-11-13.xml",".xml","DEFINITION_LINKBASE","PASS",""
"079550","LIG넥스원","[LIG디펜스앤에어로스페이스]분기보고서_IFRS(원문XBRL)(2021.05.17).zip","4","cal_ifrs_for_00503668_2015-11-13.xml","ifrs_for_00503668/dimensions_ifrs_for_00503668/cal_ifrs_for_00503668_2015-11-13.xml",".xml","CALCULATION_LINKBASE","PASS",""
"079550","LIG넥스원","[LIG디펜스앤에어로스페이스]분기보고서_IFRS(원문XBRL)(2021.05.17).zip","5","pre_ifrs_for_00503668_2015-11-13.xml","ifrs_for_00503668/dimensions_ifrs_for_00503668/pre_ifrs_for_00503668_2015-11-13.xml",".xml","PRESENTATION_LINKBASE","PASS",""
"079550","LIG넥스원","[LIG디펜스앤에어로스페이스]분기보고서_IFRS(원문XBRL)(2021.05.17).zip","6","role_ifrs_for_00503668-dim_2015-11-13.xsd","ifrs_for_00503668/dimensions_ifrs_for_00503668/role_ifrs_for_00503668-dim_2015-11-13.xsd",".xsd","XSD_SCHEMA","NOT_REQUIRED",""
"079550","LIG넥스원","[LIG디펜스앤에어로스페이스]분기보고서_IFRS(원문XBRL)(2021.05.17).zip","7","lab_00503668-ko_2015-11-13.xml","labels/lab_00503668-ko_2015-11-13.xml",".xml","LABEL_LINKBASE","PASS",""
"079550","LIG넥스원","[LIG디펜스앤에어로스페이스]분기보고서_IFRS(원문XBRL)(2021.05.17).zip","8","lab_00503668-en_2015-11-13.xml","labels/lab_00503668-en_2015-11-13.xml",".xml","LABEL_LINKBASE","PASS",""
"079550","LIG넥스원","[LIG디펜스앤에어로스페이스]분기보고서_IFRS(원문XBRL)(2021.11.11).zip","1","00503668_2015-11-13.xbrl","00503668_2015-11-13.xbrl",".xbrl","XBRL_INSTANCE","PASS",""
"079550","LIG넥스원","[LIG디펜스앤에어로스페이스]분기보고서_IFRS(원문XBRL)(2021.11.11).zip","2","00503668_entry_point_2015-11-13.xsd","00503668_entry_point_2015-11-13.xsd",".xsd","XSD_SCHEMA","NOT_REQUIRED",""
"079550","LIG넥스원","[LIG디펜스앤에어로스페이스]분기보고서_IFRS(원문XBRL)(2021.11.11).zip","3","dim_ifrs_for_00503668_2015-11-13.xml","ifrs_for_00503668/dimensions_ifrs_for_00503668/dim_ifrs_for_00503668_2015-11-13.xml",".xml","DEFINITION_LINKBASE","PASS",""
"079550","LIG넥스원","[LIG디펜스앤에어로스페이스]분기보고서_IFRS(원문XBRL)(2021.11.11).zip","4","cal_ifrs_for_00503668_2015-11-13.xml","ifrs_for_00503668/dimensions_ifrs_for_00503668/cal_ifrs_for_00503668_2015-11-13.xml",".xml","CALCULATION_LINKBASE","PASS",""
"079550","LIG넥스원","[LIG디펜스앤에어로스페이스]분기보고서_IFRS(원문XBRL)(2021.11.11).zip","5","pre_ifrs_for_00503668_2015-11-13.xml","ifrs_for_00503668/dimensions_ifrs_for_00503668/pre_ifrs_for_00503668_2015-11-13.xml",".xml","PRESENTATION_LINKBASE","PASS",""
"079550","LIG넥스원","[LIG디펜스앤에어로스페이스]분기보고서_IFRS(원문XBRL)(2021.11.11).zip","6","role_ifrs_for_00503668-dim_2015-11-13.xsd","ifrs_for_00503668/dimensions_ifrs_for_00503668/role_ifrs_for_00503668-dim_2015-11-13.xsd",".xsd","XSD_SCHEMA","NOT_REQUIRED",""
"079550","LIG넥스원","[LIG디펜스앤에어로스페이스]분기보고서_IFRS(원문XBRL)(2021.11.11).zip","7","lab_00503668-ko_2015-11-13.xml","labels/lab_00503668-ko_2015-11-13.xml",".xml","LABEL_LINKBASE","PASS",""
"079550","LIG넥스원","[LIG디펜스앤에어로스페이스]분기보고서_IFRS(원문XBRL)(2021.11.11).zip","8","lab_00503668-en_2015-11-13.xml","labels/lab_00503668-en_2015-11-13.xml",".xml","LABEL_LINKBASE","PASS",""
"079550","LIG넥스원","[LIG디펜스앤에어로스페이스]분기보고서_IFRS(원문XBRL)(2022.05.13).zip","1","00503668_2015-11-13.xbrl","00503668_2015-11-13.xbrl",".xbrl","XBRL_INSTANCE","PASS",""
"079550","LIG넥스원","[LIG디펜스앤에어로스페이스]분기보고서_IFRS(원문XBRL)(2022.05.13).zip","2","00503668_entry_point_2015-11-13.xsd","00503668_entry_point_2015-11-13.xsd",".xsd","XSD_SCHEMA","NOT_REQUIRED",""
"079550","LIG넥스원","[LIG디펜스앤에어로스페이스]분기보고서_IFRS(원문XBRL)(2022.05.13).zip","3","dim_ifrs_for_00503668_2015-11-13.xml","ifrs_for_00503668/dimensions_ifrs_for_00503668/dim_ifrs_for_00503668_2015-11-13.xml",".xml","DEFINITION_LINKBASE","PASS",""
"079550","LIG넥스원","[LIG디펜스앤에어로스페이스]분기보고서_IFRS(원문XBRL)(2022.05.13).zip","4","cal_ifrs_for_00503668_2015-11-13.xml","ifrs_for_00503668/dimensions_ifrs_for_00503668/cal_ifrs_for_00503668_2015-11-13.xml",".xml","CALCULATION_LINKBASE","PASS",""
"079550","LIG넥스원","[LIG디펜스앤에어로스페이스]분기보고서_IFRS(원문XBRL)(2022.05.13).zip","5","pre_ifrs_for_00503668_2015-11-13.xml","ifrs_for_00503668/dimensions_ifrs_for_00503668/pre_ifrs_for_00503668_2015-11-13.xml",".xml","PRESENTATION_LINKBASE","PASS",""
"079550","LIG넥스원","[LIG디펜스앤에어로스페이스]분기보고서_IFRS(원문XBRL)(2022.05.13).zip","6","role_ifrs_for_00503668-dim_2015-11-13.xsd","ifrs_for_00503668/dimensions_ifrs_for_00503668/role_ifrs_for_00503668-dim_2015-11-13.xsd",".xsd","XSD_SCHEMA","NOT_REQUIRED",""
"079550","LIG넥스원","[LIG디펜스앤에어로스페이스]분기보고서_IFRS(원문XBRL)(2022.05.13).zip","7","lab_00503668-ko_2015-11-13.xml","labels/lab_00503668-ko_2015-11-13.xml",".xml","LABEL_LINKBASE","PASS",""
"079550","LIG넥스원","[LIG디펜스앤에어로스페이스]분기보고서_IFRS(원문XBRL)(2022.05.13).zip","8","lab_00503668-en_2015-11-13.xml","labels/lab_00503668-en_2015-11-13.xml",".xml","LABEL_LINKBASE","PASS",""
"079550","LIG넥스원","[LIG디펜스앤에어로스페이스]분기보고서_IFRS(원문XBRL)(2022.11.11).zip","1","00503668_2015-11-13.xbrl","00503668_2015-11-13.xbrl",".xbrl","XBRL_INSTANCE","PASS",""
"079550","LIG넥스원","[LIG디펜스앤에어로스페이스]분기보고서_IFRS(원문XBRL)(2022.11.11).zip","2","00503668_entry_point_2015-11-13.xsd","00503668_entry_point_2015-11-13.xsd",".xsd","XSD_SCHEMA","NOT_REQUIRED",""
"079550","LIG넥스원","[LIG디펜스앤에어로스페이스]분기보고서_IFRS(원문XBRL)(2022.11.11).zip","3","dim_ifrs_for_00503668_2015-11-13.xml","ifrs_for_00503668/dimensions_ifrs_for_00503668/dim_ifrs_for_00503668_2015-11-13.xml",".xml","DEFINITION_LINKBASE","PASS",""
"079550","LIG넥스원","[LIG디펜스앤에어로스페이스]분기보고서_IFRS(원문XBRL)(2022.11.11).zip","4","cal_ifrs_for_00503668_2015-11-13.xml","ifrs_for_00503668/dimensions_ifrs_for_00503668/cal_ifrs_for_00503668_2015-11-13.xml",".xml","CALCULATION_LINKBASE","PASS",""
"079550","LIG넥스원","[LIG디펜스앤에어로스페이스]분기보고서_IFRS(원문XBRL)(2022.11.11).zip","5","pre_ifrs_for_00503668_2015-11-13.xml","ifrs_for_00503668/dimensions_ifrs_for_00503668/pre_ifrs_for_00503668_2015-11-13.xml",".xml","PRESENTATION_LINKBASE","PASS",""
"079550","LIG넥스원","[LIG디펜스앤에어로스페이스]분기보고서_IFRS(원문XBRL)(2022.11.11).zip","6","role_ifrs_for_00503668-dim_2015-11-13.xsd","ifrs_for_00503668/dimensions_ifrs_for_00503668/role_ifrs_for_00503668-dim_2015-11-13.xsd",".xsd","XSD_SCHEMA","NOT_REQUIRED",""
"079550","LIG넥스원","[LIG디펜스앤에어로스페이스]분기보고서_IFRS(원문XBRL)(2022.11.11).zip","7","lab_00503668-ko_2015-11-13.xml","labels/lab_00503668-ko_2015-11-13.xml",".xml","LABEL_LINKBASE","PASS",""
"079550","LIG넥스원","[LIG디펜스앤에어로스페이스]분기보고서_IFRS(원문XBRL)(2022.11.11).zip","8","lab_00503668-en_2015-11-13.xml","labels/lab_00503668-en_2015-11-13.xml",".xml","LABEL_LINKBASE","PASS",""
"079550","LIG넥스원","[LIG디펜스앤에어로스페이스]분기보고서_IFRS(원문XBRL)(2023.05.15).zip","1","00503668_2015-11-13.xbrl","00503668_2015-11-13.xbrl",".xbrl","XBRL_INSTANCE","PASS",""
"079550","LIG넥스원","[LIG디펜스앤에어로스페이스]분기보고서_IFRS(원문XBRL)(2023.05.15).zip","2","00503668_entry_point_2015-11-13.xsd","00503668_entry_point_2015-11-13.xsd",".xsd","XSD_SCHEMA","NOT_REQUIRED",""
"079550","LIG넥스원","[LIG디펜스앤에어로스페이스]분기보고서_IFRS(원문XBRL)(2023.05.15).zip","3","dim_ifrs_for_00503668_2015-11-13.xml","ifrs_for_00503668/dimensions_ifrs_for_00503668/dim_ifrs_for_00503668_2015-11-13.xml",".xml","DEFINITION_LINKBASE","PASS",""
"079550","LIG넥스원","[LIG디펜스앤에어로스페이스]분기보고서_IFRS(원문XBRL)(2023.05.15).zip","4","cal_ifrs_for_00503668_2015-11-13.xml","ifrs_for_00503668/dimensions_ifrs_for_00503668/cal_ifrs_for_00503668_2015-11-13.xml",".xml","CALCULATION_LINKBASE","PASS",""
"079550","LIG넥스원","[LIG디펜스앤에어로스페이스]분기보고서_IFRS(원문XBRL)(2023.05.15).zip","5","pre_ifrs_for_00503668_2015-11-13.xml","ifrs_for_00503668/dimensions_ifrs_for_00503668/pre_ifrs_for_00503668_2015-11-13.xml",".xml","PRESENTATION_LINKBASE","PASS",""
"079550","LIG넥스원","[LIG디펜스앤에어로스페이스]분기보고서_IFRS(원문XBRL)(2023.05.15).zip","6","role_ifrs_for_00503668-dim_2015-11-13.xsd","ifrs_for_00503668/dimensions_ifrs_for_00503668/role_ifrs_for_00503668-dim_2015-11-13.xsd",".xsd","XSD_SCHEMA","NOT_REQUIRED",""
"079550","LIG넥스원","[LIG디펜스앤에어로스페이스]분기보고서_IFRS(원문XBRL)(2023.05.15).zip","7","lab_00503668-ko_2015-11-13.xml","labels/lab_00503668-ko_2015-11-13.xml",".xml","LABEL_LINKBASE","PASS",""
"079550","LIG넥스원","[LIG디펜스앤에어로스페이스]분기보고서_IFRS(원문XBRL)(2023.05.15).zip","8","lab_00503668-en_2015-11-13.xml","labels/lab_00503668-en_2015-11-13.xml",".xml","LABEL_LINKBASE","PASS",""
"079550","LIG넥스원","[LIG디펜스앤에어로스페이스]사업보고서_IFRS(원문XBRL)(2023.03.17).zip","1","00503668_2015-11-13.xbrl","00503668_2015-11-13.xbrl",".xbrl","XBRL_INSTANCE","PASS",""
"079550","LIG넥스원","[LIG디펜스앤에어로스페이스]사업보고서_IFRS(원문XBRL)(2023.03.17).zip","2","00503668_entry_point_2015-11-13.xsd","00503668_entry_point_2015-11-13.xsd",".xsd","XSD_SCHEMA","NOT_REQUIRED",""
"079550","LIG넥스원","[LIG디펜스앤에어로스페이스]사업보고서_IFRS(원문XBRL)(2023.03.17).zip","3","dim_ifrs_for_00503668_2015-11-13.xml","ifrs_for_00503668/dimensions_ifrs_for_00503668/dim_ifrs_for_00503668_2015-11-13.xml",".xml","DEFINITION_LINKBASE","PASS",""
"079550","LIG넥스원","[LIG디펜스앤에어로스페이스]사업보고서_IFRS(원문XBRL)(2023.03.17).zip","4","cal_ifrs_for_00503668_2015-11-13.xml","ifrs_for_00503668/dimensions_ifrs_for_00503668/cal_ifrs_for_00503668_2015-11-13.xml",".xml","CALCULATION_LINKBASE","PASS",""
"079550","LIG넥스원","[LIG디펜스앤에어로스페이스]사업보고서_IFRS(원문XBRL)(2023.03.17).zip","5","pre_ifrs_for_00503668_2015-11-13.xml","ifrs_for_00503668/dimensions_ifrs_for_00503668/pre_ifrs_for_00503668_2015-11-13.xml",".xml","PRESENTATION_LINKBASE","PASS",""
"079550","LIG넥스원","[LIG디펜스앤에어로스페이스]사업보고서_IFRS(원문XBRL)(2023.03.17).zip","6","role_ifrs_for_00503668-dim_2015-11-13.xsd","ifrs_for_00503668/dimensions_ifrs_for_00503668/role_ifrs_for_00503668-dim_2015-11-13.xsd",".xsd","XSD_SCHEMA","NOT_REQUIRED",""
"079550","LIG넥스원","[LIG디펜스앤에어로스페이스]사업보고서_IFRS(원문XBRL)(2023.03.17).zip","7","lab_00503668-ko_2015-11-13.xml","labels/lab_00503668-ko_2015-11-13.xml",".xml","LABEL_LINKBASE","PASS",""
"079550","LIG넥스원","[LIG디펜스앤에어로스페이스]사업보고서_IFRS(원문XBRL)(2023.03.17).zip","8","lab_00503668-en_2015-11-13.xml","labels/lab_00503668-en_2015-11-13.xml",".xml","LABEL_LINKBASE","PASS",""
