"security_id","company_name","outer_package_file_name","outer_package_sha256","nested_zip_file_name","nested_zip_sha256","inner_sequence","inner_relative_path","inner_file_name","inner_extension","uncompressed_size_bytes","compressed_size_bytes","is_instance_candidate","is_xsd","is_label_marker","is_presentation_marker","is_calculation_marker","is_definition_marker","inner_sha256","inner_status","inner_error"
"064350","현대로템","soph_handoff_hyundai_rotem_v1.zip","EC0974326CBDCBD06B36919ABDAC05F9395D0DB7443278C35E39422A3CF158EB","DART_064350_현대로템_2021FY_사업보고서_원문XBRL_20220315.zip","C75677699E4FFC1BE0B2C6EFDF3E37863596F59BBF69BDCF44E1F2EE22F62ED2","1","00302926_2019-11-14.xbrl","00302926_2019-11-14.xbrl",".xbrl","289741","14155","True","False","False","False","False","False","9E5EDF69BD9E64D4E41536044A91ED0A3614E85EB569C13BBEE1DE36C6D5EAC3","PASS",""
"064350","현대로템","soph_handoff_hyundai_rotem_v1.zip","EC0974326CBDCBD06B36919ABDAC05F9395D0DB7443278C35E39422A3CF158EB","DART_064350_현대로템_2021FY_사업보고서_원문XBRL_20220315.zip","C75677699E4FFC1BE0B2C6EFDF3E37863596F59BBF69BDCF44E1F2EE22F62ED2","2","00302926_entry_point_2019-11-14.xsd","00302926_entry_point_2019-11-14.xsd",".xsd","5638","1045","False","True","False","False","False","False","8844B35025A1445EF3414F041B665D17EB6056368F021FEF7587DDDE30B27FEE","PASS",""
"064350","현대로템","soph_handoff_hyundai_rotem_v1.zip","EC0974326CBDCBD06B36919ABDAC05F9395D0DB7443278C35E39422A3CF158EB","DART_064350_현대로템_2021FY_사업보고서_원문XBRL_20220315.zip","C75677699E4FFC1BE0B2C6EFDF3E37863596F59BBF69BDCF44E1F2EE22F62ED2","3","ifrs_for_00302926/dimensions_ifrs_for_00302926/dim_ifrs_for_00302926_2019-11-14.xml","dim_ifrs_for_00302926_2019-11-14.xml",".xml","1454978","62676","True","False","False","False","False","False","1738242D9404AA3F6818D88F14B3BAF5C0C0AAF17AE43F0238003BC27606FD85","PASS",""
"064350","현대로템","soph_handoff_hyundai_rotem_v1.zip","EC0974326CBDCBD06B36919ABDAC05F9395D0DB7443278C35E39422A3CF158EB","DART_064350_현대로템_2021FY_사업보고서_원문XBRL_20220315.zip","C75677699E4FFC1BE0B2C6EFDF3E37863596F59BBF69BDCF44E1F2EE22F62ED2","4","ifrs_for_00302926/dimensions_ifrs_for_00302926/cal_ifrs_for_00302926_2019-11-14.xml","cal_ifrs_for_00302926_2019-11-14.xml",".xml","1384541","58023","True","False","False","False","False","False","49DA86689E3F0FCDFF83A2A1F074E5325FAA71C4A81C6A787284B09CF2A95E1C","PASS",""
"064350","현대로템","soph_handoff_hyundai_rotem_v1.zip","EC0974326CBDCBD06B36919ABDAC05F9395D0DB7443278C35E39422A3CF158EB","DART_064350_현대로템_2021FY_사업보고서_원문XBRL_20220315.zip","C75677699E4FFC1BE0B2C6EFDF3E37863596F59BBF69BDCF44E1F2EE22F62ED2","5","ifrs_for_00302926/dimensions_ifrs_for_00302926/pre_ifrs_for_00302926_2019-11-14.xml","pre_ifrs_for_00302926_2019-11-14.xml",".xml","1484637","63742","True","False","False","False","False","False","E544E69A4819286B474B6EF385F41D3F2A1BEA3457CFEA389D7FB423AEC9D30A","PASS",""
"064350","현대로템","soph_handoff_hyundai_rotem_v1.zip","EC0974326CBDCBD06B36919ABDAC05F9395D0DB7443278C35E39422A3CF158EB","DART_064350_현대로템_2021FY_사업보고서_원문XBRL_20220315.zip","C75677699E4FFC1BE0B2C6EFDF3E37863596F59BBF69BDCF44E1F2EE22F62ED2","6","ifrs_for_00302926/dimensions_ifrs_for_00302926/role_ifrs_for_00302926-dim_2019-11-14.xsd","role_ifrs_for_00302926-dim_2019-11-14.xsd",".xsd","649","310","False","True","False","False","False","False","6BA920DF09443C2038CC7D0B16056BFB63B0A97E12D1A57FB8BF9D219320AFF0","PASS",""
"064350","현대로템","soph_handoff_hyundai_rotem_v1.zip","EC0974326CBDCBD06B36919ABDAC05F9395D0DB7443278C35E39422A3CF158EB","DART_064350_현대로템_2021FY_사업보고서_원문XBRL_20220315.zip","C75677699E4FFC1BE0B2C6EFDF3E37863596F59BBF69BDCF44E1F2EE22F62ED2","7","labels/lab_00302926-ko_2019-11-14.xml","lab_00302926-ko_2019-11-14.xml",".xml","92790","6200","True","False","False","False","False","False","1149C361601264EF79D6DEFDF7CACC1B447B953D9C26E05DDF1AC24A4EA31590","PASS",""
"064350","현대로템","soph_handoff_hyundai_rotem_v1.zip","EC0974326CBDCBD06B36919ABDAC05F9395D0DB7443278C35E39422A3CF158EB","DART_064350_현대로템_2021FY_사업보고서_원문XBRL_20220315.zip","C75677699E4FFC1BE0B2C6EFDF3E37863596F59BBF69BDCF44E1F2EE22F62ED2","8","labels/lab_00302926-en_2019-11-14.xml","lab_00302926-en_2019-11-14.xml",".xml","12611","1248","True","False","False","False","False","False","229D2D2DB09AE9063BABA9C125B6445FD631815411A82704D3D9D1264E70C825","PASS",""
"064350","현대로템","soph_handoff_hyundai_rotem_v1.zip","EC0974326CBDCBD06B36919ABDAC05F9395D0DB7443278C35E39422A3CF158EB","DART_064350_현대로템_2021FY_사업보고서_원문XBRL_정정_20210602.zip","0BB19C37FDA97A1BE5D2DAB340377AD928C7CF7237C44833AD50D83D1258D2E7","1","00302926_2019-11-14.xbrl","00302926_2019-11-14.xbrl",".xbrl","279649","13735","True","False","False","False","False","False","2339B11E42B9B9B5E913EB46763D6CFFBE23156AB67FBE888ED4A7DD56C61049","PASS",""
"064350","현대로템","soph_handoff_hyundai_rotem_v1.zip","EC0974326CBDCBD06B36919ABDAC05F9395D0DB7443278C35E39422A3CF158EB","DART_064350_현대로템_2021FY_사업보고서_원문XBRL_정정_20210602.zip","0BB19C37FDA97A1BE5D2DAB340377AD928C7CF7237C44833AD50D83D1258D2E7","2","00302926_entry_point_2019-11-14.xsd","00302926_entry_point_2019-11-14.xsd",".xsd","6212","1103","False","True","False","False","False","False","75343D891C90EC13382C64C44A72AB711D5B1AEB0F307385B5E92EB6620ADAFF","PASS",""
"064350","현대로템","soph_handoff_hyundai_rotem_v1.zip","EC0974326CBDCBD06B36919ABDAC05F9395D0DB7443278C35E39422A3CF158EB","DART_064350_현대로템_2021FY_사업보고서_원문XBRL_정정_20210602.zip","0BB19C37FDA97A1BE5D2DAB340377AD928C7CF7237C44833AD50D83D1258D2E7","3","ifrs_for_00302926/dimensions_ifrs_for_00302926/dim_ifrs_for_00302926_2019-11-14.xml","dim_ifrs_for_00302926_2019-11-14.xml",".xml","1445025","61913","True","False","False","False","False","False","9C5ADA259D5D6D4D6E22B1C407D277964A87091A2C6EA8B06026A790889D48FE","PASS",""
"064350","현대로템","soph_handoff_hyundai_rotem_v1.zip","EC0974326CBDCBD06B36919ABDAC05F9395D0DB7443278C35E39422A3CF158EB","DART_064350_현대로템_2021FY_사업보고서_원문XBRL_정정_20210602.zip","0BB19C37FDA97A1BE5D2DAB340377AD928C7CF7237C44833AD50D83D1258D2E7","4","ifrs_for_00302926/dimensions_ifrs_for_00302926/cal_ifrs_for_00302926_2019-11-14.xml","cal_ifrs_for_00302926_2019-11-14.xml",".xml","1389785","58147","True","False","False","False","False","False","21D8E6BD71AC9A571B37B5CD1A179A732AC9A752FD21F546924B660631CCA43E","PASS",""
"064350","현대로템","soph_handoff_hyundai_rotem_v1.zip","EC0974326CBDCBD06B36919ABDAC05F9395D0DB7443278C35E39422A3CF158EB","DART_064350_현대로템_2021FY_사업보고서_원문XBRL_정정_20210602.zip","0BB19C37FDA97A1BE5D2DAB340377AD928C7CF7237C44833AD50D83D1258D2E7","5","ifrs_for_00302926/dimensions_ifrs_for_00302926/pre_ifrs_for_00302926_2019-11-14.xml","pre_ifrs_for_00302926_2019-11-14.xml",".xml","1474339","62983","True","False","False","False","False","False","E8B45701C063E2E74A7CD02EB268B40544C33E952D1E7E6A767A801D021A7C30","PASS",""
"064350","현대로템","soph_handoff_hyundai_rotem_v1.zip","EC0974326CBDCBD06B36919ABDAC05F9395D0DB7443278C35E39422A3CF158EB","DART_064350_현대로템_2021FY_사업보고서_원문XBRL_정정_20210602.zip","0BB19C37FDA97A1BE5D2DAB340377AD928C7CF7237C44833AD50D83D1258D2E7","6","ifrs_for_00302926/dimensions_ifrs_for_00302926/role_ifrs_for_00302926-dim_2019-11-14.xsd","role_ifrs_for_00302926-dim_2019-11-14.xsd",".xsd","649","310","False","True","False","False","False","False","6BA920DF09443C2038CC7D0B16056BFB63B0A97E12D1A57FB8BF9D219320AFF0","PASS",""
"064350","현대로템","soph_handoff_hyundai_rotem_v1.zip","EC0974326CBDCBD06B36919ABDAC05F9395D0DB7443278C35E39422A3CF158EB","DART_064350_현대로템_2021FY_사업보고서_원문XBRL_정정_20210602.zip","0BB19C37FDA97A1BE5D2DAB340377AD928C7CF7237C44833AD50D83D1258D2E7","7","labels/lab_00302926-ko_2019-11-14.xml","lab_00302926-ko_2019-11-14.xml",".xml","87639","5843","True","False","False","False","False","False","AE320F8773221B90455F083525D6DA8C373C1649E299DA5CE14603EB0C5D476A","PASS",""
"064350","현대로템","soph_handoff_hyundai_rotem_v1.zip","EC0974326CBDCBD06B36919ABDAC05F9395D0DB7443278C35E39422A3CF158EB","DART_064350_현대로템_2021FY_사업보고서_원문XBRL_정정_20210602.zip","0BB19C37FDA97A1BE5D2DAB340377AD928C7CF7237C44833AD50D83D1258D2E7","8","labels/lab_00302926-en_2019-11-14.xml","lab_00302926-en_2019-11-14.xml",".xml","15443","1392","True","False","False","False","False","False","AB8D181C89AD5A2E285BE3A1C93C7AEFE793B86830BAC8881F18913032E8A0F2","PASS",""
"064350","현대로템","soph_handoff_hyundai_rotem_v1.zip","EC0974326CBDCBD06B36919ABDAC05F9395D0DB7443278C35E39422A3CF158EB","DART_064350_현대로템_2021H1_반기보고서_원문XBRL_20210817.zip","BEC9A02BE17B4653961E822EC53CD9EFDF73A37EA1E8CB3DDD70C93511EB40E7","1","00302926_2019-11-14.xbrl","00302926_2019-11-14.xbrl",".xbrl","225863","11793","True","False","False","False","False","False","B30D5F361790910BC65C8496316607D5528C87C83F9C9CC7B01286073ABA508B","PASS",""
"064350","현대로템","soph_handoff_hyundai_rotem_v1.zip","EC0974326CBDCBD06B36919ABDAC05F9395D0DB7443278C35E39422A3CF158EB","DART_064350_현대로템_2021H1_반기보고서_원문XBRL_20210817.zip","BEC9A02BE17B4653961E822EC53CD9EFDF73A37EA1E8CB3DDD70C93511EB40E7","2","00302926_entry_point_2019-11-14.xsd","00302926_entry_point_2019-11-14.xsd",".xsd","5926","1086","False","True","False","False","False","False","65986FB586AAAEFCB6DD34B6AB08E456C72E0C65AF80A9487764AF6DAC98BEBB","PASS",""
"064350","현대로템","soph_handoff_hyundai_rotem_v1.zip","EC0974326CBDCBD06B36919ABDAC05F9395D0DB7443278C35E39422A3CF158EB","DART_064350_현대로템_2021H1_반기보고서_원문XBRL_20210817.zip","BEC9A02BE17B4653961E822EC53CD9EFDF73A37EA1E8CB3DDD70C93511EB40E7","3","ifrs_for_00302926/dimensions_ifrs_for_00302926/dim_ifrs_for_00302926_2019-11-14.xml","dim_ifrs_for_00302926_2019-11-14.xml",".xml","1454674","62573","True","False","False","False","False","False","950FCE91BC477A20CCA122AB810A549BD91BD232D685D44BD61806CFDBF3C1A0","PASS",""
"064350","현대로템","soph_handoff_hyundai_rotem_v1.zip","EC0974326CBDCBD06B36919ABDAC05F9395D0DB7443278C35E39422A3CF158EB","DART_064350_현대로템_2021H1_반기보고서_원문XBRL_20210817.zip","BEC9A02BE17B4653961E822EC53CD9EFDF73A37EA1E8CB3DDD70C93511EB40E7","4","ifrs_for_00302926/dimensions_ifrs_for_00302926/cal_ifrs_for_00302926_2019-11-14.xml","cal_ifrs_for_00302926_2019-11-14.xml",".xml","1390545","58184","True","False","False","False","False","False","49DD38B67F7682E255840D01B846FA88328344AD4F2362A0D3B9FB7C19C46FBA","PASS",""
"064350","현대로템","soph_handoff_hyundai_rotem_v1.zip","EC0974326CBDCBD06B36919ABDAC05F9395D0DB7443278C35E39422A3CF158EB","DART_064350_현대로템_2021H1_반기보고서_원문XBRL_20210817.zip","BEC9A02BE17B4653961E822EC53CD9EFDF73A37EA1E8CB3DDD70C93511EB40E7","5","ifrs_for_00302926/dimensions_ifrs_for_00302926/pre_ifrs_for_00302926_2019-11-14.xml","pre_ifrs_for_00302926_2019-11-14.xml",".xml","1484130","63676","True","False","False","False","False","False","6D1C177EC3E74D69A788B7BF6E1BEA02B4B42B5AA3A5EB9F5BF586E1C3A78A98","PASS",""
"064350","현대로템","soph_handoff_hyundai_rotem_v1.zip","EC0974326CBDCBD06B36919ABDAC05F9395D0DB7443278C35E39422A3CF158EB","DART_064350_현대로템_2021H1_반기보고서_원문XBRL_20210817.zip","BEC9A02BE17B4653961E822EC53CD9EFDF73A37EA1E8CB3DDD70C93511EB40E7","6","ifrs_for_00302926/dimensions_ifrs_for_00302926/role_ifrs_for_00302926-dim_2019-11-14.xsd","role_ifrs_for_00302926-dim_2019-11-14.xsd",".xsd","649","310","False","True","False","False","False","False","6BA920DF09443C2038CC7D0B16056BFB63B0A97E12D1A57FB8BF9D219320AFF0","PASS",""
"064350","현대로템","soph_handoff_hyundai_rotem_v1.zip","EC0974326CBDCBD06B36919ABDAC05F9395D0DB7443278C35E39422A3CF158EB","DART_064350_현대로템_2021H1_반기보고서_원문XBRL_20210817.zip","BEC9A02BE17B4653961E822EC53CD9EFDF73A37EA1E8CB3DDD70C93511EB40E7","7","labels/lab_00302926-ko_2019-11-14.xml","lab_00302926-ko_2019-11-14.xml",".xml","84499","5722","True","False","False","False","False","False","2BF36A32AD81A04BE0D1E1EA462786E23A66B8D130377B559CF0E48CFDBDA395","PASS",""
"064350","현대로템","soph_handoff_hyundai_rotem_v1.zip","EC0974326CBDCBD06B36919ABDAC05F9395D0DB7443278C35E39422A3CF158EB","DART_064350_현대로템_2021H1_반기보고서_원문XBRL_20210817.zip","BEC9A02BE17B4653961E822EC53CD9EFDF73A37EA1E8CB3DDD70C93511EB40E7","8","labels/lab_00302926-en_2019-11-14.xml","lab_00302926-en_2019-11-14.xml",".xml","14033","1327","True","False","False","False","False","False","E34E3F2BDF6808544CC49D4D2A5E9B1E86683B0587599BF000BCC29FC02DA9FB","PASS",""
"064350","현대로템","soph_handoff_hyundai_rotem_v1.zip","EC0974326CBDCBD06B36919ABDAC05F9395D0DB7443278C35E39422A3CF158EB","DART_064350_현대로템_2021Q1_분기보고서_원문XBRL_20210517.zip","6D2BE4204AB85593E13444D832E9E04121510C226AD5004930FDE054C2C0EB78","1","00302926_2019-11-14.xbrl","00302926_2019-11-14.xbrl",".xbrl","210671","10582","True","False","False","False","False","False","658DF7EA6F55EDDC2BB9171F0962D7E8ED152F5D6AF6C29520E04493CB9ECE26","PASS",""
"064350","현대로템","soph_handoff_hyundai_rotem_v1.zip","EC0974326CBDCBD06B36919ABDAC05F9395D0DB7443278C35E39422A3CF158EB","DART_064350_현대로템_2021Q1_분기보고서_원문XBRL_20210517.zip","6D2BE4204AB85593E13444D832E9E04121510C226AD5004930FDE054C2C0EB78","2","00302926_entry_point_2019-11-14.xsd","00302926_entry_point_2019-11-14.xsd",".xsd","6212","1103","False","True","False","False","False","False","75343D891C90EC13382C64C44A72AB711D5B1AEB0F307385B5E92EB6620ADAFF","PASS",""
"064350","현대로템","soph_handoff_hyundai_rotem_v1.zip","EC0974326CBDCBD06B36919ABDAC05F9395D0DB7443278C35E39422A3CF158EB","DART_064350_현대로템_2021Q1_분기보고서_원문XBRL_20210517.zip","6D2BE4204AB85593E13444D832E9E04121510C226AD5004930FDE054C2C0EB78","3","ifrs_for_00302926/dimensions_ifrs_for_00302926/dim_ifrs_for_00302926_2019-11-14.xml","dim_ifrs_for_00302926_2019-11-14.xml",".xml","1442623","61794","True","False","False","False","False","False","FF280F8FCD2BE4F01F7A6FE2CAB667ED036373D268557D9ED85C01979566D12E","PASS",""
"064350","현대로템","soph_handoff_hyundai_rotem_v1.zip","EC0974326CBDCBD06B36919ABDAC05F9395D0DB7443278C35E39422A3CF158EB","DART_064350_현대로템_2021Q1_분기보고서_원문XBRL_20210517.zip","6D2BE4204AB85593E13444D832E9E04121510C226AD5004930FDE054C2C0EB78","4","ifrs_for_00302926/dimensions_ifrs_for_00302926/cal_ifrs_for_00302926_2019-11-14.xml","cal_ifrs_for_00302926_2019-11-14.xml",".xml","1403856","58678","True","False","False","False","False","False","C60DD158F485E34A70631B0FD0F73C98C707E16777551F5DE5C759B67D7031A8","PASS",""
"064350","현대로템","soph_handoff_hyundai_rotem_v1.zip","EC0974326CBDCBD06B36919ABDAC05F9395D0DB7443278C35E39422A3CF158EB","DART_064350_현대로템_2021Q1_분기보고서_원문XBRL_20210517.zip","6D2BE4204AB85593E13444D832E9E04121510C226AD5004930FDE054C2C0EB78","5","ifrs_for_00302926/dimensions_ifrs_for_00302926/pre_ifrs_for_00302926_2019-11-14.xml","pre_ifrs_for_00302926_2019-11-14.xml",".xml","1471803","62864","True","False","False","False","False","False","D1D1C1517F2A1A10DCE5B14B371279BB9A98CCEA4B1B0AAE702622EF909C6450","PASS",""
"064350","현대로템","soph_handoff_hyundai_rotem_v1.zip","EC0974326CBDCBD06B36919ABDAC05F9395D0DB7443278C35E39422A3CF158EB","DART_064350_현대로템_2021Q1_분기보고서_원문XBRL_20210517.zip","6D2BE4204AB85593E13444D832E9E04121510C226AD5004930FDE054C2C0EB78","6","ifrs_for_00302926/dimensions_ifrs_for_00302926/role_ifrs_for_00302926-dim_2019-11-14.xsd","role_ifrs_for_00302926-dim_2019-11-14.xsd",".xsd","649","310","False","True","False","False","False","False","6BA920DF09443C2038CC7D0B16056BFB63B0A97E12D1A57FB8BF9D219320AFF0","PASS",""
"064350","현대로템","soph_handoff_hyundai_rotem_v1.zip","EC0974326CBDCBD06B36919ABDAC05F9395D0DB7443278C35E39422A3CF158EB","DART_064350_현대로템_2021Q1_분기보고서_원문XBRL_20210517.zip","6D2BE4204AB85593E13444D832E9E04121510C226AD5004930FDE054C2C0EB78","7","labels/lab_00302926-ko_2019-11-14.xml","lab_00302926-ko_2019-11-14.xml",".xml","71831","5050","True","False","False","False","False","False","B46B71979F134B83A72B6D0E66EE8840A3F696BD88652FB0475F034122D2F543","PASS",""
"064350","현대로템","soph_handoff_hyundai_rotem_v1.zip","EC0974326CBDCBD06B36919ABDAC05F9395D0DB7443278C35E39422A3CF158EB","DART_064350_현대로템_2021Q1_분기보고서_원문XBRL_20210517.zip","6D2BE4204AB85593E13444D832E9E04121510C226AD5004930FDE054C2C0EB78","8","labels/lab_00302926-en_2019-11-14.xml","lab_00302926-en_2019-11-14.xml",".xml","15443","1392","True","False","False","False","False","False","AB8D181C89AD5A2E285BE3A1C93C7AEFE793B86830BAC8881F18913032E8A0F2","PASS",""
"064350","현대로템","soph_handoff_hyundai_rotem_v1.zip","EC0974326CBDCBD06B36919ABDAC05F9395D0DB7443278C35E39422A3CF158EB","DART_064350_현대로템_2021Q3_분기보고서_원문XBRL_20211115.zip","D589B3D097F236B784AB7226C39A01C05E5D9811D5E298A772A3EA1F70ADB8CB","1","00302926_2019-11-14.xbrl","00302926_2019-11-14.xbrl",".xbrl","231301","12128","True","False","False","False","False","False","67404DD224855213375659B2FC344F912EFD711E47CEF398CD8B6446890A125D","PASS",""
"064350","현대로템","soph_handoff_hyundai_rotem_v1.zip","EC0974326CBDCBD06B36919ABDAC05F9395D0DB7443278C35E39422A3CF158EB","DART_064350_현대로템_2021Q3_분기보고서_원문XBRL_20211115.zip","D589B3D097F236B784AB7226C39A01C05E5D9811D5E298A772A3EA1F70ADB8CB","2","00302926_entry_point_2019-11-14.xsd","00302926_entry_point_2019-11-14.xsd",".xsd","5926","1086","False","True","False","False","False","False","65986FB586AAAEFCB6DD34B6AB08E456C72E0C65AF80A9487764AF6DAC98BEBB","PASS",""
"064350","현대로템","soph_handoff_hyundai_rotem_v1.zip","EC0974326CBDCBD06B36919ABDAC05F9395D0DB7443278C35E39422A3CF158EB","DART_064350_현대로템_2021Q3_분기보고서_원문XBRL_20211115.zip","D589B3D097F236B784AB7226C39A01C05E5D9811D5E298A772A3EA1F70ADB8CB","3","ifrs_for_00302926/dimensions_ifrs_for_00302926/dim_ifrs_for_00302926_2019-11-14.xml","dim_ifrs_for_00302926_2019-11-14.xml",".xml","1457971","62723","True","False","False","False","False","False","B51A6AD91A934F42A64BA09C059C11C8E84E49220FAEC055566A37D5C0B9AE05","PASS",""
"064350","현대로템","soph_handoff_hyundai_rotem_v1.zip","EC0974326CBDCBD06B36919ABDAC05F9395D0DB7443278C35E39422A3CF158EB","DART_064350_현대로템_2021Q3_분기보고서_원문XBRL_20211115.zip","D589B3D097F236B784AB7226C39A01C05E5D9811D5E298A772A3EA1F70ADB8CB","4","ifrs_for_00302926/dimensions_ifrs_for_00302926/cal_ifrs_for_00302926_2019-11-14.xml","cal_ifrs_for_00302926_2019-11-14.xml",".xml","1389181","58133","True","False","False","False","False","False","B75F8B5E378A16C6709251DBA76607A87E768AE537FF6424E4E493AAD221A581","PASS",""
"064350","현대로템","soph_handoff_hyundai_rotem_v1.zip","EC0974326CBDCBD06B36919ABDAC05F9395D0DB7443278C35E39422A3CF158EB","DART_064350_현대로템_2021Q3_분기보고서_원문XBRL_20211115.zip","D589B3D097F236B784AB7226C39A01C05E5D9811D5E298A772A3EA1F70ADB8CB","5","ifrs_for_00302926/dimensions_ifrs_for_00302926/pre_ifrs_for_00302926_2019-11-14.xml","pre_ifrs_for_00302926_2019-11-14.xml",".xml","1487571","63803","True","False","False","False","False","False","B3C0FEC7E6DDE5E708D57CE80258D7A6B73A9F36308855DF8724F648DB24D15B","PASS",""
"064350","현대로템","soph_handoff_hyundai_rotem_v1.zip","EC0974326CBDCBD06B36919ABDAC05F9395D0DB7443278C35E39422A3CF158EB","DART_064350_현대로템_2021Q3_분기보고서_원문XBRL_20211115.zip","D589B3D097F236B784AB7226C39A01C05E5D9811D5E298A772A3EA1F70ADB8CB","6","ifrs_for_00302926/dimensions_ifrs_for_00302926/role_ifrs_for_00302926-dim_2019-11-14.xsd","role_ifrs_for_00302926-dim_2019-11-14.xsd",".xsd","649","310","False","True","False","False","False","False","6BA920DF09443C2038CC7D0B16056BFB63B0A97E12D1A57FB8BF9D219320AFF0","PASS",""
"064350","현대로템","soph_handoff_hyundai_rotem_v1.zip","EC0974326CBDCBD06B36919ABDAC05F9395D0DB7443278C35E39422A3CF158EB","DART_064350_현대로템_2021Q3_분기보고서_원문XBRL_20211115.zip","D589B3D097F236B784AB7226C39A01C05E5D9811D5E298A772A3EA1F70ADB8CB","7","labels/lab_00302926-ko_2019-11-14.xml","lab_00302926-ko_2019-11-14.xml",".xml","87130","5895","True","False","False","False","False","False","A0CAE63CE9BB705587875E1A27E46B93E698A1B41BC087946D47D4EA0F754A2C","PASS",""
"064350","현대로템","soph_handoff_hyundai_rotem_v1.zip","EC0974326CBDCBD06B36919ABDAC05F9395D0DB7443278C35E39422A3CF158EB","DART_064350_현대로템_2021Q3_분기보고서_원문XBRL_20211115.zip","D589B3D097F236B784AB7226C39A01C05E5D9811D5E298A772A3EA1F70ADB8CB","8","labels/lab_00302926-en_2019-11-14.xml","lab_00302926-en_2019-11-14.xml",".xml","14033","1327","True","False","False","False","False","False","E34E3F2BDF6808544CC49D4D2A5E9B1E86683B0587599BF000BCC29FC02DA9FB","PASS",""
"064350","현대로템","soph_handoff_hyundai_rotem_v1.zip","EC0974326CBDCBD06B36919ABDAC05F9395D0DB7443278C35E39422A3CF158EB","DART_064350_현대로템_2022FY_사업보고서_원문XBRL_20230310.zip","A4AB7DF512BA09AB8BEBEB2739DEA192C225792928BBF3D859FA74766D47CEE7","1","00302926_2019-11-14.xbrl","00302926_2019-11-14.xbrl",".xbrl","287782","14025","True","False","False","False","False","False","54ECAA7F5EC4289E35BDD1799299C47F0A23B4C5E82500DA8330555684662D22","PASS",""
"064350","현대로템","soph_handoff_hyundai_rotem_v1.zip","EC0974326CBDCBD06B36919ABDAC05F9395D0DB7443278C35E39422A3CF158EB","DART_064350_현대로템_2022FY_사업보고서_원문XBRL_20230310.zip","A4AB7DF512BA09AB8BEBEB2739DEA192C225792928BBF3D859FA74766D47CEE7","2","00302926_entry_point_2019-11-14.xsd","00302926_entry_point_2019-11-14.xsd",".xsd","5638","1045","False","True","False","False","False","False","8844B35025A1445EF3414F041B665D17EB6056368F021FEF7587DDDE30B27FEE","PASS",""
"064350","현대로템","soph_handoff_hyundai_rotem_v1.zip","EC0974326CBDCBD06B36919ABDAC05F9395D0DB7443278C35E39422A3CF158EB","DART_064350_현대로템_2022FY_사업보고서_원문XBRL_20230310.zip","A4AB7DF512BA09AB8BEBEB2739DEA192C225792928BBF3D859FA74766D47CEE7","3","ifrs_for_00302926/dimensions_ifrs_for_00302926/dim_ifrs_for_00302926_2019-11-14.xml","dim_ifrs_for_00302926_2019-11-14.xml",".xml","1454108","62588","True","False","False","False","False","False","46226F86BA07A6DBBAD0424FFB2BA33F9C3A84902F901828BF04118356B7E020","PASS",""
"064350","현대로템","soph_handoff_hyundai_rotem_v1.zip","EC0974326CBDCBD06B36919ABDAC05F9395D0DB7443278C35E39422A3CF158EB","DART_064350_현대로템_2022FY_사업보고서_원문XBRL_20230310.zip","A4AB7DF512BA09AB8BEBEB2739DEA192C225792928BBF3D859FA74766D47CEE7","4","ifrs_for_00302926/dimensions_ifrs_for_00302926/cal_ifrs_for_00302926_2019-11-14.xml","cal_ifrs_for_00302926_2019-11-14.xml",".xml","1382857","57810","True","False","False","False","False","False","0D2E941426DCD1122152C009D9EF1EBC4B42A1B4DC141F6261254CD923A2A37B","PASS",""
"064350","현대로템","soph_handoff_hyundai_rotem_v1.zip","EC0974326CBDCBD06B36919ABDAC05F9395D0DB7443278C35E39422A3CF158EB","DART_064350_현대로템_2022FY_사업보고서_원문XBRL_20230310.zip","A4AB7DF512BA09AB8BEBEB2739DEA192C225792928BBF3D859FA74766D47CEE7","5","ifrs_for_00302926/dimensions_ifrs_for_00302926/pre_ifrs_for_00302926_2019-11-14.xml","pre_ifrs_for_00302926_2019-11-14.xml",".xml","1483923","63650","True","False","False","False","False","False","1AB5A9CEE4D417F037526C77F171700F083CF61913B46D474DA4802E72F00F6E","PASS",""
"064350","현대로템","soph_handoff_hyundai_rotem_v1.zip","EC0974326CBDCBD06B36919ABDAC05F9395D0DB7443278C35E39422A3CF158EB","DART_064350_현대로템_2022FY_사업보고서_원문XBRL_20230310.zip","A4AB7DF512BA09AB8BEBEB2739DEA192C225792928BBF3D859FA74766D47CEE7","6","ifrs_for_00302926/dimensions_ifrs_for_00302926/role_ifrs_for_00302926-dim_2019-11-14.xsd","role_ifrs_for_00302926-dim_2019-11-14.xsd",".xsd","649","310","False","True","False","False","False","False","6BA920DF09443C2038CC7D0B16056BFB63B0A97E12D1A57FB8BF9D219320AFF0","PASS",""
"064350","현대로템","soph_handoff_hyundai_rotem_v1.zip","EC0974326CBDCBD06B36919ABDAC05F9395D0DB7443278C35E39422A3CF158EB","DART_064350_현대로템_2022FY_사업보고서_원문XBRL_20230310.zip","A4AB7DF512BA09AB8BEBEB2739DEA192C225792928BBF3D859FA74766D47CEE7","7","labels/lab_00302926-ko_2019-11-14.xml","lab_00302926-ko_2019-11-14.xml",".xml","94059","6242","True","False","False","False","False","False","D091F2A352AEA7108FC22C0206229626CF0379C125FEECC97FBC92E5B2F1B873","PASS",""
"064350","현대로템","soph_handoff_hyundai_rotem_v1.zip","EC0974326CBDCBD06B36919ABDAC05F9395D0DB7443278C35E39422A3CF158EB","DART_064350_현대로템_2022FY_사업보고서_원문XBRL_20230310.zip","A4AB7DF512BA09AB8BEBEB2739DEA192C225792928BBF3D859FA74766D47CEE7","8","labels/lab_00302926-en_2019-11-14.xml","lab_00302926-en_2019-11-14.xml",".xml","12611","1248","True","False","False","False","False","False","229D2D2DB09AE9063BABA9C125B6445FD631815411A82704D3D9D1264E70C825","PASS",""
"064350","현대로템","soph_handoff_hyundai_rotem_v1.zip","EC0974326CBDCBD06B36919ABDAC05F9395D0DB7443278C35E39422A3CF158EB","DART_064350_현대로템_2022H1_반기보고서_원문XBRL_20220816.zip","51B82EA022D92ABFBC9C3B6D7BAF613F4E0D300ACA26FC2E227E6A400FDDD0EB","1","00302926_2019-11-14.xbrl","00302926_2019-11-14.xbrl",".xbrl","215625","11359","True","False","False","False","False","False","8236C8BDEAE3E5B9526B0F9EA3046F71FCAE7036E3700DA1BE5EA8E88573E6F8","PASS",""
"064350","현대로템","soph_handoff_hyundai_rotem_v1.zip","EC0974326CBDCBD06B36919ABDAC05F9395D0DB7443278C35E39422A3CF158EB","DART_064350_현대로템_2022H1_반기보고서_원문XBRL_20220816.zip","51B82EA022D92ABFBC9C3B6D7BAF613F4E0D300ACA26FC2E227E6A400FDDD0EB","2","00302926_entry_point_2019-11-14.xsd","00302926_entry_point_2019-11-14.xsd",".xsd","5926","1086","False","True","False","False","False","False","65986FB586AAAEFCB6DD34B6AB08E456C72E0C65AF80A9487764AF6DAC98BEBB","PASS",""
"064350","현대로템","soph_handoff_hyundai_rotem_v1.zip","EC0974326CBDCBD06B36919ABDAC05F9395D0DB7443278C35E39422A3CF158EB","DART_064350_현대로템_2022H1_반기보고서_원문XBRL_20220816.zip","51B82EA022D92ABFBC9C3B6D7BAF613F4E0D300ACA26FC2E227E6A400FDDD0EB","3","ifrs_for_00302926/dimensions_ifrs_for_00302926/dim_ifrs_for_00302926_2019-11-14.xml","dim_ifrs_for_00302926_2019-11-14.xml",".xml","1446631","62063","True","False","False","False","False","False","3F1B5A5A0DAF728023940B9F3A6CB1493007F4FDB3F6A3DC7D8D60E63FF33E61","PASS",""
"064350","현대로템","soph_handoff_hyundai_rotem_v1.zip","EC0974326CBDCBD06B36919ABDAC05F9395D0DB7443278C35E39422A3CF158EB","DART_064350_현대로템_2022H1_반기보고서_원문XBRL_20220816.zip","51B82EA022D92ABFBC9C3B6D7BAF613F4E0D300ACA26FC2E227E6A400FDDD0EB","4","ifrs_for_00302926/dimensions_ifrs_for_00302926/cal_ifrs_for_00302926_2019-11-14.xml","cal_ifrs_for_00302926_2019-11-14.xml",".xml","1399115","58492","True","False","False","False","False","False","49B33702868489E73F9C7BBDCF82578D960736EDDD9E3AB01F6066784991C4D8","PASS",""
"064350","현대로템","soph_handoff_hyundai_rotem_v1.zip","EC0974326CBDCBD06B36919ABDAC05F9395D0DB7443278C35E39422A3CF158EB","DART_064350_현대로템_2022H1_반기보고서_원문XBRL_20220816.zip","51B82EA022D92ABFBC9C3B6D7BAF613F4E0D300ACA26FC2E227E6A400FDDD0EB","5","ifrs_for_00302926/dimensions_ifrs_for_00302926/pre_ifrs_for_00302926_2019-11-14.xml","pre_ifrs_for_00302926_2019-11-14.xml",".xml","1475692","63097","True","False","False","False","False","False","0C34DDCC6D2512364B536D457076B6A9F4D05E9A2BD6B554F60DC88FA19C7B63","PASS",""
"064350","현대로템","soph_handoff_hyundai_rotem_v1.zip","EC0974326CBDCBD06B36919ABDAC05F9395D0DB7443278C35E39422A3CF158EB","DART_064350_현대로템_2022H1_반기보고서_원문XBRL_20220816.zip","51B82EA022D92ABFBC9C3B6D7BAF613F4E0D300ACA26FC2E227E6A400FDDD0EB","6","ifrs_for_00302926/dimensions_ifrs_for_00302926/role_ifrs_for_00302926-dim_2019-11-14.xsd","role_ifrs_for_00302926-dim_2019-11-14.xsd",".xsd","649","310","False","True","False","False","False","False","6BA920DF09443C2038CC7D0B16056BFB63B0A97E12D1A57FB8BF9D219320AFF0","PASS",""
"064350","현대로템","soph_handoff_hyundai_rotem_v1.zip","EC0974326CBDCBD06B36919ABDAC05F9395D0DB7443278C35E39422A3CF158EB","DART_064350_현대로템_2022H1_반기보고서_원문XBRL_20220816.zip","51B82EA022D92ABFBC9C3B6D7BAF613F4E0D300ACA26FC2E227E6A400FDDD0EB","7","labels/lab_00302926-ko_2019-11-14.xml","lab_00302926-ko_2019-11-14.xml",".xml","75954","5222","True","False","False","False","False","False","8E94BC2A5AA9DBEA0F26A73E4F3A710CE01FD5CE4E17413D725765AB2E52EA1D","PASS",""
"064350","현대로템","soph_handoff_hyundai_rotem_v1.zip","EC0974326CBDCBD06B36919ABDAC05F9395D0DB7443278C35E39422A3CF158EB","DART_064350_현대로템_2022H1_반기보고서_원문XBRL_20220816.zip","51B82EA022D92ABFBC9C3B6D7BAF613F4E0D300ACA26FC2E227E6A400FDDD0EB","8","labels/lab_00302926-en_2019-11-14.xml","lab_00302926-en_2019-11-14.xml",".xml","13196","1261","True","False","False","False","False","False","90EBC8D881D1A3BEA600650F6E9B29C3546C274354B244162FA3C4D6B3DD7360","PASS",""
"064350","현대로템","soph_handoff_hyundai_rotem_v1.zip","EC0974326CBDCBD06B36919ABDAC05F9395D0DB7443278C35E39422A3CF158EB","DART_064350_현대로템_2022Q1_분기보고서_원문XBRL_20220516.zip","F3AE14C38331E05EF080E656D7A71C2478916ABA21738B6A6EA4947C2C2E7310","1","00302926_2019-11-14.xbrl","00302926_2019-11-14.xbrl",".xbrl","207815","10565","True","False","False","False","False","False","2718E2B41FDEB060BF3B9E9985E8753C025088DDEE20546916F58D3363B21BBB","PASS",""
"064350","현대로템","soph_handoff_hyundai_rotem_v1.zip","EC0974326CBDCBD06B36919ABDAC05F9395D0DB7443278C35E39422A3CF158EB","DART_064350_현대로템_2022Q1_분기보고서_원문XBRL_20220516.zip","F3AE14C38331E05EF080E656D7A71C2478916ABA21738B6A6EA4947C2C2E7310","2","00302926_entry_point_2019-11-14.xsd","00302926_entry_point_2019-11-14.xsd",".xsd","6212","1103","False","True","False","False","False","False","75343D891C90EC13382C64C44A72AB711D5B1AEB0F307385B5E92EB6620ADAFF","PASS",""
"064350","현대로템","soph_handoff_hyundai_rotem_v1.zip","EC0974326CBDCBD06B36919ABDAC05F9395D0DB7443278C35E39422A3CF158EB","DART_064350_현대로템_2022Q1_분기보고서_원문XBRL_20220516.zip","F3AE14C38331E05EF080E656D7A71C2478916ABA21738B6A6EA4947C2C2E7310","3","ifrs_for_00302926/dimensions_ifrs_for_00302926/dim_ifrs_for_00302926_2019-11-14.xml","dim_ifrs_for_00302926_2019-11-14.xml",".xml","1442075","61753","True","False","False","False","False","False","D3B55B023838984ED37F1B560E70D574CAB0E383ACAEF204E2F3781A8C8EB7AA","PASS",""
"064350","현대로템","soph_handoff_hyundai_rotem_v1.zip","EC0974326CBDCBD06B36919ABDAC05F9395D0DB7443278C35E39422A3CF158EB","DART_064350_현대로템_2022Q1_분기보고서_원문XBRL_20220516.zip","F3AE14C38331E05EF080E656D7A71C2478916ABA21738B6A6EA4947C2C2E7310","4","ifrs_for_00302926/dimensions_ifrs_for_00302926/cal_ifrs_for_00302926_2019-11-14.xml","cal_ifrs_for_00302926_2019-11-14.xml",".xml","1402087","58624","True","False","False","False","False","False","29C5F5CDD224DCD9A83EEF3B206CBF152E4927F3B6555898322CC2B6D23C961C","PASS",""
"064350","현대로템","soph_handoff_hyundai_rotem_v1.zip","EC0974326CBDCBD06B36919ABDAC05F9395D0DB7443278C35E39422A3CF158EB","DART_064350_현대로템_2022Q1_분기보고서_원문XBRL_20220516.zip","F3AE14C38331E05EF080E656D7A71C2478916ABA21738B6A6EA4947C2C2E7310","5","ifrs_for_00302926/dimensions_ifrs_for_00302926/pre_ifrs_for_00302926_2019-11-14.xml","pre_ifrs_for_00302926_2019-11-14.xml",".xml","1471186","62825","True","False","False","False","False","False","B09462D47578E6F2713FE1D8DD17FD221B3546F33F6E44B4226C3C682528AF8C","PASS",""
"064350","현대로템","soph_handoff_hyundai_rotem_v1.zip","EC0974326CBDCBD06B36919ABDAC05F9395D0DB7443278C35E39422A3CF158EB","DART_064350_현대로템_2022Q1_분기보고서_원문XBRL_20220516.zip","F3AE14C38331E05EF080E656D7A71C2478916ABA21738B6A6EA4947C2C2E7310","6","ifrs_for_00302926/dimensions_ifrs_for_00302926/role_ifrs_for_00302926-dim_2019-11-14.xsd","role_ifrs_for_00302926-dim_2019-11-14.xsd",".xsd","649","310","False","True","False","False","False","False","6BA920DF09443C2038CC7D0B16056BFB63B0A97E12D1A57FB8BF9D219320AFF0","PASS",""
"064350","현대로템","soph_handoff_hyundai_rotem_v1.zip","EC0974326CBDCBD06B36919ABDAC05F9395D0DB7443278C35E39422A3CF158EB","DART_064350_현대로템_2022Q1_분기보고서_원문XBRL_20220516.zip","F3AE14C38331E05EF080E656D7A71C2478916ABA21738B6A6EA4947C2C2E7310","7","labels/lab_00302926-ko_2019-11-14.xml","lab_00302926-ko_2019-11-14.xml",".xml","74216","5188","True","False","False","False","False","False","E9A9A34B53E54F23DDAC53A7F9AD842CC89E0F163866A7024A86AB13C750B3E6","PASS",""
"064350","현대로템","soph_handoff_hyundai_rotem_v1.zip","EC0974326CBDCBD06B36919ABDAC05F9395D0DB7443278C35E39422A3CF158EB","DART_064350_현대로템_2022Q1_분기보고서_원문XBRL_20220516.zip","F3AE14C38331E05EF080E656D7A71C2478916ABA21738B6A6EA4947C2C2E7310","8","labels/lab_00302926-en_2019-11-14.xml","lab_00302926-en_2019-11-14.xml",".xml","15443","1392","True","False","False","False","False","False","AB8D181C89AD5A2E285BE3A1C93C7AEFE793B86830BAC8881F18913032E8A0F2","PASS",""
"064350","현대로템","soph_handoff_hyundai_rotem_v1.zip","EC0974326CBDCBD06B36919ABDAC05F9395D0DB7443278C35E39422A3CF158EB","DART_064350_현대로템_2022Q3_분기보고서_원문XBRL_20221114.zip","C78934E4115A85C4DD8C6A9A3C665B83165E1E947A073C91C5EC266ADD2582A5","1","00302926_2019-11-14.xbrl","00302926_2019-11-14.xbrl",".xbrl","219355","11484","True","False","False","False","False","False","4167CF728DB035CF032E90BCB4F9F5D5A842E10E685A2533D35F0A6F3E7846D5","PASS",""
"064350","현대로템","soph_handoff_hyundai_rotem_v1.zip","EC0974326CBDCBD06B36919ABDAC05F9395D0DB7443278C35E39422A3CF158EB","DART_064350_현대로템_2022Q3_분기보고서_원문XBRL_20221114.zip","C78934E4115A85C4DD8C6A9A3C665B83165E1E947A073C91C5EC266ADD2582A5","2","00302926_entry_point_2019-11-14.xsd","00302926_entry_point_2019-11-14.xsd",".xsd","5926","1086","False","True","False","False","False","False","65986FB586AAAEFCB6DD34B6AB08E456C72E0C65AF80A9487764AF6DAC98BEBB","PASS",""
"064350","현대로템","soph_handoff_hyundai_rotem_v1.zip","EC0974326CBDCBD06B36919ABDAC05F9395D0DB7443278C35E39422A3CF158EB","DART_064350_현대로템_2022Q3_분기보고서_원문XBRL_20221114.zip","C78934E4115A85C4DD8C6A9A3C665B83165E1E947A073C91C5EC266ADD2582A5","3","ifrs_for_00302926/dimensions_ifrs_for_00302926/dim_ifrs_for_00302926_2019-11-14.xml","dim_ifrs_for_00302926_2019-11-14.xml",".xml","1450892","62258","True","False","False","False","False","False","AD7877CCE34F293AF09934DF7D64E983FF106127249AE51CD264F9EDEC3D97AD","PASS",""
"064350","현대로템","soph_handoff_hyundai_rotem_v1.zip","EC0974326CBDCBD06B36919ABDAC05F9395D0DB7443278C35E39422A3CF158EB","DART_064350_현대로템_2022Q3_분기보고서_원문XBRL_20221114.zip","C78934E4115A85C4DD8C6A9A3C665B83165E1E947A073C91C5EC266ADD2582A5","4","ifrs_for_00302926/dimensions_ifrs_for_00302926/cal_ifrs_for_00302926_2019-11-14.xml","cal_ifrs_for_00302926_2019-11-14.xml",".xml","1396998","58433","True","False","False","False","False","False","CF137FEAF05FEB0BB49B3897CE9AF7FCFBB268BD21699928597ECC2930BD6C94","PASS",""
"064350","현대로템","soph_handoff_hyundai_rotem_v1.zip","EC0974326CBDCBD06B36919ABDAC05F9395D0DB7443278C35E39422A3CF158EB","DART_064350_현대로템_2022Q3_분기보고서_원문XBRL_20221114.zip","C78934E4115A85C4DD8C6A9A3C665B83165E1E947A073C91C5EC266ADD2582A5","5","ifrs_for_00302926/dimensions_ifrs_for_00302926/pre_ifrs_for_00302926_2019-11-14.xml","pre_ifrs_for_00302926_2019-11-14.xml",".xml","1480166","63345","True","False","False","False","False","False","FAE69DAE56EC16974D0492495B70A4F2F7FE44364F55D1E77BDAE69A56D3067D","PASS",""
"064350","현대로템","soph_handoff_hyundai_rotem_v1.zip","EC0974326CBDCBD06B36919ABDAC05F9395D0DB7443278C35E39422A3CF158EB","DART_064350_현대로템_2022Q3_분기보고서_원문XBRL_20221114.zip","C78934E4115A85C4DD8C6A9A3C665B83165E1E947A073C91C5EC266ADD2582A5","6","ifrs_for_00302926/dimensions_ifrs_for_00302926/role_ifrs_for_00302926-dim_2019-11-14.xsd","role_ifrs_for_00302926-dim_2019-11-14.xsd",".xsd","649","310","False","True","False","False","False","False","6BA920DF09443C2038CC7D0B16056BFB63B0A97E12D1A57FB8BF9D219320AFF0","PASS",""
"064350","현대로템","soph_handoff_hyundai_rotem_v1.zip","EC0974326CBDCBD06B36919ABDAC05F9395D0DB7443278C35E39422A3CF158EB","DART_064350_현대로템_2022Q3_분기보고서_원문XBRL_20221114.zip","C78934E4115A85C4DD8C6A9A3C665B83165E1E947A073C91C5EC266ADD2582A5","7","labels/lab_00302926-ko_2019-11-14.xml","lab_00302926-ko_2019-11-14.xml",".xml","78015","5288","True","False","False","False","False","False","66309AC3F766A1BDD6011DCFD4C3FAACB298BCE255D892E3C4CBC588BAA5A3BB","PASS",""
"064350","현대로템","soph_handoff_hyundai_rotem_v1.zip","EC0974326CBDCBD06B36919ABDAC05F9395D0DB7443278C35E39422A3CF158EB","DART_064350_현대로템_2022Q3_분기보고서_원문XBRL_20221114.zip","C78934E4115A85C4DD8C6A9A3C665B83165E1E947A073C91C5EC266ADD2582A5","8","labels/lab_00302926-en_2019-11-14.xml","lab_00302926-en_2019-11-14.xml",".xml","13196","1261","True","False","False","False","False","False","90EBC8D881D1A3BEA600650F6E9B29C3546C274354B244162FA3C4D6B3DD7360","PASS",""
"064350","현대로템","soph_handoff_hyundai_rotem_v1.zip","EC0974326CBDCBD06B36919ABDAC05F9395D0DB7443278C35E39422A3CF158EB","DART_064350_현대로템_2023FY_사업보고서_원문XBRL_20240320.zip","84FDB7759C752156CD2BCF171C3B123E66A408E56679C1FF2CCDA0D4ACE7B2F0","1","entity00302926_2023-12-31.xbrl","entity00302926_2023-12-31.xbrl",".xbrl","5202158","245036","True","False","False","False","False","False","53801CA78E8CECA1C43A797FA8B9741F437824314079071E0286539D34671BFD","PASS",""
"064350","현대로템","soph_handoff_hyundai_rotem_v1.zip","EC0974326CBDCBD06B36919ABDAC05F9395D0DB7443278C35E39422A3CF158EB","DART_064350_현대로템_2023FY_사업보고서_원문XBRL_20240320.zip","84FDB7759C752156CD2BCF171C3B123E66A408E56679C1FF2CCDA0D4ACE7B2F0","2","entity00302926_2023-12-31.xsd","entity00302926_2023-12-31.xsd",".xsd","517294","28636","False","True","False","False","False","False","ADD1487EB39B7F3F987DB62E7049650AE0D7C33B835A3F1D98FA900E86BB18BB","PASS",""
"064350","현대로템","soph_handoff_hyundai_rotem_v1.zip","EC0974326CBDCBD06B36919ABDAC05F9395D0DB7443278C35E39422A3CF158EB","DART_064350_현대로템_2023FY_사업보고서_원문XBRL_20240320.zip","84FDB7759C752156CD2BCF171C3B123E66A408E56679C1FF2CCDA0D4ACE7B2F0","3","entity00302926_2023-12-31_def.xml","entity00302926_2023-12-31_def.xml",".xml","4866937","155398","False","False","False","False","False","True","1D0BA2F891EA717942DD1B95018AF8C673FDD7E291A82CE2A4487FAD11DEE96E","PASS",""
"064350","현대로템","soph_handoff_hyundai_rotem_v1.zip","EC0974326CBDCBD06B36919ABDAC05F9395D0DB7443278C35E39422A3CF158EB","DART_064350_현대로템_2023FY_사업보고서_원문XBRL_20240320.zip","84FDB7759C752156CD2BCF171C3B123E66A408E56679C1FF2CCDA0D4ACE7B2F0","4","entity00302926_2023-12-31_cal.xml","entity00302926_2023-12-31_cal.xml",".xml","172053","8486","False","False","False","False","True","False","1CCF284F16BDCB9C2E7EBB6959A00C0FD359F89C063FDECA70C459A69916E0DC","PASS",""
"064350","현대로템","soph_handoff_hyundai_rotem_v1.zip","EC0974326CBDCBD06B36919ABDAC05F9395D0DB7443278C35E39422A3CF158EB","DART_064350_현대로템_2023FY_사업보고서_원문XBRL_20240320.zip","84FDB7759C752156CD2BCF171C3B123E66A408E56679C1FF2CCDA0D4ACE7B2F0","5","entity00302926_2023-12-31_pre.xml","entity00302926_2023-12-31_pre.xml",".xml","3642896","140743","False","False","False","True","False","False","FDAF2B1F50C776E70E0662778CAC0EEC27BB60C93AC9484707D0DA2FB7A1B6AC","PASS",""
"064350","현대로템","soph_handoff_hyundai_rotem_v1.zip","EC0974326CBDCBD06B36919ABDAC05F9395D0DB7443278C35E39422A3CF158EB","DART_064350_현대로템_2023FY_사업보고서_원문XBRL_20240320.zip","84FDB7759C752156CD2BCF171C3B123E66A408E56679C1FF2CCDA0D4ACE7B2F0","6","entity00302926_2023-12-31_lab-ko.xml","entity00302926_2023-12-31_lab-ko.xml",".xml","4150328","168855","False","False","True","False","False","False","67613C5F04B61384EBB0F2A1096AC6555A386E66702C716EFAC3B6E9A8219B30","PASS",""
"064350","현대로템","soph_handoff_hyundai_rotem_v1.zip","EC0974326CBDCBD06B36919ABDAC05F9395D0DB7443278C35E39422A3CF158EB","DART_064350_현대로템_2023FY_사업보고서_원문XBRL_20240320.zip","84FDB7759C752156CD2BCF171C3B123E66A408E56679C1FF2CCDA0D4ACE7B2F0","7","entity00302926_2023-12-31_lab-en.xml","entity00302926_2023-12-31_lab-en.xml",".xml","4194188","159829","False","False","True","False","False","False","EBC4D0BF76CA5472EAC7136103FA0D55B368BA950D5B57EE1D4F7DFF95095A52","PASS",""
"064350","현대로템","soph_handoff_hyundai_rotem_v1.zip","EC0974326CBDCBD06B36919ABDAC05F9395D0DB7443278C35E39422A3CF158EB","DART_064350_현대로템_2023H1_반기보고서_원문XBRL_20230814.zip","FF8FB17E9C4FEAAB9D2244F09DB1607BFCD4614330C9DEF6A4B0D0BBEFD57FFB","1","00302926_2019-11-14.xbrl","00302926_2019-11-14.xbrl",".xbrl","207511","11140","True","False","False","False","False","False","A468F5728500C3DF9DF59A97B8A446D246E6252F3348FA2A0605AE49F1D84DBD","PASS",""
"064350","현대로템","soph_handoff_hyundai_rotem_v1.zip","EC0974326CBDCBD06B36919ABDAC05F9395D0DB7443278C35E39422A3CF158EB","DART_064350_현대로템_2023H1_반기보고서_원문XBRL_20230814.zip","FF8FB17E9C4FEAAB9D2244F09DB1607BFCD4614330C9DEF6A4B0D0BBEFD57FFB","2","00302926_entry_point_2019-11-14.xsd","00302926_entry_point_2019-11-14.xsd",".xsd","5644","1073","False","True","False","False","False","False","CB2AE56F0857E743BFCB7737275BC78D72F8A415263DFA7989507F729CF49B94","PASS",""
"064350","현대로템","soph_handoff_hyundai_rotem_v1.zip","EC0974326CBDCBD06B36919ABDAC05F9395D0DB7443278C35E39422A3CF158EB","DART_064350_현대로템_2023H1_반기보고서_원문XBRL_20230814.zip","FF8FB17E9C4FEAAB9D2244F09DB1607BFCD4614330C9DEF6A4B0D0BBEFD57FFB","3","ifrs_for_00302926/dimensions_ifrs_for_00302926/dim_ifrs_for_00302926_2019-11-14.xml","dim_ifrs_for_00302926_2019-11-14.xml",".xml","1444523","61855","True","False","False","False","False","False","4B3A95036A37D0A5319BFE4C870288E39BA6D45DBB005E3894DD4BEDDFAE9F2F","PASS",""
"064350","현대로템","soph_handoff_hyundai_rotem_v1.zip","EC0974326CBDCBD06B36919ABDAC05F9395D0DB7443278C35E39422A3CF158EB","DART_064350_현대로템_2023H1_반기보고서_원문XBRL_20230814.zip","FF8FB17E9C4FEAAB9D2244F09DB1607BFCD4614330C9DEF6A4B0D0BBEFD57FFB","4","ifrs_for_00302926/dimensions_ifrs_for_00302926/cal_ifrs_for_00302926_2019-11-14.xml","cal_ifrs_for_00302926_2019-11-14.xml",".xml","1397856","58307","True","False","False","False","False","False","831FA814FF353F94082CDE7085A67F36097697F44F43FA5E99CD4D094F5042CF","PASS",""
"064350","현대로템","soph_handoff_hyundai_rotem_v1.zip","EC0974326CBDCBD06B36919ABDAC05F9395D0DB7443278C35E39422A3CF158EB","DART_064350_현대로템_2023H1_반기보고서_원문XBRL_20230814.zip","FF8FB17E9C4FEAAB9D2244F09DB1607BFCD4614330C9DEF6A4B0D0BBEFD57FFB","5","ifrs_for_00302926/dimensions_ifrs_for_00302926/pre_ifrs_for_00302926_2019-11-14.xml","pre_ifrs_for_00302926_2019-11-14.xml",".xml","1473567","62927","True","False","False","False","False","False","4C49A4C5099774F617B93E606C2BD5352973DA391A23377863A90183FC5FA101","PASS",""
"064350","현대로템","soph_handoff_hyundai_rotem_v1.zip","EC0974326CBDCBD06B36919ABDAC05F9395D0DB7443278C35E39422A3CF158EB","DART_064350_현대로템_2023H1_반기보고서_원문XBRL_20230814.zip","FF8FB17E9C4FEAAB9D2244F09DB1607BFCD4614330C9DEF6A4B0D0BBEFD57FFB","6","ifrs_for_00302926/dimensions_ifrs_for_00302926/role_ifrs_for_00302926-dim_2019-11-14.xsd","role_ifrs_for_00302926-dim_2019-11-14.xsd",".xsd","649","310","False","True","False","False","False","False","6BA920DF09443C2038CC7D0B16056BFB63B0A97E12D1A57FB8BF9D219320AFF0","PASS",""
"064350","현대로템","soph_handoff_hyundai_rotem_v1.zip","EC0974326CBDCBD06B36919ABDAC05F9395D0DB7443278C35E39422A3CF158EB","DART_064350_현대로템_2023H1_반기보고서_원문XBRL_20230814.zip","FF8FB17E9C4FEAAB9D2244F09DB1607BFCD4614330C9DEF6A4B0D0BBEFD57FFB","7","labels/lab_00302926-ko_2019-11-14.xml","lab_00302926-ko_2019-11-14.xml",".xml","72044","5071","True","False","False","False","False","False","6FC78FDB20A4091884B1258E67CFD3A35307D492FA0D58BABDF5A96897C62208","PASS",""
"064350","현대로템","soph_handoff_hyundai_rotem_v1.zip","EC0974326CBDCBD06B36919ABDAC05F9395D0DB7443278C35E39422A3CF158EB","DART_064350_현대로템_2023H1_반기보고서_원문XBRL_20230814.zip","FF8FB17E9C4FEAAB9D2244F09DB1607BFCD4614330C9DEF6A4B0D0BBEFD57FFB","8","labels/lab_00302926-en_2019-11-14.xml","lab_00302926-en_2019-11-14.xml",".xml","11897","1201","True","False","False","False","False","False","65E5D4226C1F6C538529EFB394C100A0BD57E33F97E36980BE47B81397C9E9ED","PASS",""
"064350","현대로템","soph_handoff_hyundai_rotem_v1.zip","EC0974326CBDCBD06B36919ABDAC05F9395D0DB7443278C35E39422A3CF158EB","DART_064350_현대로템_2023Q1_분기보고서_원문XBRL_20230515.zip","F34E2B14B5A06C2539394EFD43429B83E02DA339F9723AB99C1E0BB893DEAA49","1","00302926_2019-11-14.xbrl","00302926_2019-11-14.xbrl",".xbrl","206828","10502","True","False","False","False","False","False","E5E7E78D828CAA01F39A1D0280815BC90D9A9B9EE9C68FFC04A60B710128D282","PASS",""
"064350","현대로템","soph_handoff_hyundai_rotem_v1.zip","EC0974326CBDCBD06B36919ABDAC05F9395D0DB7443278C35E39422A3CF158EB","DART_064350_현대로템_2023Q1_분기보고서_원문XBRL_20230515.zip","F34E2B14B5A06C2539394EFD43429B83E02DA339F9723AB99C1E0BB893DEAA49","2","00302926_entry_point_2019-11-14.xsd","00302926_entry_point_2019-11-14.xsd",".xsd","5644","1073","False","True","False","False","False","False","CB2AE56F0857E743BFCB7737275BC78D72F8A415263DFA7989507F729CF49B94","PASS",""
"064350","현대로템","soph_handoff_hyundai_rotem_v1.zip","EC0974326CBDCBD06B36919ABDAC05F9395D0DB7443278C35E39422A3CF158EB","DART_064350_현대로템_2023Q1_분기보고서_원문XBRL_20230515.zip","F34E2B14B5A06C2539394EFD43429B83E02DA339F9723AB99C1E0BB893DEAA49","3","ifrs_for_00302926/dimensions_ifrs_for_00302926/dim_ifrs_for_00302926_2019-11-14.xml","dim_ifrs_for_00302926_2019-11-14.xml",".xml","1438315","61391","True","False","False","False","False","False","1A4A403F10DBF4B36A1B093152FF06A5E6CD4165AD32AA2D32AB59DA72D4C47D","PASS",""
"064350","현대로템","soph_handoff_hyundai_rotem_v1.zip","EC0974326CBDCBD06B36919ABDAC05F9395D0DB7443278C35E39422A3CF158EB","DART_064350_현대로템_2023Q1_분기보고서_원문XBRL_20230515.zip","F34E2B14B5A06C2539394EFD43429B83E02DA339F9723AB99C1E0BB893DEAA49","4","ifrs_for_00302926/dimensions_ifrs_for_00302926/cal_ifrs_for_00302926_2019-11-14.xml","cal_ifrs_for_00302926_2019-11-14.xml",".xml","1402202","58454","True","False","False","False","False","False","9D641536F14405DB698E1C339528C41A5905F8565AFA82AD2343CE29E4892D5A","PASS",""
"064350","현대로템","soph_handoff_hyundai_rotem_v1.zip","EC0974326CBDCBD06B36919ABDAC05F9395D0DB7443278C35E39422A3CF158EB","DART_064350_현대로템_2023Q1_분기보고서_원문XBRL_20230515.zip","F34E2B14B5A06C2539394EFD43429B83E02DA339F9723AB99C1E0BB893DEAA49","5","ifrs_for_00302926/dimensions_ifrs_for_00302926/pre_ifrs_for_00302926_2019-11-14.xml","pre_ifrs_for_00302926_2019-11-14.xml",".xml","1467325","62451","True","False","False","False","False","False","DB220043BE8DA0E49B1A43F913D6EB722E0EB8F6FCA89BCAFA1E38949941665A","PASS",""
"064350","현대로템","soph_handoff_hyundai_rotem_v1.zip","EC0974326CBDCBD06B36919ABDAC05F9395D0DB7443278C35E39422A3CF158EB","DART_064350_현대로템_2023Q1_분기보고서_원문XBRL_20230515.zip","F34E2B14B5A06C2539394EFD43429B83E02DA339F9723AB99C1E0BB893DEAA49","6","ifrs_for_00302926/dimensions_ifrs_for_00302926/role_ifrs_for_00302926-dim_2019-11-14.xsd","role_ifrs_for_00302926-dim_2019-11-14.xsd",".xsd","649","310","False","True","False","False","False","False","6BA920DF09443C2038CC7D0B16056BFB63B0A97E12D1A57FB8BF9D219320AFF0","PASS",""
"064350","현대로템","soph_handoff_hyundai_rotem_v1.zip","EC0974326CBDCBD06B36919ABDAC05F9395D0DB7443278C35E39422A3CF158EB","DART_064350_현대로템_2023Q1_분기보고서_원문XBRL_20230515.zip","F34E2B14B5A06C2539394EFD43429B83E02DA339F9723AB99C1E0BB893DEAA49","7","labels/lab_00302926-ko_2019-11-14.xml","lab_00302926-ko_2019-11-14.xml",".xml","71170","5053","True","False","False","False","False","False","D823E6FA4232EEC9DE02B9ED41ACCE6EC74525F870D5AB3FE29DB11D4B5C3CB4","PASS",""
"064350","현대로템","soph_handoff_hyundai_rotem_v1.zip","EC0974326CBDCBD06B36919ABDAC05F9395D0DB7443278C35E39422A3CF158EB","DART_064350_현대로템_2023Q1_분기보고서_원문XBRL_20230515.zip","F34E2B14B5A06C2539394EFD43429B83E02DA339F9723AB99C1E0BB893DEAA49","8","labels/lab_00302926-en_2019-11-14.xml","lab_00302926-en_2019-11-14.xml",".xml","11897","1201","True","False","False","False","False","False","65E5D4226C1F6C538529EFB394C100A0BD57E33F97E36980BE47B81397C9E9ED","PASS",""
"064350","현대로템","soph_handoff_hyundai_rotem_v1.zip","EC0974326CBDCBD06B36919ABDAC05F9395D0DB7443278C35E39422A3CF158EB","DART_064350_현대로템_2023Q3_분기보고서_원문XBRL_20231114.zip","AB3A2CE356CCD338192A1B0DF7199EA4B4F14001286D3064F833FF48E3E79B37","1","entity00302926_2023-09-30.xbrl","entity00302926_2023-09-30.xbrl",".xbrl","241371","14199","True","False","False","False","False","False","803AC7DCF8F8E4693287FE35DF69B5B5F5DB814F2DA03D8FAF2A65B9EF5FFA92","PASS",""
"064350","현대로템","soph_handoff_hyundai_rotem_v1.zip","EC0974326CBDCBD06B36919ABDAC05F9395D0DB7443278C35E39422A3CF158EB","DART_064350_현대로템_2023Q3_분기보고서_원문XBRL_20231114.zip","AB3A2CE356CCD338192A1B0DF7199EA4B4F14001286D3064F833FF48E3E79B37","2","entity00302926_2023-09-30.xsd","entity00302926_2023-09-30.xsd",".xsd","22495","2470","False","True","False","False","False","False","BA27F7D6933A5E61626443DC6810D2A7A4C101D9967EBCC01A8AC29B850E16E2","PASS",""
"064350","현대로템","soph_handoff_hyundai_rotem_v1.zip","EC0974326CBDCBD06B36919ABDAC05F9395D0DB7443278C35E39422A3CF158EB","DART_064350_현대로템_2023Q3_분기보고서_원문XBRL_20231114.zip","AB3A2CE356CCD338192A1B0DF7199EA4B4F14001286D3064F833FF48E3E79B37","3","entity00302926_2023-09-30_def.xml","entity00302926_2023-09-30_def.xml",".xml","238314","11210","False","False","False","False","False","True","02806C400F4B7AF04961B06F001E10AC9569B970F59F63BD48C6035C0D87E119","PASS",""
"064350","현대로템","soph_handoff_hyundai_rotem_v1.zip","EC0974326CBDCBD06B36919ABDAC05F9395D0DB7443278C35E39422A3CF158EB","DART_064350_현대로템_2023Q3_분기보고서_원문XBRL_20231114.zip","AB3A2CE356CCD338192A1B0DF7199EA4B4F14001286D3064F833FF48E3E79B37","4","entity00302926_2023-09-30_cal.xml","entity00302926_2023-09-30_cal.xml",".xml","156153","7550","False","False","False","False","True","False","BA9EF09E3CB593A350C147DA144DB942B97007111FD380DF0F348EE7EC9D2262","PASS",""
"064350","현대로템","soph_handoff_hyundai_rotem_v1.zip","EC0974326CBDCBD06B36919ABDAC05F9395D0DB7443278C35E39422A3CF158EB","DART_064350_현대로템_2023Q3_분기보고서_원문XBRL_20231114.zip","AB3A2CE356CCD338192A1B0DF7199EA4B4F14001286D3064F833FF48E3E79B37","5","entity00302926_2023-09-30_pre.xml","entity00302926_2023-09-30_pre.xml",".xml","230030","10847","False","False","False","True","False","False","C73C7D412D429C7B66A4FC2E7B9BEE5AD6A7DC679CE6299F0A32AEC334AAE88D","PASS",""
"064350","현대로템","soph_handoff_hyundai_rotem_v1.zip","EC0974326CBDCBD06B36919ABDAC05F9395D0DB7443278C35E39422A3CF158EB","DART_064350_현대로템_2023Q3_분기보고서_원문XBRL_20231114.zip","AB3A2CE356CCD338192A1B0DF7199EA4B4F14001286D3064F833FF48E3E79B37","6","entity00302926_2023-09-30_lab-ko.xml","entity00302926_2023-09-30_lab-ko.xml",".xml","331890","17580","False","False","True","False","False","False","09DD6E531A6DFE7C82C64A968D64247A32C1C48C44DBAF1D562341989AE549F4","PASS",""
"064350","현대로템","soph_handoff_hyundai_rotem_v1.zip","EC0974326CBDCBD06B36919ABDAC05F9395D0DB7443278C35E39422A3CF158EB","DART_064350_현대로템_2023Q3_분기보고서_원문XBRL_20231114.zip","AB3A2CE356CCD338192A1B0DF7199EA4B4F14001286D3064F833FF48E3E79B37","7","entity00302926_2023-09-30_lab-en.xml","entity00302926_2023-09-30_lab-en.xml",".xml","337898","16817","False","False","True","False","False","False","FC7E3F36EEAE753708BFEEEC1D9D033B75243DA3FD32AD08AB379305E4666FFB","PASS",""
"064350","현대로템","soph_handoff_hyundai_rotem_v1.zip","EC0974326CBDCBD06B36919ABDAC05F9395D0DB7443278C35E39422A3CF158EB","DART_064350_현대로템_2024FY_사업보고서_원문XBRL_정정_20250321.zip","14D372D3D67B1863F9B2DA0111140D24A7A859D9116DD6AAC34B8826AB7573D6","1","entity00302926_2024-12-31.xbrl","entity00302926_2024-12-31.xbrl",".xbrl","5075135","208001","True","False","False","False","False","False","A24666EDB6A38A4ADCD56B9C2F7A15EF5745353F35A1C03E4B5F6830E1A10CB5","PASS",""
"064350","현대로템","soph_handoff_hyundai_rotem_v1.zip","EC0974326CBDCBD06B36919ABDAC05F9395D0DB7443278C35E39422A3CF158EB","DART_064350_현대로템_2024FY_사업보고서_원문XBRL_정정_20250321.zip","14D372D3D67B1863F9B2DA0111140D24A7A859D9116DD6AAC34B8826AB7573D6","2","entity00302926_2024-12-31.xsd","entity00302926_2024-12-31.xsd",".xsd","436680","24335","False","True","False","False","False","False","E803D1338444A82210155D5A8A134C491F0193FAADF3EA424BAFD17AAA0BFC70","PASS",""
"064350","현대로템","soph_handoff_hyundai_rotem_v1.zip","EC0974326CBDCBD06B36919ABDAC05F9395D0DB7443278C35E39422A3CF158EB","DART_064350_현대로템_2024FY_사업보고서_원문XBRL_정정_20250321.zip","14D372D3D67B1863F9B2DA0111140D24A7A859D9116DD6AAC34B8826AB7573D6","3","entity00302926_2024-12-31_def.xml","entity00302926_2024-12-31_def.xml",".xml","4618542","150294","False","False","False","False","False","True","A052910F15716622E4B532BDD18D00E5BE1FCB524024B998927D9FDB6E06668A","PASS",""
"064350","현대로템","soph_handoff_hyundai_rotem_v1.zip","EC0974326CBDCBD06B36919ABDAC05F9395D0DB7443278C35E39422A3CF158EB","DART_064350_현대로템_2024FY_사업보고서_원문XBRL_정정_20250321.zip","14D372D3D67B1863F9B2DA0111140D24A7A859D9116DD6AAC34B8826AB7573D6","4","entity00302926_2024-12-31_cal.xml","entity00302926_2024-12-31_cal.xml",".xml","173762","8617","False","False","False","False","True","False","13D8E09E56A7C91E6AB601BC7CE341C181E215689A79F6D63FF48B397EDEFBBA","PASS",""
"064350","현대로템","soph_handoff_hyundai_rotem_v1.zip","EC0974326CBDCBD06B36919ABDAC05F9395D0DB7443278C35E39422A3CF158EB","DART_064350_현대로템_2024FY_사업보고서_원문XBRL_정정_20250321.zip","14D372D3D67B1863F9B2DA0111140D24A7A859D9116DD6AAC34B8826AB7573D6","5","entity00302926_2024-12-31_pre.xml","entity00302926_2024-12-31_pre.xml",".xml","3394803","133531","False","False","False","True","False","False","4FF611FCD340C16C8B2CD062867BBBCF7FD3F7FFB90A66F728D0CE54FD3AE360","PASS",""
"064350","현대로템","soph_handoff_hyundai_rotem_v1.zip","EC0974326CBDCBD06B36919ABDAC05F9395D0DB7443278C35E39422A3CF158EB","DART_064350_현대로템_2024FY_사업보고서_원문XBRL_정정_20250321.zip","14D372D3D67B1863F9B2DA0111140D24A7A859D9116DD6AAC34B8826AB7573D6","6","entity00302926_2024-12-31_lab-ko.xml","entity00302926_2024-12-31_lab-ko.xml",".xml","3729460","155015","False","False","True","False","False","False","578E7B12FA083948E30BBCFC5CD0A52C33DBA673301E1F79725801305D9B32F2","PASS",""
"064350","현대로템","soph_handoff_hyundai_rotem_v1.zip","EC0974326CBDCBD06B36919ABDAC05F9395D0DB7443278C35E39422A3CF158EB","DART_064350_현대로템_2024FY_사업보고서_원문XBRL_정정_20250321.zip","14D372D3D67B1863F9B2DA0111140D24A7A859D9116DD6AAC34B8826AB7573D6","7","entity00302926_2024-12-31_lab-en.xml","entity00302926_2024-12-31_lab-en.xml",".xml","3772740","147584","False","False","True","False","False","False","C04AE1B8F35C350B5410B67FE02C1B96095F98AE218153A91A97A89CD85374E5","PASS",""
"064350","현대로템","soph_handoff_hyundai_rotem_v1.zip","EC0974326CBDCBD06B36919ABDAC05F9395D0DB7443278C35E39422A3CF158EB","DART_064350_현대로템_2024H1_반기보고서_원문XBRL_20240814.zip","F86947DB457A404C14BAADC7E75B44C29E0BCC4301601655771B1E3817017766","1","entity00302926_2024-06-30.xbrl","entity00302926_2024-06-30.xbrl",".xbrl","3782804","162721","True","False","False","False","False","False","9D9F28F299B6A64802DD999AC22E90158D66A9675B1C6C8283C385CF9DD13E45","PASS",""
"064350","현대로템","soph_handoff_hyundai_rotem_v1.zip","EC0974326CBDCBD06B36919ABDAC05F9395D0DB7443278C35E39422A3CF158EB","DART_064350_현대로템_2024H1_반기보고서_원문XBRL_20240814.zip","F86947DB457A404C14BAADC7E75B44C29E0BCC4301601655771B1E3817017766","2","entity00302926_2024-06-30.xsd","entity00302926_2024-06-30.xsd",".xsd","379909","22074","False","True","False","False","False","False","A30A9AD7EF63FB7B466698CCCD6AEA6B78E863E65870DC6A478AB7E0A3C08942","PASS",""
"064350","현대로템","soph_handoff_hyundai_rotem_v1.zip","EC0974326CBDCBD06B36919ABDAC05F9395D0DB7443278C35E39422A3CF158EB","DART_064350_현대로템_2024H1_반기보고서_원문XBRL_20240814.zip","F86947DB457A404C14BAADC7E75B44C29E0BCC4301601655771B1E3817017766","3","entity00302926_2024-06-30_def.xml","entity00302926_2024-06-30_def.xml",".xml","3711938","118518","False","False","False","False","False","True","4933AC760AF43F255FAF682E138D7D860B407F39114D305F8B437972DB4DF604","PASS",""
"064350","현대로템","soph_handoff_hyundai_rotem_v1.zip","EC0974326CBDCBD06B36919ABDAC05F9395D0DB7443278C35E39422A3CF158EB","DART_064350_현대로템_2024H1_반기보고서_원문XBRL_20240814.zip","F86947DB457A404C14BAADC7E75B44C29E0BCC4301601655771B1E3817017766","4","entity00302926_2024-06-30_cal.xml","entity00302926_2024-06-30_cal.xml",".xml","157259","7563","False","False","False","False","True","False","28DFCAAF624E832091FB186D3D0D428D715E934E3B0D5CAE45AAF604D4D3D2ED","PASS",""
"064350","현대로템","soph_handoff_hyundai_rotem_v1.zip","EC0974326CBDCBD06B36919ABDAC05F9395D0DB7443278C35E39422A3CF158EB","DART_064350_현대로템_2024H1_반기보고서_원문XBRL_20240814.zip","F86947DB457A404C14BAADC7E75B44C29E0BCC4301601655771B1E3817017766","5","entity00302926_2024-06-30_pre.xml","entity00302926_2024-06-30_pre.xml",".xml","2799060","104108","False","False","False","True","False","False","2AB9F65865DF17C7995B4836F3D6084C671722654AECB2B9F560C686AA249994","PASS",""
"064350","현대로템","soph_handoff_hyundai_rotem_v1.zip","EC0974326CBDCBD06B36919ABDAC05F9395D0DB7443278C35E39422A3CF158EB","DART_064350_현대로템_2024H1_반기보고서_원문XBRL_20240814.zip","F86947DB457A404C14BAADC7E75B44C29E0BCC4301601655771B1E3817017766","6","entity00302926_2024-06-30_lab-ko.xml","entity00302926_2024-06-30_lab-ko.xml",".xml","3104564","128170","False","False","True","False","False","False","FFD8DBBB594AABFA4E60E4DA0D2BEE7E9A0062F77FC02E907AC4046A9BD79D5A","PASS",""
"064350","현대로템","soph_handoff_hyundai_rotem_v1.zip","EC0974326CBDCBD06B36919ABDAC05F9395D0DB7443278C35E39422A3CF158EB","DART_064350_현대로템_2024H1_반기보고서_원문XBRL_20240814.zip","F86947DB457A404C14BAADC7E75B44C29E0BCC4301601655771B1E3817017766","7","entity00302926_2024-06-30_lab-en.xml","entity00302926_2024-06-30_lab-en.xml",".xml","3138617","121251","False","False","True","False","False","False","CCC1D2E8C72AD6D619BC816695C904DF4C60965800ADEE392CB95794EB77D244","PASS",""
"064350","현대로템","soph_handoff_hyundai_rotem_v1.zip","EC0974326CBDCBD06B36919ABDAC05F9395D0DB7443278C35E39422A3CF158EB","DART_064350_현대로템_2024Q1_분기보고서_원문XBRL_20240516.zip","D20A2E70169D9159E4D7FA9558B83DE87A8435E7DA858ADF2A289ED7E06051E3","1","entity00302926_2024-03-31.xbrl","entity00302926_2024-03-31.xbrl",".xbrl","3546128","156988","True","False","False","False","False","False","6A21D86B4233318B64D5EB2038FE57BEFD70AA03A6F2E2E917732F0AB6F9B5BD","PASS",""
"064350","현대로템","soph_handoff_hyundai_rotem_v1.zip","EC0974326CBDCBD06B36919ABDAC05F9395D0DB7443278C35E39422A3CF158EB","DART_064350_현대로템_2024Q1_분기보고서_원문XBRL_20240516.zip","D20A2E70169D9159E4D7FA9558B83DE87A8435E7DA858ADF2A289ED7E06051E3","2","entity00302926_2024-03-31.xsd","entity00302926_2024-03-31.xsd",".xsd","368232","21451","False","True","False","False","False","False","1B0DF13321A21AF728F96B9F31A210C1E99854393131C048F72C40A26D35036A","PASS",""
"064350","현대로템","soph_handoff_hyundai_rotem_v1.zip","EC0974326CBDCBD06B36919ABDAC05F9395D0DB7443278C35E39422A3CF158EB","DART_064350_현대로템_2024Q1_분기보고서_원문XBRL_20240516.zip","D20A2E70169D9159E4D7FA9558B83DE87A8435E7DA858ADF2A289ED7E06051E3","3","entity00302926_2024-03-31_def.xml","entity00302926_2024-03-31_def.xml",".xml","3636075","115727","False","False","False","False","False","True","FBC2EAE27AABCBAEEB7480F04C2F3E4DD9ECA8EA76EA1141758B7ECB6AF25663","PASS",""
"064350","현대로템","soph_handoff_hyundai_rotem_v1.zip","EC0974326CBDCBD06B36919ABDAC05F9395D0DB7443278C35E39422A3CF158EB","DART_064350_현대로템_2024Q1_분기보고서_원문XBRL_20240516.zip","D20A2E70169D9159E4D7FA9558B83DE87A8435E7DA858ADF2A289ED7E06051E3","4","entity00302926_2024-03-31_cal.xml","entity00302926_2024-03-31_cal.xml",".xml","144531","6539","False","False","False","False","True","False","6D96F53D5F9012EB982FD4EA41844E85A46ADE41D93FF8181CD9EEAEAF09D72C","PASS",""
"064350","현대로템","soph_handoff_hyundai_rotem_v1.zip","EC0974326CBDCBD06B36919ABDAC05F9395D0DB7443278C35E39422A3CF158EB","DART_064350_현대로템_2024Q1_분기보고서_원문XBRL_20240516.zip","D20A2E70169D9159E4D7FA9558B83DE87A8435E7DA858ADF2A289ED7E06051E3","5","entity00302926_2024-03-31_pre.xml","entity00302926_2024-03-31_pre.xml",".xml","2723347","101378","False","False","False","True","False","False","19288FE639413E02205730E7246CB337710CD089632B385338E5F17CCC874E4B","PASS",""
"064350","현대로템","soph_handoff_hyundai_rotem_v1.zip","EC0974326CBDCBD06B36919ABDAC05F9395D0DB7443278C35E39422A3CF158EB","DART_064350_현대로템_2024Q1_분기보고서_원문XBRL_20240516.zip","D20A2E70169D9159E4D7FA9558B83DE87A8435E7DA858ADF2A289ED7E06051E3","6","entity00302926_2024-03-31_lab-ko.xml","entity00302926_2024-03-31_lab-ko.xml",".xml","2951174","122122","False","False","True","False","False","False","D5011C85D7512BF14DF5F76F26AD76C3B383B55DF049AB68504DCA5021EB1F77","PASS",""
"064350","현대로템","soph_handoff_hyundai_rotem_v1.zip","EC0974326CBDCBD06B36919ABDAC05F9395D0DB7443278C35E39422A3CF158EB","DART_064350_현대로템_2024Q1_분기보고서_원문XBRL_20240516.zip","D20A2E70169D9159E4D7FA9558B83DE87A8435E7DA858ADF2A289ED7E06051E3","7","entity00302926_2024-03-31_lab-en.xml","entity00302926_2024-03-31_lab-en.xml",".xml","2981535","115252","False","False","True","False","False","False","61FF804C210BC468F5A6E005CADDAA168F00B21BD1AE334F8730EFA2ADFEDC71","PASS",""
"064350","현대로템","soph_handoff_hyundai_rotem_v1.zip","EC0974326CBDCBD06B36919ABDAC05F9395D0DB7443278C35E39422A3CF158EB","DART_064350_현대로템_2024Q3_분기보고서_원문XBRL_20241114.zip","0277E1E98444AE2094D85B8D75C962CF75CCEE2566AC2F287EF608C009E2C1A5","1","entity00302926_2024-09-30.xbrl","entity00302926_2024-09-30.xbrl",".xbrl","3880936","161602","True","False","False","False","False","False","CA8565A400E6D559BE0036AFC6BB252AF7818403A5B176C5AA9E3111E38E0460","PASS",""
"064350","현대로템","soph_handoff_hyundai_rotem_v1.zip","EC0974326CBDCBD06B36919ABDAC05F9395D0DB7443278C35E39422A3CF158EB","DART_064350_현대로템_2024Q3_분기보고서_원문XBRL_20241114.zip","0277E1E98444AE2094D85B8D75C962CF75CCEE2566AC2F287EF608C009E2C1A5","2","entity00302926_2024-09-30.xsd","entity00302926_2024-09-30.xsd",".xsd","388651","22166","False","True","False","False","False","False","A20B29FD86AFC678FF0BEA9EF26D4DE8484CD10CAA206936654B1213E73D6942","PASS",""
"064350","현대로템","soph_handoff_hyundai_rotem_v1.zip","EC0974326CBDCBD06B36919ABDAC05F9395D0DB7443278C35E39422A3CF158EB","DART_064350_현대로템_2024Q3_분기보고서_원문XBRL_20241114.zip","0277E1E98444AE2094D85B8D75C962CF75CCEE2566AC2F287EF608C009E2C1A5","3","entity00302926_2024-09-30_def.xml","entity00302926_2024-09-30_def.xml",".xml","3746712","117821","False","False","False","False","False","True","43EB8DCFAD76E25B5839FACF4AD0B0240CA2E858C8929976BB7D8D4B1FA78E63","PASS",""
"064350","현대로템","soph_handoff_hyundai_rotem_v1.zip","EC0974326CBDCBD06B36919ABDAC05F9395D0DB7443278C35E39422A3CF158EB","DART_064350_현대로템_2024Q3_분기보고서_원문XBRL_20241114.zip","0277E1E98444AE2094D85B8D75C962CF75CCEE2566AC2F287EF608C009E2C1A5","4","entity00302926_2024-09-30_cal.xml","entity00302926_2024-09-30_cal.xml",".xml","162804","7752","False","False","False","False","True","False","7BC3E7C0E13B6DA22A099B9700F105268CE89A545E5F810939883CDD59D865AE","PASS",""
"064350","현대로템","soph_handoff_hyundai_rotem_v1.zip","EC0974326CBDCBD06B36919ABDAC05F9395D0DB7443278C35E39422A3CF158EB","DART_064350_현대로템_2024Q3_분기보고서_원문XBRL_20241114.zip","0277E1E98444AE2094D85B8D75C962CF75CCEE2566AC2F287EF608C009E2C1A5","5","entity00302926_2024-09-30_pre.xml","entity00302926_2024-09-30_pre.xml",".xml","2838708","103928","False","False","False","True","False","False","8D96ADC47FF4ACC2555B16A693C884C93AA0460D86AE72CA43CF2CABE7E647D8","PASS",""
"064350","현대로템","soph_handoff_hyundai_rotem_v1.zip","EC0974326CBDCBD06B36919ABDAC05F9395D0DB7443278C35E39422A3CF158EB","DART_064350_현대로템_2024Q3_분기보고서_원문XBRL_20241114.zip","0277E1E98444AE2094D85B8D75C962CF75CCEE2566AC2F287EF608C009E2C1A5","6","entity00302926_2024-09-30_lab-ko.xml","entity00302926_2024-09-30_lab-ko.xml",".xml","3234014","132105","False","False","True","False","False","False","9DAFB3C71162EA35B38F0BEBF0B25E1F4B5AAEF595EA891644F8118BD7A13442","PASS",""
"064350","현대로템","soph_handoff_hyundai_rotem_v1.zip","EC0974326CBDCBD06B36919ABDAC05F9395D0DB7443278C35E39422A3CF158EB","DART_064350_현대로템_2024Q3_분기보고서_원문XBRL_20241114.zip","0277E1E98444AE2094D85B8D75C962CF75CCEE2566AC2F287EF608C009E2C1A5","7","entity00302926_2024-09-30_lab-en.xml","entity00302926_2024-09-30_lab-en.xml",".xml","3269038","124832","False","False","True","False","False","False","5F5971CC5B85DE633623F53A33E6663E5430A45FE62C53856438F232382DCFDD","PASS",""
"064350","현대로템","soph_handoff_hyundai_rotem_v1.zip","EC0974326CBDCBD06B36919ABDAC05F9395D0DB7443278C35E39422A3CF158EB","DART_064350_현대로템_2025FY_사업보고서_원문XBRL_20260319.zip","83BA1CEF8E9C1855C9E8D3F93D39A31042654CA8FD6AAE9F7037FBCDCAB0D0FA","1","entity00302926_2025-12-31.xbrl","entity00302926_2025-12-31.xbrl",".xbrl","5652385","256837","True","False","False","False","False","False","7F3F8C907D815BA96238E0E557E29F9BE91A9FAFBF53AEDED2942AF6D0C028B2","PASS",""
"064350","현대로템","soph_handoff_hyundai_rotem_v1.zip","EC0974326CBDCBD06B36919ABDAC05F9395D0DB7443278C35E39422A3CF158EB","DART_064350_현대로템_2025FY_사업보고서_원문XBRL_20260319.zip","83BA1CEF8E9C1855C9E8D3F93D39A31042654CA8FD6AAE9F7037FBCDCAB0D0FA","2","entity00302926_2025-12-31.xsd","entity00302926_2025-12-31.xsd",".xsd","490525","31838","False","True","False","False","False","False","10253F27D80C8CD96C7E34D88303DF8F6FE0107056DF8D21EE744EAE5E24182F","PASS",""
"064350","현대로템","soph_handoff_hyundai_rotem_v1.zip","EC0974326CBDCBD06B36919ABDAC05F9395D0DB7443278C35E39422A3CF158EB","DART_064350_현대로템_2025FY_사업보고서_원문XBRL_20260319.zip","83BA1CEF8E9C1855C9E8D3F93D39A31042654CA8FD6AAE9F7037FBCDCAB0D0FA","3","entity00302926_2025-12-31_def.xml","entity00302926_2025-12-31_def.xml",".xml","4726676","151404","False","False","False","False","False","True","703D75A61285E34D938C470C7FBE222EDDC00E3868B2717DC95FEDEC8B31DEBB","PASS",""
"064350","현대로템","soph_handoff_hyundai_rotem_v1.zip","EC0974326CBDCBD06B36919ABDAC05F9395D0DB7443278C35E39422A3CF158EB","DART_064350_현대로템_2025FY_사업보고서_원문XBRL_20260319.zip","83BA1CEF8E9C1855C9E8D3F93D39A31042654CA8FD6AAE9F7037FBCDCAB0D0FA","4","entity00302926_2025-12-31_cal.xml","entity00302926_2025-12-31_cal.xml",".xml","164949","7379","False","False","False","False","True","False","5953ACB619CEE8D51C8C6D911088381C642078F0CC92A6B71E7ABC4BE3EEE498","PASS",""
"064350","현대로템","soph_handoff_hyundai_rotem_v1.zip","EC0974326CBDCBD06B36919ABDAC05F9395D0DB7443278C35E39422A3CF158EB","DART_064350_현대로템_2025FY_사업보고서_원문XBRL_20260319.zip","83BA1CEF8E9C1855C9E8D3F93D39A31042654CA8FD6AAE9F7037FBCDCAB0D0FA","5","entity00302926_2025-12-31_pre.xml","entity00302926_2025-12-31_pre.xml",".xml","3452987","134230","False","False","False","True","False","False","052A8BBB7C84B84FD75FC19C9B1020BA3EE0C1D6BE9ED63DEB27B6F47BB6D0E9","PASS",""
"064350","현대로템","soph_handoff_hyundai_rotem_v1.zip","EC0974326CBDCBD06B36919ABDAC05F9395D0DB7443278C35E39422A3CF158EB","DART_064350_현대로템_2025FY_사업보고서_원문XBRL_20260319.zip","83BA1CEF8E9C1855C9E8D3F93D39A31042654CA8FD6AAE9F7037FBCDCAB0D0FA","6","entity00302926_2025-12-31_lab-ko.xml","entity00302926_2025-12-31_lab-ko.xml",".xml","4066294","165432","False","False","True","False","False","False","17C6313FED15F67B349982B3B07F4C4A5EC8785409F5183099BB610D6B538EE4","PASS",""
"064350","현대로템","soph_handoff_hyundai_rotem_v1.zip","EC0974326CBDCBD06B36919ABDAC05F9395D0DB7443278C35E39422A3CF158EB","DART_064350_현대로템_2025FY_사업보고서_원문XBRL_20260319.zip","83BA1CEF8E9C1855C9E8D3F93D39A31042654CA8FD6AAE9F7037FBCDCAB0D0FA","7","entity00302926_2025-12-31_lab-en.xml","entity00302926_2025-12-31_lab-en.xml",".xml","4115165","158858","False","False","True","False","False","False","607AF1B2206A0A0597E4499BF1C29A944F181799663D89EF8084F2F6566BA395","PASS",""
"064350","현대로템","soph_handoff_hyundai_rotem_v1.zip","EC0974326CBDCBD06B36919ABDAC05F9395D0DB7443278C35E39422A3CF158EB","DART_064350_현대로템_2025H1_반기보고서_원문XBRL_20250814.zip","E11122FB2B97C2327B06A5CE85D52F403A266B793D0154E4EF1B0179C178E8EC","1","entity00302926_2025-06-30.xbrl","entity00302926_2025-06-30.xbrl",".xbrl","5465643","189996","True","False","False","False","False","False","BA1211532D04C9C20C1ABE87F466A799E8BFF2780EC6309EA30F1FAE0BA0B531","PASS",""
"064350","현대로템","soph_handoff_hyundai_rotem_v1.zip","EC0974326CBDCBD06B36919ABDAC05F9395D0DB7443278C35E39422A3CF158EB","DART_064350_현대로템_2025H1_반기보고서_원문XBRL_20250814.zip","E11122FB2B97C2327B06A5CE85D52F403A266B793D0154E4EF1B0179C178E8EC","2","entity00302926_2025-06-30.xsd","entity00302926_2025-06-30.xsd",".xsd","383474","25733","False","True","False","False","False","False","68664DEC3BFA54F7A29F4A513E47344DF91A3615599999813BE7C28E02C44E5D","PASS",""
"064350","현대로템","soph_handoff_hyundai_rotem_v1.zip","EC0974326CBDCBD06B36919ABDAC05F9395D0DB7443278C35E39422A3CF158EB","DART_064350_현대로템_2025H1_반기보고서_원문XBRL_20250814.zip","E11122FB2B97C2327B06A5CE85D52F403A266B793D0154E4EF1B0179C178E8EC","3","entity00302926_2025-06-30_def.xml","entity00302926_2025-06-30_def.xml",".xml","3888100","125753","False","False","False","False","False","True","81C440C738961D747E08A2E508EC4145B69781E802EC824802CBF468132106E8","PASS",""
"064350","현대로템","soph_handoff_hyundai_rotem_v1.zip","EC0974326CBDCBD06B36919ABDAC05F9395D0DB7443278C35E39422A3CF158EB","DART_064350_현대로템_2025H1_반기보고서_원문XBRL_20250814.zip","E11122FB2B97C2327B06A5CE85D52F403A266B793D0154E4EF1B0179C178E8EC","4","entity00302926_2025-06-30_cal.xml","entity00302926_2025-06-30_cal.xml",".xml","155705","6795","False","False","False","False","True","False","1FAE24E0C775CFC148A26719634C958B497F134367ED861A1B69E4EB019F81A3","PASS",""
"064350","현대로템","soph_handoff_hyundai_rotem_v1.zip","EC0974326CBDCBD06B36919ABDAC05F9395D0DB7443278C35E39422A3CF158EB","DART_064350_현대로템_2025H1_반기보고서_원문XBRL_20250814.zip","E11122FB2B97C2327B06A5CE85D52F403A266B793D0154E4EF1B0179C178E8EC","5","entity00302926_2025-06-30_pre.xml","entity00302926_2025-06-30_pre.xml",".xml","2865238","110351","False","False","False","True","False","False","EDB626EEFE58D13BCA29C508F6DAFB59160FED3DB0D7B76ADD276510D5F7E24A","PASS",""
"064350","현대로템","soph_handoff_hyundai_rotem_v1.zip","EC0974326CBDCBD06B36919ABDAC05F9395D0DB7443278C35E39422A3CF158EB","DART_064350_현대로템_2025H1_반기보고서_원문XBRL_20250814.zip","E11122FB2B97C2327B06A5CE85D52F403A266B793D0154E4EF1B0179C178E8EC","6","entity00302926_2025-06-30_lab-ko.xml","entity00302926_2025-06-30_lab-ko.xml",".xml","3217579","133627","False","False","True","False","False","False","695A5863A4E58D5B03450AD140055FF03EFFC3D2416C512812115082D993EBBD","PASS",""
"064350","현대로템","soph_handoff_hyundai_rotem_v1.zip","EC0974326CBDCBD06B36919ABDAC05F9395D0DB7443278C35E39422A3CF158EB","DART_064350_현대로템_2025H1_반기보고서_원문XBRL_20250814.zip","E11122FB2B97C2327B06A5CE85D52F403A266B793D0154E4EF1B0179C178E8EC","7","entity00302926_2025-06-30_lab-en.xml","entity00302926_2025-06-30_lab-en.xml",".xml","3253763","126853","False","False","True","False","False","False","C3E388D22C3FE27ADFEEFF7A1CA6E6B1EF3F1A153A4D60CB83530CDF5A10F09E","PASS",""
"064350","현대로템","soph_handoff_hyundai_rotem_v1.zip","EC0974326CBDCBD06B36919ABDAC05F9395D0DB7443278C35E39422A3CF158EB","DART_064350_현대로템_2025Q1_분기보고서_원문XBRL_20250515.zip","0CEDC0F930353BFF19A2F4A9D78B2D41B67408D289C939B34FE1A3ABC7A1E31E","1","entity00302926_2025-03-31.xbrl","entity00302926_2025-03-31.xbrl",".xbrl","5414396","187448","True","False","False","False","False","False","8EA13F51845B1C31EA9DDEFC4973F776214699EA5BA133FD9C0887A4F6A3A1D3","PASS",""
"064350","현대로템","soph_handoff_hyundai_rotem_v1.zip","EC0974326CBDCBD06B36919ABDAC05F9395D0DB7443278C35E39422A3CF158EB","DART_064350_현대로템_2025Q1_분기보고서_원문XBRL_20250515.zip","0CEDC0F930353BFF19A2F4A9D78B2D41B67408D289C939B34FE1A3ABC7A1E31E","2","entity00302926_2025-03-31.xsd","entity00302926_2025-03-31.xsd",".xsd","372093","21110","False","True","False","False","False","False","FC553B83769AC6A404A4E6985A72C308715B9C3041E4835087A4B3B85BA60410","PASS",""
"064350","현대로템","soph_handoff_hyundai_rotem_v1.zip","EC0974326CBDCBD06B36919ABDAC05F9395D0DB7443278C35E39422A3CF158EB","DART_064350_현대로템_2025Q1_분기보고서_원문XBRL_20250515.zip","0CEDC0F930353BFF19A2F4A9D78B2D41B67408D289C939B34FE1A3ABC7A1E31E","3","entity00302926_2025-03-31_def.xml","entity00302926_2025-03-31_def.xml",".xml","3839634","124555","False","False","False","False","False","True","47443EAD18BD5E5F361B3A1D5C01E566E8B37C5852E71C2DB818862B224726E5","PASS",""
"064350","현대로템","soph_handoff_hyundai_rotem_v1.zip","EC0974326CBDCBD06B36919ABDAC05F9395D0DB7443278C35E39422A3CF158EB","DART_064350_현대로템_2025Q1_분기보고서_원문XBRL_20250515.zip","0CEDC0F930353BFF19A2F4A9D78B2D41B67408D289C939B34FE1A3ABC7A1E31E","4","entity00302926_2025-03-31_cal.xml","entity00302926_2025-03-31_cal.xml",".xml","147940","6290","False","False","False","False","True","False","C669DCEDCFB5D6746B532CF783B8354214E4EFBC64ACAF488B5703B68E22CB5C","PASS",""
"064350","현대로템","soph_handoff_hyundai_rotem_v1.zip","EC0974326CBDCBD06B36919ABDAC05F9395D0DB7443278C35E39422A3CF158EB","DART_064350_현대로템_2025Q1_분기보고서_원문XBRL_20250515.zip","0CEDC0F930353BFF19A2F4A9D78B2D41B67408D289C939B34FE1A3ABC7A1E31E","5","entity00302926_2025-03-31_pre.xml","entity00302926_2025-03-31_pre.xml",".xml","2837537","109456","False","False","False","True","False","False","01A53F240A501F799395F34E33B04BDFDDA23E93A63D0C79E8641F32CD7E1A22","PASS",""
"064350","현대로템","soph_handoff_hyundai_rotem_v1.zip","EC0974326CBDCBD06B36919ABDAC05F9395D0DB7443278C35E39422A3CF158EB","DART_064350_현대로템_2025Q1_분기보고서_원문XBRL_20250515.zip","0CEDC0F930353BFF19A2F4A9D78B2D41B67408D289C939B34FE1A3ABC7A1E31E","6","entity00302926_2025-03-31_lab-ko.xml","entity00302926_2025-03-31_lab-ko.xml",".xml","3079354","128334","False","False","True","False","False","False","B4AF98B37B34FDF4604E2D72F251307343E53BA7B3BEB98B006B1615E4AE3DBD","PASS",""
"064350","현대로템","soph_handoff_hyundai_rotem_v1.zip","EC0974326CBDCBD06B36919ABDAC05F9395D0DB7443278C35E39422A3CF158EB","DART_064350_현대로템_2025Q1_분기보고서_원문XBRL_20250515.zip","0CEDC0F930353BFF19A2F4A9D78B2D41B67408D289C939B34FE1A3ABC7A1E31E","7","entity00302926_2025-03-31_lab-en.xml","entity00302926_2025-03-31_lab-en.xml",".xml","3112889","121920","False","False","True","False","False","False","727581FD094718BCCFB26C302903AA74B47A6F996BB1EA3375B0A5C4A009C0DC","PASS",""
"064350","현대로템","soph_handoff_hyundai_rotem_v1.zip","EC0974326CBDCBD06B36919ABDAC05F9395D0DB7443278C35E39422A3CF158EB","DART_064350_현대로템_2025Q3_분기보고서_원문XBRL_20251114.zip","7AC6D2EEBA9F9F62505F43B79B81E4604B6659DC9E09D4CE8B42E510A776F3EB","1","entity00302926_2025-09-30.xbrl","entity00302926_2025-09-30.xbrl",".xbrl","5388553","212123","True","False","False","False","False","False","7203C98EBE0FBB67DB06C0280046B41F7F3C774CADEEEB0682700637D55DCB20","PASS",""
"064350","현대로템","soph_handoff_hyundai_rotem_v1.zip","EC0974326CBDCBD06B36919ABDAC05F9395D0DB7443278C35E39422A3CF158EB","DART_064350_현대로템_2025Q3_분기보고서_원문XBRL_20251114.zip","7AC6D2EEBA9F9F62505F43B79B81E4604B6659DC9E09D4CE8B42E510A776F3EB","2","entity00302926_2025-09-30.xsd","entity00302926_2025-09-30.xsd",".xsd","400444","26688","False","True","False","False","False","False","D5632FC02FB7746EE117422A34A9CD74269424D5273AABA5343BD1A51D5D0EF7","PASS",""
"064350","현대로템","soph_handoff_hyundai_rotem_v1.zip","EC0974326CBDCBD06B36919ABDAC05F9395D0DB7443278C35E39422A3CF158EB","DART_064350_현대로템_2025Q3_분기보고서_원문XBRL_20251114.zip","7AC6D2EEBA9F9F62505F43B79B81E4604B6659DC9E09D4CE8B42E510A776F3EB","3","entity00302926_2025-09-30_def.xml","entity00302926_2025-09-30_def.xml",".xml","3967565","128250","False","False","False","False","False","True","9624AE43FA129BBAA6D9D65CCD9A6182F11D0B43D27CF4DDE19795C1AFD2F169","PASS",""
"064350","현대로템","soph_handoff_hyundai_rotem_v1.zip","EC0974326CBDCBD06B36919ABDAC05F9395D0DB7443278C35E39422A3CF158EB","DART_064350_현대로템_2025Q3_분기보고서_원문XBRL_20251114.zip","7AC6D2EEBA9F9F62505F43B79B81E4604B6659DC9E09D4CE8B42E510A776F3EB","4","entity00302926_2025-09-30_cal.xml","entity00302926_2025-09-30_cal.xml",".xml","154616","6744","False","False","False","False","True","False","BFC6C8082178785158CF6CF238AC9666C184529D78FF95B311323BDA84ECF69B","PASS",""
"064350","현대로템","soph_handoff_hyundai_rotem_v1.zip","EC0974326CBDCBD06B36919ABDAC05F9395D0DB7443278C35E39422A3CF158EB","DART_064350_현대로템_2025Q3_분기보고서_원문XBRL_20251114.zip","7AC6D2EEBA9F9F62505F43B79B81E4604B6659DC9E09D4CE8B42E510A776F3EB","5","entity00302926_2025-09-30_pre.xml","entity00302926_2025-09-30_pre.xml",".xml","2931916","112416","False","False","False","True","False","False","DAACEFC3B9E7026741C1A7781EB37FA3C62BD1D076E52FA66671DAF443268273","PASS",""
"064350","현대로템","soph_handoff_hyundai_rotem_v1.zip","EC0974326CBDCBD06B36919ABDAC05F9395D0DB7443278C35E39422A3CF158EB","DART_064350_현대로템_2025Q3_분기보고서_원문XBRL_20251114.zip","7AC6D2EEBA9F9F62505F43B79B81E4604B6659DC9E09D4CE8B42E510A776F3EB","6","entity00302926_2025-09-30_lab-ko.xml","entity00302926_2025-09-30_lab-ko.xml",".xml","3389090","139384","False","False","True","False","False","False","1C646B32025DD46F6CBC713EFC6492D2BE9BCB996AA4787525CCA694E6937DA1","PASS",""
"064350","현대로템","soph_handoff_hyundai_rotem_v1.zip","EC0974326CBDCBD06B36919ABDAC05F9395D0DB7443278C35E39422A3CF158EB","DART_064350_현대로템_2025Q3_분기보고서_원문XBRL_20251114.zip","7AC6D2EEBA9F9F62505F43B79B81E4604B6659DC9E09D4CE8B42E510A776F3EB","7","entity00302926_2025-09-30_lab-en.xml","entity00302926_2025-09-30_lab-en.xml",".xml","3429102","132426","False","False","True","False","False","False","29895E7C6A0447D3ECCEB2E49AABB741806001AA95251447FB5E54F94681B858","PASS",""
"064350","현대로템","soph_handoff_hyundai_rotem_v1.zip","EC0974326CBDCBD06B36919ABDAC05F9395D0DB7443278C35E39422A3CF158EB","DART_064350_현대로템_2026Q1_분기보고서_원문XBRL_20260515.zip","A97D25B60DBDF1848B0E9E795F1608458C394C1891C5E028835285D3B5F02F2E","1","entity00302926_2026-03-31.xbrl","entity00302926_2026-03-31.xbrl",".xbrl","4902885","183469","True","False","False","False","False","False","8EB2A9C59C3CFB6047A164D72464267F36255C9915CBC077D9D6A5C4D4F850BF","PASS",""
"064350","현대로템","soph_handoff_hyundai_rotem_v1.zip","EC0974326CBDCBD06B36919ABDAC05F9395D0DB7443278C35E39422A3CF158EB","DART_064350_현대로템_2026Q1_분기보고서_원문XBRL_20260515.zip","A97D25B60DBDF1848B0E9E795F1608458C394C1891C5E028835285D3B5F02F2E","2","entity00302926_2026-03-31.xsd","entity00302926_2026-03-31.xsd",".xsd","400643","26044","False","True","False","False","False","False","5E0FCC46A9BDB3A6CAB326E34E2D7E91A0688DB3B3D804D3FF38B629BDA2232F","PASS",""
"064350","현대로템","soph_handoff_hyundai_rotem_v1.zip","EC0974326CBDCBD06B36919ABDAC05F9395D0DB7443278C35E39422A3CF158EB","DART_064350_현대로템_2026Q1_분기보고서_원문XBRL_20260515.zip","A97D25B60DBDF1848B0E9E795F1608458C394C1891C5E028835285D3B5F02F2E","3","entity00302926_2026-03-31_def.xml","entity00302926_2026-03-31_def.xml",".xml","3868089","123259","False","False","False","False","False","True","374F321681DAA61EF63537BE7346209661AC45D5F0E070113BEFF7BFF8926F0E","PASS",""
"064350","현대로템","soph_handoff_hyundai_rotem_v1.zip","EC0974326CBDCBD06B36919ABDAC05F9395D0DB7443278C35E39422A3CF158EB","DART_064350_현대로템_2026Q1_분기보고서_원문XBRL_20260515.zip","A97D25B60DBDF1848B0E9E795F1608458C394C1891C5E028835285D3B5F02F2E","4","entity00302926_2026-03-31_cal.xml","entity00302926_2026-03-31_cal.xml",".xml","153302","5875","False","False","False","False","True","False","7FC2E92CF4825BCD5B9338B17119B6AB1D2CF7B267F3AB91D5852E839EDDEB2E","PASS",""
"064350","현대로템","soph_handoff_hyundai_rotem_v1.zip","EC0974326CBDCBD06B36919ABDAC05F9395D0DB7443278C35E39422A3CF158EB","DART_064350_현대로템_2026Q1_분기보고서_원문XBRL_20260515.zip","A97D25B60DBDF1848B0E9E795F1608458C394C1891C5E028835285D3B5F02F2E","5","entity00302926_2026-03-31_pre.xml","entity00302926_2026-03-31_pre.xml",".xml","2858551","108816","False","False","False","True","False","False","00B2159CF38C6A0829E51AE591D083A76853C182F59C403E333AE0D461A1FC75","PASS",""
"064350","현대로템","soph_handoff_hyundai_rotem_v1.zip","EC0974326CBDCBD06B36919ABDAC05F9395D0DB7443278C35E39422A3CF158EB","DART_064350_현대로템_2026Q1_분기보고서_원문XBRL_20260515.zip","A97D25B60DBDF1848B0E9E795F1608458C394C1891C5E028835285D3B5F02F2E","6","entity00302926_2026-03-31_lab-ko.xml","entity00302926_2026-03-31_lab-ko.xml",".xml","3271488","133926","False","False","True","False","False","False","AEDE3210BF89D37EF0C2F90A9B8A91C10900D60AD4D4CA64CCC5C23DDCC78CAF","PASS",""
"064350","현대로템","soph_handoff_hyundai_rotem_v1.zip","EC0974326CBDCBD06B36919ABDAC05F9395D0DB7443278C35E39422A3CF158EB","DART_064350_현대로템_2026Q1_분기보고서_원문XBRL_20260515.zip","A97D25B60DBDF1848B0E9E795F1608458C394C1891C5E028835285D3B5F02F2E","7","entity00302926_2026-03-31_lab-en.xml","entity00302926_2026-03-31_lab-en.xml",".xml","3307933","127221","False","False","True","False","False","False","C5A888AEEA76CC47443728641D0B8F96FFE1150174AA53743B119253A6B5A84B","PASS",""
"012450","한화에어로스페이스","soph_handoff_hanwha_aerospace_v1_INPUT_PACKAGE_FOR_SOPH_RECENT5.zip","5CEDB447D19B34A7D9EB1195CDD44358D8FBB328AC32BBA90CAD544B410EF9F1","[한화에어로스페이스][정정]반기보고서_IFRS(원문XBRL)(2021.08.17).zip","25D8CC422C5F4E3272A7F0EF0E9838F6F389C80E389683A4A35A20C8A0FB90A0","1","00126566_2011-08-18.xbrl","00126566_2011-08-18.xbrl",".xbrl","301141","14074","True","False","False","False","False","False","1FB5E487BE06D912F7C19C43DA93EB9BACC8E7A57748E29173AA6EED9B9D7CF6","PASS",""
"012450","한화에어로스페이스","soph_handoff_hanwha_aerospace_v1_INPUT_PACKAGE_FOR_SOPH_RECENT5.zip","5CEDB447D19B34A7D9EB1195CDD44358D8FBB328AC32BBA90CAD544B410EF9F1","[한화에어로스페이스][정정]반기보고서_IFRS(원문XBRL)(2021.08.17).zip","25D8CC422C5F4E3272A7F0EF0E9838F6F389C80E389683A4A35A20C8A0FB90A0","2","00126566_entry_point_2011-08-18.xsd","00126566_entry_point_2011-08-18.xsd",".xsd","14098","1586","False","True","False","False","False","False","5BFDB9D106CCD05ADE2D8042B18AE2403DF5CE9902D8088BCA916B6E31B0501A","PASS",""
"012450","한화에어로스페이스","soph_handoff_hanwha_aerospace_v1_INPUT_PACKAGE_FOR_SOPH_RECENT5.zip","5CEDB447D19B34A7D9EB1195CDD44358D8FBB328AC32BBA90CAD544B410EF9F1","[한화에어로스페이스][정정]반기보고서_IFRS(원문XBRL)(2021.08.17).zip","25D8CC422C5F4E3272A7F0EF0E9838F6F389C80E389683A4A35A20C8A0FB90A0","3","ifrs_for_00126566/dimensions_ifrs_for_00126566/dim_ifrs_for_00126566_2011-08-18.xml","dim_ifrs_for_00126566_2011-08-18.xml",".xml","1447519","62644","True","False","False","False","False","False","BE2BABFBF3B217F50D35179E352FE5D0ADDD16065554EA0393412463C0947B62","PASS",""
"012450","한화에어로스페이스","soph_handoff_hanwha_aerospace_v1_INPUT_PACKAGE_FOR_SOPH_RECENT5.zip","5CEDB447D19B34A7D9EB1195CDD44358D8FBB328AC32BBA90CAD544B410EF9F1","[한화에어로스페이스][정정]반기보고서_IFRS(원문XBRL)(2021.08.17).zip","25D8CC422C5F4E3272A7F0EF0E9838F6F389C80E389683A4A35A20C8A0FB90A0","4","ifrs_for_00126566/dimensions_ifrs_for_00126566/cal_ifrs_for_00126566_2011-08-18.xml","cal_ifrs_for_00126566_2011-08-18.xml",".xml","1406870","59442","True","False","False","False","False","False","21504A27180BA171333B5E3D2928B5A5DE92C59B12A7E9CD27E93F3DDA75B609","PASS",""
"012450","한화에어로스페이스","soph_handoff_hanwha_aerospace_v1_INPUT_PACKAGE_FOR_SOPH_RECENT5.zip","5CEDB447D19B34A7D9EB1195CDD44358D8FBB328AC32BBA90CAD544B410EF9F1","[한화에어로스페이스][정정]반기보고서_IFRS(원문XBRL)(2021.08.17).zip","25D8CC422C5F4E3272A7F0EF0E9838F6F389C80E389683A4A35A20C8A0FB90A0","5","ifrs_for_00126566/dimensions_ifrs_for_00126566/pre_ifrs_for_00126566_2011-08-18.xml","pre_ifrs_for_00126566_2011-08-18.xml",".xml","1476366","63488","True","False","False","False","False","False","B0EB7E8383264CA64EBA243B4F5CC470FFEA4C5B80239006FEE637F47DB3C14F","PASS",""
"012450","한화에어로스페이스","soph_handoff_hanwha_aerospace_v1_INPUT_PACKAGE_FOR_SOPH_RECENT5.zip","5CEDB447D19B34A7D9EB1195CDD44358D8FBB328AC32BBA90CAD544B410EF9F1","[한화에어로스페이스][정정]반기보고서_IFRS(원문XBRL)(2021.08.17).zip","25D8CC422C5F4E3272A7F0EF0E9838F6F389C80E389683A4A35A20C8A0FB90A0","6","ifrs_for_00126566/dimensions_ifrs_for_00126566/role_ifrs_for_00126566-dim_2011-08-18.xsd","role_ifrs_for_00126566-dim_2011-08-18.xsd",".xsd","649","311","False","True","False","False","False","False","1FB5A99DA0DC43EC5070ECD516E3C38CDB63E9333125DB9696D42E5C1CFE9CF0","PASS",""
"012450","한화에어로스페이스","soph_handoff_hanwha_aerospace_v1_INPUT_PACKAGE_FOR_SOPH_RECENT5.zip","5CEDB447D19B34A7D9EB1195CDD44358D8FBB328AC32BBA90CAD544B410EF9F1","[한화에어로스페이스][정정]반기보고서_IFRS(원문XBRL)(2021.08.17).zip","25D8CC422C5F4E3272A7F0EF0E9838F6F389C80E389683A4A35A20C8A0FB90A0","7","labels/lab_00126566-ko_2011-08-18.xml","lab_00126566-ko_2011-08-18.xml",".xml","66197","4128","True","False","False","False","False","False","D66736B23270B23FAE8264A0DE6C3F2DC3C99D1B1DA0F57F0535159BC04EB9CE","PASS",""
"012450","한화에어로스페이스","soph_handoff_hanwha_aerospace_v1_INPUT_PACKAGE_FOR_SOPH_RECENT5.zip","5CEDB447D19B34A7D9EB1195CDD44358D8FBB328AC32BBA90CAD544B410EF9F1","[한화에어로스페이스][정정]반기보고서_IFRS(원문XBRL)(2021.08.17).zip","25D8CC422C5F4E3272A7F0EF0E9838F6F389C80E389683A4A35A20C8A0FB90A0","8","labels/lab_00126566-en_2011-08-18.xml","lab_00126566-en_2011-08-18.xml",".xml","56297","3250","True","False","False","False","False","False","3198B90260F837E771036E71C0131D571A43ABDE550D2423C0DD890034F80BF6","PASS",""
"012450","한화에어로스페이스","soph_handoff_hanwha_aerospace_v1_INPUT_PACKAGE_FOR_SOPH_RECENT5.zip","5CEDB447D19B34A7D9EB1195CDD44358D8FBB328AC32BBA90CAD544B410EF9F1","[한화에어로스페이스][정정]사업보고서_IFRS(원문XBRL)(2022.08.12).zip","5376BF579408953BDE674721EFADDC7900FE2BA9CD755BFDF2D6725439E415B3","1","00126566_2011-08-18.xbrl","00126566_2011-08-18.xbrl",".xbrl","476769","18475","True","False","False","False","False","False","DB044E932267072A239C97A6BADFEF57F6714A94B60B460675869833E6272534","PASS",""
"012450","한화에어로스페이스","soph_handoff_hanwha_aerospace_v1_INPUT_PACKAGE_FOR_SOPH_RECENT5.zip","5CEDB447D19B34A7D9EB1195CDD44358D8FBB328AC32BBA90CAD544B410EF9F1","[한화에어로스페이스][정정]사업보고서_IFRS(원문XBRL)(2022.08.12).zip","5376BF579408953BDE674721EFADDC7900FE2BA9CD755BFDF2D6725439E415B3","2","00126566_entry_point_2011-08-18.xsd","00126566_entry_point_2011-08-18.xsd",".xsd","17849","1766","False","True","False","False","False","False","00D053BE2A01F6B1BC48BA21641BB73B396262C662F6176DE65F9D70D6E020E4","PASS",""
"012450","한화에어로스페이스","soph_handoff_hanwha_aerospace_v1_INPUT_PACKAGE_FOR_SOPH_RECENT5.zip","5CEDB447D19B34A7D9EB1195CDD44358D8FBB328AC32BBA90CAD544B410EF9F1","[한화에어로스페이스][정정]사업보고서_IFRS(원문XBRL)(2022.08.12).zip","5376BF579408953BDE674721EFADDC7900FE2BA9CD755BFDF2D6725439E415B3","3","ifrs_for_00126566/dimensions_ifrs_for_00126566/dim_ifrs_for_00126566_2011-08-18.xml","dim_ifrs_for_00126566_2011-08-18.xml",".xml","1460192","63391","True","False","False","False","False","False","60B69FA184E1412360FDE95433C7E926C630BF13F6F35A73D086BDF06C7E069B","PASS",""
"012450","한화에어로스페이스","soph_handoff_hanwha_aerospace_v1_INPUT_PACKAGE_FOR_SOPH_RECENT5.zip","5CEDB447D19B34A7D9EB1195CDD44358D8FBB328AC32BBA90CAD544B410EF9F1","[한화에어로스페이스][정정]사업보고서_IFRS(원문XBRL)(2022.08.12).zip","5376BF579408953BDE674721EFADDC7900FE2BA9CD755BFDF2D6725439E415B3","4","ifrs_for_00126566/dimensions_ifrs_for_00126566/cal_ifrs_for_00126566_2011-08-18.xml","cal_ifrs_for_00126566_2011-08-18.xml",".xml","1406064","59496","True","False","False","False","False","False","F3B30633BFEB745C5550FC80109C4C6471565D980D2D3174D5B2EB65B08D1EF3","PASS",""
"012450","한화에어로스페이스","soph_handoff_hanwha_aerospace_v1_INPUT_PACKAGE_FOR_SOPH_RECENT5.zip","5CEDB447D19B34A7D9EB1195CDD44358D8FBB328AC32BBA90CAD544B410EF9F1","[한화에어로스페이스][정정]사업보고서_IFRS(원문XBRL)(2022.08.12).zip","5376BF579408953BDE674721EFADDC7900FE2BA9CD755BFDF2D6725439E415B3","5","ifrs_for_00126566/dimensions_ifrs_for_00126566/pre_ifrs_for_00126566_2011-08-18.xml","pre_ifrs_for_00126566_2011-08-18.xml",".xml","1488962","64206","True","False","False","False","False","False","2B3FE1F5E9508FAA72A021AB548FE1A72D97C0DBFEFC8016E91CB5325E6E4607","PASS",""
"012450","한화에어로스페이스","soph_handoff_hanwha_aerospace_v1_INPUT_PACKAGE_FOR_SOPH_RECENT5.zip","5CEDB447D19B34A7D9EB1195CDD44358D8FBB328AC32BBA90CAD544B410EF9F1","[한화에어로스페이스][정정]사업보고서_IFRS(원문XBRL)(2022.08.12).zip","5376BF579408953BDE674721EFADDC7900FE2BA9CD755BFDF2D6725439E415B3","6","ifrs_for_00126566/dimensions_ifrs_for_00126566/role_ifrs_for_00126566-dim_2011-08-18.xsd","role_ifrs_for_00126566-dim_2011-08-18.xsd",".xsd","649","311","False","True","False","False","False","False","1FB5A99DA0DC43EC5070ECD516E3C38CDB63E9333125DB9696D42E5C1CFE9CF0","PASS",""
"012450","한화에어로스페이스","soph_handoff_hanwha_aerospace_v1_INPUT_PACKAGE_FOR_SOPH_RECENT5.zip","5CEDB447D19B34A7D9EB1195CDD44358D8FBB328AC32BBA90CAD544B410EF9F1","[한화에어로스페이스][정정]사업보고서_IFRS(원문XBRL)(2022.08.12).zip","5376BF579408953BDE674721EFADDC7900FE2BA9CD755BFDF2D6725439E415B3","7","labels/lab_00126566-ko_2011-08-18.xml","lab_00126566-ko_2011-08-18.xml",".xml","93470","5483","True","False","False","False","False","False","3607B1E7013C768EB4965E38F43A1C8E55D250F983EA768EB28050344D53EDB7","PASS",""
"012450","한화에어로스페이스","soph_handoff_hanwha_aerospace_v1_INPUT_PACKAGE_FOR_SOPH_RECENT5.zip","5CEDB447D19B34A7D9EB1195CDD44358D8FBB328AC32BBA90CAD544B410EF9F1","[한화에어로스페이스][정정]사업보고서_IFRS(원문XBRL)(2022.08.12).zip","5376BF579408953BDE674721EFADDC7900FE2BA9CD755BFDF2D6725439E415B3","8","labels/lab_00126566-en_2011-08-18.xml","lab_00126566-en_2011-08-18.xml",".xml","74905","4042","True","False","False","False","False","False","F2AA4994A7A3A37C88096BD5648AB753E1C498C98A3F5DA94CEEC2634AB545CD","PASS",""
"012450","한화에어로스페이스","soph_handoff_hanwha_aerospace_v1_INPUT_PACKAGE_FOR_SOPH_RECENT5.zip","5CEDB447D19B34A7D9EB1195CDD44358D8FBB328AC32BBA90CAD544B410EF9F1","[한화에어로스페이스][정정]사업보고서_IFRS(원문XBRL)(2023.03.21).zip","0033F17090E170BF5B25BEA1FFA85E42CCBD0A898C205DD708EE7603D67DFBC2","1","00126566_2011-08-18.xbrl","00126566_2011-08-18.xbrl",".xbrl","482325","19144","True","False","False","False","False","False","1DF1C718320512FC9FBF0B60472BC4A6941015449EFFC0E1CAD79C0AD16DAEA0","PASS",""
"012450","한화에어로스페이스","soph_handoff_hanwha_aerospace_v1_INPUT_PACKAGE_FOR_SOPH_RECENT5.zip","5CEDB447D19B34A7D9EB1195CDD44358D8FBB328AC32BBA90CAD544B410EF9F1","[한화에어로스페이스][정정]사업보고서_IFRS(원문XBRL)(2023.03.21).zip","0033F17090E170BF5B25BEA1FFA85E42CCBD0A898C205DD708EE7603D67DFBC2","2","00126566_entry_point_2011-08-18.xsd","00126566_entry_point_2011-08-18.xsd",".xsd","19863","1831","False","True","False","False","False","False","D998224A18F5A2138C613AC5BC21FCCADD54F22D65034D8BB698103B15657227","PASS",""
"012450","한화에어로스페이스","soph_handoff_hanwha_aerospace_v1_INPUT_PACKAGE_FOR_SOPH_RECENT5.zip","5CEDB447D19B34A7D9EB1195CDD44358D8FBB328AC32BBA90CAD544B410EF9F1","[한화에어로스페이스][정정]사업보고서_IFRS(원문XBRL)(2023.03.21).zip","0033F17090E170BF5B25BEA1FFA85E42CCBD0A898C205DD708EE7603D67DFBC2","3","ifrs_for_00126566/dimensions_ifrs_for_00126566/dim_ifrs_for_00126566_2011-08-18.xml","dim_ifrs_for_00126566_2011-08-18.xml",".xml","1468742","63942","True","False","False","False","False","False","D7CA2238D970DCE5514996F55F5A7FBF018874B42D527ED49F0CB9CCC3DD3CF2","PASS",""
"012450","한화에어로스페이스","soph_handoff_hanwha_aerospace_v1_INPUT_PACKAGE_FOR_SOPH_RECENT5.zip","5CEDB447D19B34A7D9EB1195CDD44358D8FBB328AC32BBA90CAD544B410EF9F1","[한화에어로스페이스][정정]사업보고서_IFRS(원문XBRL)(2023.03.21).zip","0033F17090E170BF5B25BEA1FFA85E42CCBD0A898C205DD708EE7603D67DFBC2","4","ifrs_for_00126566/dimensions_ifrs_for_00126566/cal_ifrs_for_00126566_2011-08-18.xml","cal_ifrs_for_00126566_2011-08-18.xml",".xml","1406364","59751","True","False","False","False","False","False","48D4E98854086156B77DEC16920BB29F2C1EB5C8A77A71D91CBF3FF0C3052275","PASS",""
"012450","한화에어로스페이스","soph_handoff_hanwha_aerospace_v1_INPUT_PACKAGE_FOR_SOPH_RECENT5.zip","5CEDB447D19B34A7D9EB1195CDD44358D8FBB328AC32BBA90CAD544B410EF9F1","[한화에어로스페이스][정정]사업보고서_IFRS(원문XBRL)(2023.03.21).zip","0033F17090E170BF5B25BEA1FFA85E42CCBD0A898C205DD708EE7603D67DFBC2","5","ifrs_for_00126566/dimensions_ifrs_for_00126566/pre_ifrs_for_00126566_2011-08-18.xml","pre_ifrs_for_00126566_2011-08-18.xml",".xml","1497638","64849","True","False","False","False","False","False","1698008B35D9318FDA7A23C6F744CA51A3360D6DF4561F2A4DAE17C735DC694C","PASS",""
"012450","한화에어로스페이스","soph_handoff_hanwha_aerospace_v1_INPUT_PACKAGE_FOR_SOPH_RECENT5.zip","5CEDB447D19B34A7D9EB1195CDD44358D8FBB328AC32BBA90CAD544B410EF9F1","[한화에어로스페이스][정정]사업보고서_IFRS(원문XBRL)(2023.03.21).zip","0033F17090E170BF5B25BEA1FFA85E42CCBD0A898C205DD708EE7603D67DFBC2","6","ifrs_for_00126566/dimensions_ifrs_for_00126566/role_ifrs_for_00126566-dim_2011-08-18.xsd","role_ifrs_for_00126566-dim_2011-08-18.xsd",".xsd","649","311","False","True","False","False","False","False","1FB5A99DA0DC43EC5070ECD516E3C38CDB63E9333125DB9696D42E5C1CFE9CF0","PASS",""
"012450","한화에어로스페이스","soph_handoff_hanwha_aerospace_v1_INPUT_PACKAGE_FOR_SOPH_RECENT5.zip","5CEDB447D19B34A7D9EB1195CDD44358D8FBB328AC32BBA90CAD544B410EF9F1","[한화에어로스페이스][정정]사업보고서_IFRS(원문XBRL)(2023.03.21).zip","0033F17090E170BF5B25BEA1FFA85E42CCBD0A898C205DD708EE7603D67DFBC2","7","labels/lab_00126566-ko_2011-08-18.xml","lab_00126566-ko_2011-08-18.xml",".xml","100625","5720","True","False","False","False","False","False","DA2999155364B640BB50416DF672B24A9F3FC61C931B2C1227FA0E769E2BE46F","PASS",""
"012450","한화에어로스페이스","soph_handoff_hanwha_aerospace_v1_INPUT_PACKAGE_FOR_SOPH_RECENT5.zip","5CEDB447D19B34A7D9EB1195CDD44358D8FBB328AC32BBA90CAD544B410EF9F1","[한화에어로스페이스][정정]사업보고서_IFRS(원문XBRL)(2023.03.21).zip","0033F17090E170BF5B25BEA1FFA85E42CCBD0A898C205DD708EE7603D67DFBC2","8","labels/lab_00126566-en_2011-08-18.xml","lab_00126566-en_2011-08-18.xml",".xml","85718","4488","True","False","False","False","False","False","C2E245744779D3CE8D17263C70CD58C47C09446CE7B434333F6E9905EA11E153","PASS",""
"012450","한화에어로스페이스","soph_handoff_hanwha_aerospace_v1_INPUT_PACKAGE_FOR_SOPH_RECENT5.zip","5CEDB447D19B34A7D9EB1195CDD44358D8FBB328AC32BBA90CAD544B410EF9F1","[한화에어로스페이스][정정]사업보고서_IFRS(원문XBRL)(2024.03.29).zip","A2B2747C70E6677F835C2C9911DAE5E730E856A1B8C5F35BB5F8B75F260C5F2B","1","entity00126566_2023-12-31.xbrl","entity00126566_2023-12-31.xbrl",".xbrl","9786176","428324","True","False","False","False","False","False","41D1EFF1C0DA2A9C99BC01D116E28DBEBC3502F0A0CCF917F1B32618CC984437","PASS",""
"012450","한화에어로스페이스","soph_handoff_hanwha_aerospace_v1_INPUT_PACKAGE_FOR_SOPH_RECENT5.zip","5CEDB447D19B34A7D9EB1195CDD44358D8FBB328AC32BBA90CAD544B410EF9F1","[한화에어로스페이스][정정]사업보고서_IFRS(원문XBRL)(2024.03.29).zip","A2B2747C70E6677F835C2C9911DAE5E730E856A1B8C5F35BB5F8B75F260C5F2B","2","entity00126566_2023-12-31.xsd","entity00126566_2023-12-31.xsd",".xsd","827908","45918","False","True","False","False","False","False","5F358A54E881DECDD94D1BC54CC00B89E0F51E6F76B64FFC1A83980872958D56","PASS",""
"012450","한화에어로스페이스","soph_handoff_hanwha_aerospace_v1_INPUT_PACKAGE_FOR_SOPH_RECENT5.zip","5CEDB447D19B34A7D9EB1195CDD44358D8FBB328AC32BBA90CAD544B410EF9F1","[한화에어로스페이스][정정]사업보고서_IFRS(원문XBRL)(2024.03.29).zip","A2B2747C70E6677F835C2C9911DAE5E730E856A1B8C5F35BB5F8B75F260C5F2B","3","entity00126566_2023-12-31_def.xml","entity00126566_2023-12-31_def.xml",".xml","7370224","248087","False","False","False","False","False","True","A61DBC711C9751421984E3975DE58CD07506F26797C43D1E0920186DFDF4F6E0","PASS",""
"012450","한화에어로스페이스","soph_handoff_hanwha_aerospace_v1_INPUT_PACKAGE_FOR_SOPH_RECENT5.zip","5CEDB447D19B34A7D9EB1195CDD44358D8FBB328AC32BBA90CAD544B410EF9F1","[한화에어로스페이스][정정]사업보고서_IFRS(원문XBRL)(2024.03.29).zip","A2B2747C70E6677F835C2C9911DAE5E730E856A1B8C5F35BB5F8B75F260C5F2B","4","entity00126566_2023-12-31_cal.xml","entity00126566_2023-12-31_cal.xml",".xml","175566","8055","False","False","False","False","True","False","D3293023A62BE87B579FD015306374E493302BB1E3C6B08CAC56ECF0AF98B62F","PASS",""
"012450","한화에어로스페이스","soph_handoff_hanwha_aerospace_v1_INPUT_PACKAGE_FOR_SOPH_RECENT5.zip","5CEDB447D19B34A7D9EB1195CDD44358D8FBB328AC32BBA90CAD544B410EF9F1","[한화에어로스페이스][정정]사업보고서_IFRS(원문XBRL)(2024.03.29).zip","A2B2747C70E6677F835C2C9911DAE5E730E856A1B8C5F35BB5F8B75F260C5F2B","5","entity00126566_2023-12-31_pre.xml","entity00126566_2023-12-31_pre.xml",".xml","4987244","209256","False","False","False","True","False","False","10F9F4D68DCE32B2AC0841BCA266879BB0B13B09F73B30119A8AFF6FE52F3EFB","PASS",""
"012450","한화에어로스페이스","soph_handoff_hanwha_aerospace_v1_INPUT_PACKAGE_FOR_SOPH_RECENT5.zip","5CEDB447D19B34A7D9EB1195CDD44358D8FBB328AC32BBA90CAD544B410EF9F1","[한화에어로스페이스][정정]사업보고서_IFRS(원문XBRL)(2024.03.29).zip","A2B2747C70E6677F835C2C9911DAE5E730E856A1B8C5F35BB5F8B75F260C5F2B","6","entity00126566_2023-12-31_lab-ko.xml","entity00126566_2023-12-31_lab-ko.xml",".xml","6114603","254477","False","False","True","False","False","False","D82139B6E391BCB67EA40B2ECE8442D7C757722627029F463AD29D3F638DDE6A","PASS",""
"012450","한화에어로스페이스","soph_handoff_hanwha_aerospace_v1_INPUT_PACKAGE_FOR_SOPH_RECENT5.zip","5CEDB447D19B34A7D9EB1195CDD44358D8FBB328AC32BBA90CAD544B410EF9F1","[한화에어로스페이스][정정]사업보고서_IFRS(원문XBRL)(2024.03.29).zip","A2B2747C70E6677F835C2C9911DAE5E730E856A1B8C5F35BB5F8B75F260C5F2B","7","entity00126566_2023-12-31_lab-en.xml","entity00126566_2023-12-31_lab-en.xml",".xml","6170579","239485","False","False","True","False","False","False","A87915BFD3EA6783394C66CE424F0C80BF141869009E7A3769C6DF2C28388C72","PASS",""
"012450","한화에어로스페이스","soph_handoff_hanwha_aerospace_v1_INPUT_PACKAGE_FOR_SOPH_RECENT5.zip","5CEDB447D19B34A7D9EB1195CDD44358D8FBB328AC32BBA90CAD544B410EF9F1","[한화에어로스페이스]반기보고서_IFRS(원문XBRL)(2022.08.12).zip","986874A2D4D4BF1288CB9A6CBE065080684CBAFD90DD0E5E909A9CCC784D0AAB","1","00126566_2011-08-18.xbrl","00126566_2011-08-18.xbrl",".xbrl","289280","13941","True","False","False","False","False","False","AE0EB05457DA63E4D233FDD4E2B2C24B2B120ED8EA753775FD00ABAF3CD9ABA2","PASS",""
"012450","한화에어로스페이스","soph_handoff_hanwha_aerospace_v1_INPUT_PACKAGE_FOR_SOPH_RECENT5.zip","5CEDB447D19B34A7D9EB1195CDD44358D8FBB328AC32BBA90CAD544B410EF9F1","[한화에어로스페이스]반기보고서_IFRS(원문XBRL)(2022.08.12).zip","986874A2D4D4BF1288CB9A6CBE065080684CBAFD90DD0E5E909A9CCC784D0AAB","2","00126566_entry_point_2011-08-18.xsd","00126566_entry_point_2011-08-18.xsd",".xsd","11694","1462","False","True","False","False","False","False","29ADB71AC9D8745687A847F2954FB0E3FC432D8E09C7771A6DC3AFDD59F00C01","PASS",""
"012450","한화에어로스페이스","soph_handoff_hanwha_aerospace_v1_INPUT_PACKAGE_FOR_SOPH_RECENT5.zip","5CEDB447D19B34A7D9EB1195CDD44358D8FBB328AC32BBA90CAD544B410EF9F1","[한화에어로스페이스]반기보고서_IFRS(원문XBRL)(2022.08.12).zip","986874A2D4D4BF1288CB9A6CBE065080684CBAFD90DD0E5E909A9CCC784D0AAB","3","ifrs_for_00126566/dimensions_ifrs_for_00126566/dim_ifrs_for_00126566_2011-08-18.xml","dim_ifrs_for_00126566_2011-08-18.xml",".xml","1447780","62615","True","False","False","False","False","False","6B6811481178F6C4237D8CBB4D4D03A8F4EE2AC510803BAFD51204B6FCA5F09B","PASS",""
"012450","한화에어로스페이스","soph_handoff_hanwha_aerospace_v1_INPUT_PACKAGE_FOR_SOPH_RECENT5.zip","5CEDB447D19B34A7D9EB1195CDD44358D8FBB328AC32BBA90CAD544B410EF9F1","[한화에어로스페이스]반기보고서_IFRS(원문XBRL)(2022.08.12).zip","986874A2D4D4BF1288CB9A6CBE065080684CBAFD90DD0E5E909A9CCC784D0AAB","4","ifrs_for_00126566/dimensions_ifrs_for_00126566/cal_ifrs_for_00126566_2011-08-18.xml","cal_ifrs_for_00126566_2011-08-18.xml",".xml","1402289","59136","True","False","False","False","False","False","A61DEA03A0AB78FAD72D298BB995A2F8852DD4FA2B36EA567704EC1819FCB571","PASS",""
"012450","한화에어로스페이스","soph_handoff_hanwha_aerospace_v1_INPUT_PACKAGE_FOR_SOPH_RECENT5.zip","5CEDB447D19B34A7D9EB1195CDD44358D8FBB328AC32BBA90CAD544B410EF9F1","[한화에어로스페이스]반기보고서_IFRS(원문XBRL)(2022.08.12).zip","986874A2D4D4BF1288CB9A6CBE065080684CBAFD90DD0E5E909A9CCC784D0AAB","5","ifrs_for_00126566/dimensions_ifrs_for_00126566/pre_ifrs_for_00126566_2011-08-18.xml","pre_ifrs_for_00126566_2011-08-18.xml",".xml","1476883","63481","True","False","False","False","False","False","50E40E666272DE2E6AFB1F194942AF596CA705A9A5AEB15E901A829C5496BE5B","PASS",""
"012450","한화에어로스페이스","soph_handoff_hanwha_aerospace_v1_INPUT_PACKAGE_FOR_SOPH_RECENT5.zip","5CEDB447D19B34A7D9EB1195CDD44358D8FBB328AC32BBA90CAD544B410EF9F1","[한화에어로스페이스]반기보고서_IFRS(원문XBRL)(2022.08.12).zip","986874A2D4D4BF1288CB9A6CBE065080684CBAFD90DD0E5E909A9CCC784D0AAB","6","ifrs_for_00126566/dimensions_ifrs_for_00126566/role_ifrs_for_00126566-dim_2011-08-18.xsd","role_ifrs_for_00126566-dim_2011-08-18.xsd",".xsd","649","311","False","True","False","False","False","False","1FB5A99DA0DC43EC5070ECD516E3C38CDB63E9333125DB9696D42E5C1CFE9CF0","PASS",""
"012450","한화에어로스페이스","soph_handoff_hanwha_aerospace_v1_INPUT_PACKAGE_FOR_SOPH_RECENT5.zip","5CEDB447D19B34A7D9EB1195CDD44358D8FBB328AC32BBA90CAD544B410EF9F1","[한화에어로스페이스]반기보고서_IFRS(원문XBRL)(2022.08.12).zip","986874A2D4D4BF1288CB9A6CBE065080684CBAFD90DD0E5E909A9CCC784D0AAB","7","labels/lab_00126566-ko_2011-08-18.xml","lab_00126566-ko_2011-08-18.xml",".xml","59532","3944","True","False","False","False","False","False","6EA4A7FCA7CA08DF36CF2A4E367883CC5EBFB57FEE57C9D3338F41D3B74108D3","PASS",""
"012450","한화에어로스페이스","soph_handoff_hanwha_aerospace_v1_INPUT_PACKAGE_FOR_SOPH_RECENT5.zip","5CEDB447D19B34A7D9EB1195CDD44358D8FBB328AC32BBA90CAD544B410EF9F1","[한화에어로스페이스]반기보고서_IFRS(원문XBRL)(2022.08.12).zip","986874A2D4D4BF1288CB9A6CBE065080684CBAFD90DD0E5E909A9CCC784D0AAB","8","labels/lab_00126566-en_2011-08-18.xml","lab_00126566-en_2011-08-18.xml",".xml","45457","2822","True","False","False","False","False","False","4A28975FFA9ECB6713ACCE5AE717458CA0C0C74A38D56AF8680E1A9180C22641","PASS",""
"012450","한화에어로스페이스","soph_handoff_hanwha_aerospace_v1_INPUT_PACKAGE_FOR_SOPH_RECENT5.zip","5CEDB447D19B34A7D9EB1195CDD44358D8FBB328AC32BBA90CAD544B410EF9F1","[한화에어로스페이스]반기보고서_IFRS(원문XBRL)(2023.08.11).zip","A21B336FA4F344724ABBE6FEDD09685C2CABA10106315321FF470E2C76828227","1","00126566_2011-08-18.xbrl","00126566_2011-08-18.xbrl",".xbrl","319856","15235","True","False","False","False","False","False","00FD44ED4DD81E136181F83538B1375CC56C04E0528ED332DFD692F837986396","PASS",""
"012450","한화에어로스페이스","soph_handoff_hanwha_aerospace_v1_INPUT_PACKAGE_FOR_SOPH_RECENT5.zip","5CEDB447D19B34A7D9EB1195CDD44358D8FBB328AC32BBA90CAD544B410EF9F1","[한화에어로스페이스]반기보고서_IFRS(원문XBRL)(2023.08.11).zip","A21B336FA4F344724ABBE6FEDD09685C2CABA10106315321FF470E2C76828227","2","00126566_entry_point_2011-08-18.xsd","00126566_entry_point_2011-08-18.xsd",".xsd","16437","1736","False","True","False","False","False","False","0FA7AEF7BBB1F0859A530FC76D6E7646CDF3415818F0903D96C1B6E09543EEF9","PASS",""
"012450","한화에어로스페이스","soph_handoff_hanwha_aerospace_v1_INPUT_PACKAGE_FOR_SOPH_RECENT5.zip","5CEDB447D19B34A7D9EB1195CDD44358D8FBB328AC32BBA90CAD544B410EF9F1","[한화에어로스페이스]반기보고서_IFRS(원문XBRL)(2023.08.11).zip","A21B336FA4F344724ABBE6FEDD09685C2CABA10106315321FF470E2C76828227","3","ifrs_for_00126566/dimensions_ifrs_for_00126566/dim_ifrs_for_00126566_2011-08-18.xml","dim_ifrs_for_00126566_2011-08-18.xml",".xml","1460174","63429","True","False","False","False","False","False","0E3CB3439F3EB4F8F63FC1DBE161B6020992DD20CA6EBFDFCFA3777C7A47291E","PASS",""
"012450","한화에어로스페이스","soph_handoff_hanwha_aerospace_v1_INPUT_PACKAGE_FOR_SOPH_RECENT5.zip","5CEDB447D19B34A7D9EB1195CDD44358D8FBB328AC32BBA90CAD544B410EF9F1","[한화에어로스페이스]반기보고서_IFRS(원문XBRL)(2023.08.11).zip","A21B336FA4F344724ABBE6FEDD09685C2CABA10106315321FF470E2C76828227","4","ifrs_for_00126566/dimensions_ifrs_for_00126566/cal_ifrs_for_00126566_2011-08-18.xml","cal_ifrs_for_00126566_2011-08-18.xml",".xml","1406552","59537","True","False","False","False","False","False","AB783B4EB085E73BB5B222B66E2D99F7620580939007C13255B55CB704F79923","PASS",""
"012450","한화에어로스페이스","soph_handoff_hanwha_aerospace_v1_INPUT_PACKAGE_FOR_SOPH_RECENT5.zip","5CEDB447D19B34A7D9EB1195CDD44358D8FBB328AC32BBA90CAD544B410EF9F1","[한화에어로스페이스]반기보고서_IFRS(원문XBRL)(2023.08.11).zip","A21B336FA4F344724ABBE6FEDD09685C2CABA10106315321FF470E2C76828227","5","ifrs_for_00126566/dimensions_ifrs_for_00126566/pre_ifrs_for_00126566_2011-08-18.xml","pre_ifrs_for_00126566_2011-08-18.xml",".xml","1489144","64318","True","False","False","False","False","False","3E834FB5EDE7F0FDD16925A355E6563B4D87D4EC0F80DC862378E7D09DB10907","PASS",""
"012450","한화에어로스페이스","soph_handoff_hanwha_aerospace_v1_INPUT_PACKAGE_FOR_SOPH_RECENT5.zip","5CEDB447D19B34A7D9EB1195CDD44358D8FBB328AC32BBA90CAD544B410EF9F1","[한화에어로스페이스]반기보고서_IFRS(원문XBRL)(2023.08.11).zip","A21B336FA4F344724ABBE6FEDD09685C2CABA10106315321FF470E2C76828227","6","ifrs_for_00126566/dimensions_ifrs_for_00126566/role_ifrs_for_00126566-dim_2011-08-18.xsd","role_ifrs_for_00126566-dim_2011-08-18.xsd",".xsd","649","311","False","True","False","False","False","False","1FB5A99DA0DC43EC5070ECD516E3C38CDB63E9333125DB9696D42E5C1CFE9CF0","PASS",""
"012450","한화에어로스페이스","soph_handoff_hanwha_aerospace_v1_INPUT_PACKAGE_FOR_SOPH_RECENT5.zip","5CEDB447D19B34A7D9EB1195CDD44358D8FBB328AC32BBA90CAD544B410EF9F1","[한화에어로스페이스]반기보고서_IFRS(원문XBRL)(2023.08.11).zip","A21B336FA4F344724ABBE6FEDD09685C2CABA10106315321FF470E2C76828227","7","labels/lab_00126566-ko_2011-08-18.xml","lab_00126566-ko_2011-08-18.xml",".xml","84749","5103","True","False","False","False","False","False","19AE799A2C95B13900275391253419B816F92980B99D4E78ACE7F552AAB55ABC","PASS",""
"012450","한화에어로스페이스","soph_handoff_hanwha_aerospace_v1_INPUT_PACKAGE_FOR_SOPH_RECENT5.zip","5CEDB447D19B34A7D9EB1195CDD44358D8FBB328AC32BBA90CAD544B410EF9F1","[한화에어로스페이스]반기보고서_IFRS(원문XBRL)(2023.08.11).zip","A21B336FA4F344724ABBE6FEDD09685C2CABA10106315321FF470E2C76828227","8","labels/lab_00126566-en_2011-08-18.xml","lab_00126566-en_2011-08-18.xml",".xml","67913","3840","True","False","False","False","False","False","8F0F87265ACC73F57678CF4F8E02D3456E369040CA150CEABE52398738B515AF","PASS",""
"012450","한화에어로스페이스","soph_handoff_hanwha_aerospace_v1_INPUT_PACKAGE_FOR_SOPH_RECENT5.zip","5CEDB447D19B34A7D9EB1195CDD44358D8FBB328AC32BBA90CAD544B410EF9F1","[한화에어로스페이스]반기보고서_IFRS(원문XBRL)(2024.08.14).zip","BB0918C9C6DE7AFC77A860AA450E5208E5A77951B608FABC7B38D29A0C20FB27","1","entity00126566_2024-06-30.xbrl","entity00126566_2024-06-30.xbrl",".xbrl","7232539","290055","True","False","False","False","False","False","98C6727817F70CF5BCEAD0DD2F2F521E7AADD3F0686946E443DDEA30B4C947EA","PASS",""
"012450","한화에어로스페이스","soph_handoff_hanwha_aerospace_v1_INPUT_PACKAGE_FOR_SOPH_RECENT5.zip","5CEDB447D19B34A7D9EB1195CDD44358D8FBB328AC32BBA90CAD544B410EF9F1","[한화에어로스페이스]반기보고서_IFRS(원문XBRL)(2024.08.14).zip","BB0918C9C6DE7AFC77A860AA450E5208E5A77951B608FABC7B38D29A0C20FB27","2","entity00126566_2024-06-30.xsd","entity00126566_2024-06-30.xsd",".xsd","584186","33706","False","True","False","False","False","False","711088B039E71DC1FB9E088A11BE463F048B5808E715438274ECEAB94ECCFB26","PASS",""
"012450","한화에어로스페이스","soph_handoff_hanwha_aerospace_v1_INPUT_PACKAGE_FOR_SOPH_RECENT5.zip","5CEDB447D19B34A7D9EB1195CDD44358D8FBB328AC32BBA90CAD544B410EF9F1","[한화에어로스페이스]반기보고서_IFRS(원문XBRL)(2024.08.14).zip","BB0918C9C6DE7AFC77A860AA450E5208E5A77951B608FABC7B38D29A0C20FB27","3","entity00126566_2024-06-30_def.xml","entity00126566_2024-06-30_def.xml",".xml","5085871","176725","False","False","False","False","False","True","770D5E78A2869926791EC2EA353D6A8F4DBD476FD7863D076D2792A7E30D88DA","PASS",""
"012450","한화에어로스페이스","soph_handoff_hanwha_aerospace_v1_INPUT_PACKAGE_FOR_SOPH_RECENT5.zip","5CEDB447D19B34A7D9EB1195CDD44358D8FBB328AC32BBA90CAD544B410EF9F1","[한화에어로스페이스]반기보고서_IFRS(원문XBRL)(2024.08.14).zip","BB0918C9C6DE7AFC77A860AA450E5208E5A77951B608FABC7B38D29A0C20FB27","4","entity00126566_2024-06-30_cal.xml","entity00126566_2024-06-30_cal.xml",".xml","153164","6365","False","False","False","False","True","False","E23F8DAB39D7C217952EA7B7202E347BC86AB45FA26600CF43329200E8DEF347","PASS",""
"012450","한화에어로스페이스","soph_handoff_hanwha_aerospace_v1_INPUT_PACKAGE_FOR_SOPH_RECENT5.zip","5CEDB447D19B34A7D9EB1195CDD44358D8FBB328AC32BBA90CAD544B410EF9F1","[한화에어로스페이스]반기보고서_IFRS(원문XBRL)(2024.08.14).zip","BB0918C9C6DE7AFC77A860AA450E5208E5A77951B608FABC7B38D29A0C20FB27","5","entity00126566_2024-06-30_pre.xml","entity00126566_2024-06-30_pre.xml",".xml","3548493","150506","False","False","False","True","False","False","DC1BE71A3336F8F56F47AF8E853BC7842ABBB3DBB9A461CBF5CF187E10A4D45C","PASS",""
"012450","한화에어로스페이스","soph_handoff_hanwha_aerospace_v1_INPUT_PACKAGE_FOR_SOPH_RECENT5.zip","5CEDB447D19B34A7D9EB1195CDD44358D8FBB328AC32BBA90CAD544B410EF9F1","[한화에어로스페이스]반기보고서_IFRS(원문XBRL)(2024.08.14).zip","BB0918C9C6DE7AFC77A860AA450E5208E5A77951B608FABC7B38D29A0C20FB27","6","entity00126566_2024-06-30_lab-ko.xml","entity00126566_2024-06-30_lab-ko.xml",".xml","4492275","189538","False","False","True","False","False","False","19DC75B141B3892F997DC05F56BC14D977F9901697476B0FA9841454FBBA57F3","PASS",""
"012450","한화에어로스페이스","soph_handoff_hanwha_aerospace_v1_INPUT_PACKAGE_FOR_SOPH_RECENT5.zip","5CEDB447D19B34A7D9EB1195CDD44358D8FBB328AC32BBA90CAD544B410EF9F1","[한화에어로스페이스]반기보고서_IFRS(원문XBRL)(2024.08.14).zip","BB0918C9C6DE7AFC77A860AA450E5208E5A77951B608FABC7B38D29A0C20FB27","7","entity00126566_2024-06-30_lab-en.xml","entity00126566_2024-06-30_lab-en.xml",".xml","4530623","178437","False","False","True","False","False","False","815E2E8C96DD36AF1BF9C6B16804C3A6F69499F68901C8E50B7E4CD0FA1D28F1","PASS",""
"012450","한화에어로스페이스","soph_handoff_hanwha_aerospace_v1_INPUT_PACKAGE_FOR_SOPH_RECENT5.zip","5CEDB447D19B34A7D9EB1195CDD44358D8FBB328AC32BBA90CAD544B410EF9F1","[한화에어로스페이스]반기보고서_IFRS(원문XBRL)(2025.08.14).zip","F42B4BBF4FAB52B55589EB68CA2010DB5F9966CE8219CF5C5636FD6AD29E854E","1","entity00126566_2025-06-30.xbrl","entity00126566_2025-06-30.xbrl",".xbrl","6930403","289581","True","False","False","False","False","False","46F3E9AD4CF216FC92B02335C039AFF2493F71F2B86911899EE8D159D710E8EB","PASS",""
"012450","한화에어로스페이스","soph_handoff_hanwha_aerospace_v1_INPUT_PACKAGE_FOR_SOPH_RECENT5.zip","5CEDB447D19B34A7D9EB1195CDD44358D8FBB328AC32BBA90CAD544B410EF9F1","[한화에어로스페이스]반기보고서_IFRS(원문XBRL)(2025.08.14).zip","F42B4BBF4FAB52B55589EB68CA2010DB5F9966CE8219CF5C5636FD6AD29E854E","2","entity00126566_2025-06-30.xsd","entity00126566_2025-06-30.xsd",".xsd","641828","41507","False","True","False","False","False","False","AC002F63FCA9A9ACC519EDAC0AEB4002C70C45E2D648BDA63030D27F3C465911","PASS",""
"012450","한화에어로스페이스","soph_handoff_hanwha_aerospace_v1_INPUT_PACKAGE_FOR_SOPH_RECENT5.zip","5CEDB447D19B34A7D9EB1195CDD44358D8FBB328AC32BBA90CAD544B410EF9F1","[한화에어로스페이스]반기보고서_IFRS(원문XBRL)(2025.08.14).zip","F42B4BBF4FAB52B55589EB68CA2010DB5F9966CE8219CF5C5636FD6AD29E854E","3","entity00126566_2025-06-30_def.xml","entity00126566_2025-06-30_def.xml",".xml","5449857","190460","False","False","False","False","False","True","0CA50D18BAFAAAE11E9170763AEBE1D04F723B805641C16785EE2D84DAC4A605","PASS",""
"012450","한화에어로스페이스","soph_handoff_hanwha_aerospace_v1_INPUT_PACKAGE_FOR_SOPH_RECENT5.zip","5CEDB447D19B34A7D9EB1195CDD44358D8FBB328AC32BBA90CAD544B410EF9F1","[한화에어로스페이스]반기보고서_IFRS(원문XBRL)(2025.08.14).zip","F42B4BBF4FAB52B55589EB68CA2010DB5F9966CE8219CF5C5636FD6AD29E854E","4","entity00126566_2025-06-30_cal.xml","entity00126566_2025-06-30_cal.xml",".xml","173034","8025","False","False","False","False","True","False","1513B4EBBEF0286B4085618A18B5E4634DAD0350CDE5822656ADCC1F3E1AB34F","PASS",""
"012450","한화에어로스페이스","soph_handoff_hanwha_aerospace_v1_INPUT_PACKAGE_FOR_SOPH_RECENT5.zip","5CEDB447D19B34A7D9EB1195CDD44358D8FBB328AC32BBA90CAD544B410EF9F1","[한화에어로스페이스]반기보고서_IFRS(원문XBRL)(2025.08.14).zip","F42B4BBF4FAB52B55589EB68CA2010DB5F9966CE8219CF5C5636FD6AD29E854E","5","entity00126566_2025-06-30_pre.xml","entity00126566_2025-06-30_pre.xml",".xml","3990975","164125","False","False","False","True","False","False","912A2BC343748A2A50023CA9101C441B1A677C33E0CF817BC16331C769C04E83","PASS",""
"012450","한화에어로스페이스","soph_handoff_hanwha_aerospace_v1_INPUT_PACKAGE_FOR_SOPH_RECENT5.zip","5CEDB447D19B34A7D9EB1195CDD44358D8FBB328AC32BBA90CAD544B410EF9F1","[한화에어로스페이스]반기보고서_IFRS(원문XBRL)(2025.08.14).zip","F42B4BBF4FAB52B55589EB68CA2010DB5F9966CE8219CF5C5636FD6AD29E854E","6","entity00126566_2025-06-30_lab-ko.xml","entity00126566_2025-06-30_lab-ko.xml",".xml","5657171","226113","False","False","True","False","False","False","C5C7A72B6E87F4C1ED20B3F0C5B075748EE2A205830A26154B275C7741DFA047","PASS",""
"012450","한화에어로스페이스","soph_handoff_hanwha_aerospace_v1_INPUT_PACKAGE_FOR_SOPH_RECENT5.zip","5CEDB447D19B34A7D9EB1195CDD44358D8FBB328AC32BBA90CAD544B410EF9F1","[한화에어로스페이스]반기보고서_IFRS(원문XBRL)(2025.08.14).zip","F42B4BBF4FAB52B55589EB68CA2010DB5F9966CE8219CF5C5636FD6AD29E854E","7","entity00126566_2025-06-30_lab-en.xml","entity00126566_2025-06-30_lab-en.xml",".xml","5731190","214748","False","False","True","False","False","False","0E32DB7E7A5BEAA95425FB8A36E1B2E91B2093806FBC6ABEC8B529F22F582055","PASS",""
"012450","한화에어로스페이스","soph_handoff_hanwha_aerospace_v1_INPUT_PACKAGE_FOR_SOPH_RECENT5.zip","5CEDB447D19B34A7D9EB1195CDD44358D8FBB328AC32BBA90CAD544B410EF9F1","[한화에어로스페이스]분기보고서_IFRS(원문XBRL)(2021.11.12).zip","D63B98EA809179947A96AF98496CA0F7AC383C4FF586E6C4E08F555C7B7B0E00","1","00126566_2011-08-18.xbrl","00126566_2011-08-18.xbrl",".xbrl","304257","14220","True","False","False","False","False","False","9B62ABDD0E7EF288575832664E1A0428579CD1A3A9AEC61E8F58C0034A04EAC1","PASS",""
"012450","한화에어로스페이스","soph_handoff_hanwha_aerospace_v1_INPUT_PACKAGE_FOR_SOPH_RECENT5.zip","5CEDB447D19B34A7D9EB1195CDD44358D8FBB328AC32BBA90CAD544B410EF9F1","[한화에어로스페이스]분기보고서_IFRS(원문XBRL)(2021.11.12).zip","D63B98EA809179947A96AF98496CA0F7AC383C4FF586E6C4E08F555C7B7B0E00","2","00126566_entry_point_2011-08-18.xsd","00126566_entry_point_2011-08-18.xsd",".xsd","14414","1606","False","True","False","False","False","False","52CF7D1FA8DA0D20917616D4876DAFBFA1830BF9CED796D31A80932797E8433A","PASS",""
"012450","한화에어로스페이스","soph_handoff_hanwha_aerospace_v1_INPUT_PACKAGE_FOR_SOPH_RECENT5.zip","5CEDB447D19B34A7D9EB1195CDD44358D8FBB328AC32BBA90CAD544B410EF9F1","[한화에어로스페이스]분기보고서_IFRS(원문XBRL)(2021.11.12).zip","D63B98EA809179947A96AF98496CA0F7AC383C4FF586E6C4E08F555C7B7B0E00","3","ifrs_for_00126566/dimensions_ifrs_for_00126566/dim_ifrs_for_00126566_2011-08-18.xml","dim_ifrs_for_00126566_2011-08-18.xml",".xml","1452957","62935","True","False","False","False","False","False","538E5DC4A96A081C850C9130A23652EC590E243670C11D33622A8D1DCB694739","PASS",""
"012450","한화에어로스페이스","soph_handoff_hanwha_aerospace_v1_INPUT_PACKAGE_FOR_SOPH_RECENT5.zip","5CEDB447D19B34A7D9EB1195CDD44358D8FBB328AC32BBA90CAD544B410EF9F1","[한화에어로스페이스]분기보고서_IFRS(원문XBRL)(2021.11.12).zip","D63B98EA809179947A96AF98496CA0F7AC383C4FF586E6C4E08F555C7B7B0E00","4","ifrs_for_00126566/dimensions_ifrs_for_00126566/cal_ifrs_for_00126566_2011-08-18.xml","cal_ifrs_for_00126566_2011-08-18.xml",".xml","1406980","59502","True","False","False","False","False","False","3ED278645F28429B66462CA125BED95D0EEEEB6E1FBAEF8D80D7AC950EFFAB9A","PASS",""
"012450","한화에어로스페이스","soph_handoff_hanwha_aerospace_v1_INPUT_PACKAGE_FOR_SOPH_RECENT5.zip","5CEDB447D19B34A7D9EB1195CDD44358D8FBB328AC32BBA90CAD544B410EF9F1","[한화에어로스페이스]분기보고서_IFRS(원문XBRL)(2021.11.12).zip","D63B98EA809179947A96AF98496CA0F7AC383C4FF586E6C4E08F555C7B7B0E00","5","ifrs_for_00126566/dimensions_ifrs_for_00126566/pre_ifrs_for_00126566_2011-08-18.xml","pre_ifrs_for_00126566_2011-08-18.xml",".xml","1481947","63799","True","False","False","False","False","False","90142779B196250C6265EC7BEFD910D287830E90D13CEFA1BFDC5BD53F3A52C2","PASS",""
"012450","한화에어로스페이스","soph_handoff_hanwha_aerospace_v1_INPUT_PACKAGE_FOR_SOPH_RECENT5.zip","5CEDB447D19B34A7D9EB1195CDD44358D8FBB328AC32BBA90CAD544B410EF9F1","[한화에어로스페이스]분기보고서_IFRS(원문XBRL)(2021.11.12).zip","D63B98EA809179947A96AF98496CA0F7AC383C4FF586E6C4E08F555C7B7B0E00","6","ifrs_for_00126566/dimensions_ifrs_for_00126566/role_ifrs_for_00126566-dim_2011-08-18.xsd","role_ifrs_for_00126566-dim_2011-08-18.xsd",".xsd","649","311","False","True","False","False","False","False","1FB5A99DA0DC43EC5070ECD516E3C38CDB63E9333125DB9696D42E5C1CFE9CF0","PASS",""
"012450","한화에어로스페이스","soph_handoff_hanwha_aerospace_v1_INPUT_PACKAGE_FOR_SOPH_RECENT5.zip","5CEDB447D19B34A7D9EB1195CDD44358D8FBB328AC32BBA90CAD544B410EF9F1","[한화에어로스페이스]분기보고서_IFRS(원문XBRL)(2021.11.12).zip","D63B98EA809179947A96AF98496CA0F7AC383C4FF586E6C4E08F555C7B7B0E00","7","labels/lab_00126566-ko_2011-08-18.xml","lab_00126566-ko_2011-08-18.xml",".xml","73603","4602","True","False","False","False","False","False","1BE95F09E756577311E90C651290313F4823833D79AD173DACB604CEB0CA7DCD","PASS",""
"012450","한화에어로스페이스","soph_handoff_hanwha_aerospace_v1_INPUT_PACKAGE_FOR_SOPH_RECENT5.zip","5CEDB447D19B34A7D9EB1195CDD44358D8FBB328AC32BBA90CAD544B410EF9F1","[한화에어로스페이스]분기보고서_IFRS(원문XBRL)(2021.11.12).zip","D63B98EA809179947A96AF98496CA0F7AC383C4FF586E6C4E08F555C7B7B0E00","8","labels/lab_00126566-en_2011-08-18.xml","lab_00126566-en_2011-08-18.xml",".xml","58333","3346","True","False","False","False","False","False","BD5CAB3BB4DB30F78832CEAD05468503A1F63FB3EB4F7C6FFFF093A9D5491517","PASS",""
"012450","한화에어로스페이스","soph_handoff_hanwha_aerospace_v1_INPUT_PACKAGE_FOR_SOPH_RECENT5.zip","5CEDB447D19B34A7D9EB1195CDD44358D8FBB328AC32BBA90CAD544B410EF9F1","[한화에어로스페이스]분기보고서_IFRS(원문XBRL)(2022.05.16).zip","6CBC0D59880487A53E58DF4F1DC896AEB11B08A48396C4E5742C3E8260D1352D","1","00126566_2011-08-18.xbrl","00126566_2011-08-18.xbrl",".xbrl","275184","12705","True","False","False","False","False","False","76628E1B5BE19CBB30F810E19C98A2941F093FFF89052D61EE917492254F88C5","PASS",""
"012450","한화에어로스페이스","soph_handoff_hanwha_aerospace_v1_INPUT_PACKAGE_FOR_SOPH_RECENT5.zip","5CEDB447D19B34A7D9EB1195CDD44358D8FBB328AC32BBA90CAD544B410EF9F1","[한화에어로스페이스]분기보고서_IFRS(원문XBRL)(2022.05.16).zip","6CBC0D59880487A53E58DF4F1DC896AEB11B08A48396C4E5742C3E8260D1352D","2","00126566_entry_point_2011-08-18.xsd","00126566_entry_point_2011-08-18.xsd",".xsd","11379","1447","False","True","False","False","False","False","5944818BC3440CB99D4611D6692EE27221E531643B7E96C7E72F40C89F04F708","PASS",""
"012450","한화에어로스페이스","soph_handoff_hanwha_aerospace_v1_INPUT_PACKAGE_FOR_SOPH_RECENT5.zip","5CEDB447D19B34A7D9EB1195CDD44358D8FBB328AC32BBA90CAD544B410EF9F1","[한화에어로스페이스]분기보고서_IFRS(원문XBRL)(2022.05.16).zip","6CBC0D59880487A53E58DF4F1DC896AEB11B08A48396C4E5742C3E8260D1352D","3","ifrs_for_00126566/dimensions_ifrs_for_00126566/dim_ifrs_for_00126566_2011-08-18.xml","dim_ifrs_for_00126566_2011-08-18.xml",".xml","1442257","62371","True","False","False","False","False","False","08C93DC73352EA5B9636D98C7F176F1BA0B00603F9096C8B8D261742913B0165","PASS",""
"012450","한화에어로스페이스","soph_handoff_hanwha_aerospace_v1_INPUT_PACKAGE_FOR_SOPH_RECENT5.zip","5CEDB447D19B34A7D9EB1195CDD44358D8FBB328AC32BBA90CAD544B410EF9F1","[한화에어로스페이스]분기보고서_IFRS(원문XBRL)(2022.05.16).zip","6CBC0D59880487A53E58DF4F1DC896AEB11B08A48396C4E5742C3E8260D1352D","4","ifrs_for_00126566/dimensions_ifrs_for_00126566/cal_ifrs_for_00126566_2011-08-18.xml","cal_ifrs_for_00126566_2011-08-18.xml",".xml","1406938","59282","True","False","False","False","False","False","8B2578855E40794F7C72E6E57B0218F51751C49876D8BED85B8303F5B30A66EA","PASS",""
"012450","한화에어로스페이스","soph_handoff_hanwha_aerospace_v1_INPUT_PACKAGE_FOR_SOPH_RECENT5.zip","5CEDB447D19B34A7D9EB1195CDD44358D8FBB328AC32BBA90CAD544B410EF9F1","[한화에어로스페이스]분기보고서_IFRS(원문XBRL)(2022.05.16).zip","6CBC0D59880487A53E58DF4F1DC896AEB11B08A48396C4E5742C3E8260D1352D","5","ifrs_for_00126566/dimensions_ifrs_for_00126566/pre_ifrs_for_00126566_2011-08-18.xml","pre_ifrs_for_00126566_2011-08-18.xml",".xml","1471353","63168","True","False","False","False","False","False","540D1540804D43F25A0C0E6711824336FAD9DD1E5BF51E9A4F02B84A69AFE997","PASS",""
"012450","한화에어로스페이스","soph_handoff_hanwha_aerospace_v1_INPUT_PACKAGE_FOR_SOPH_RECENT5.zip","5CEDB447D19B34A7D9EB1195CDD44358D8FBB328AC32BBA90CAD544B410EF9F1","[한화에어로스페이스]분기보고서_IFRS(원문XBRL)(2022.05.16).zip","6CBC0D59880487A53E58DF4F1DC896AEB11B08A48396C4E5742C3E8260D1352D","6","ifrs_for_00126566/dimensions_ifrs_for_00126566/role_ifrs_for_00126566-dim_2011-08-18.xsd","role_ifrs_for_00126566-dim_2011-08-18.xsd",".xsd","649","311","False","True","False","False","False","False","1FB5A99DA0DC43EC5070ECD516E3C38CDB63E9333125DB9696D42E5C1CFE9CF0","PASS",""
"012450","한화에어로스페이스","soph_handoff_hanwha_aerospace_v1_INPUT_PACKAGE_FOR_SOPH_RECENT5.zip","5CEDB447D19B34A7D9EB1195CDD44358D8FBB328AC32BBA90CAD544B410EF9F1","[한화에어로스페이스]분기보고서_IFRS(원문XBRL)(2022.05.16).zip","6CBC0D59880487A53E58DF4F1DC896AEB11B08A48396C4E5742C3E8260D1352D","7","labels/lab_00126566-ko_2011-08-18.xml","lab_00126566-ko_2011-08-18.xml",".xml","58090","3883","True","False","False","False","False","False","73CE5B04C3108A7DC1A0E7B6BAAD8FB9D5DEF256AF6E49E4F6609022C74F5903","PASS",""
"012450","한화에어로스페이스","soph_handoff_hanwha_aerospace_v1_INPUT_PACKAGE_FOR_SOPH_RECENT5.zip","5CEDB447D19B34A7D9EB1195CDD44358D8FBB328AC32BBA90CAD544B410EF9F1","[한화에어로스페이스]분기보고서_IFRS(원문XBRL)(2022.05.16).zip","6CBC0D59880487A53E58DF4F1DC896AEB11B08A48396C4E5742C3E8260D1352D","8","labels/lab_00126566-en_2011-08-18.xml","lab_00126566-en_2011-08-18.xml",".xml","44005","2766","True","False","False","False","False","False","2B1645ACE274BD6029631928CD8658BF1237D9CAAA1774D177C3DF88D2C9703A","PASS",""
"012450","한화에어로스페이스","soph_handoff_hanwha_aerospace_v1_INPUT_PACKAGE_FOR_SOPH_RECENT5.zip","5CEDB447D19B34A7D9EB1195CDD44358D8FBB328AC32BBA90CAD544B410EF9F1","[한화에어로스페이스]분기보고서_IFRS(원문XBRL)(2022.11.11).zip","E285F210085928A6ED4B33D73C494E5CCDE0F8A0563F5ADE8F1A8CB97E8A883D","1","00126566_2011-08-18.xbrl","00126566_2011-08-18.xbrl",".xbrl","311214","14681","True","False","False","False","False","False","9DD9B8FD71258094F72949495D4EED50A211128F4E0A2B006D0AC7CF38FBB020","PASS",""
"012450","한화에어로스페이스","soph_handoff_hanwha_aerospace_v1_INPUT_PACKAGE_FOR_SOPH_RECENT5.zip","5CEDB447D19B34A7D9EB1195CDD44358D8FBB328AC32BBA90CAD544B410EF9F1","[한화에어로스페이스]분기보고서_IFRS(원문XBRL)(2022.11.11).zip","E285F210085928A6ED4B33D73C494E5CCDE0F8A0563F5ADE8F1A8CB97E8A883D","2","00126566_entry_point_2011-08-18.xsd","00126566_entry_point_2011-08-18.xsd",".xsd","13990","1573","False","True","False","False","False","False","C747EE214B6858FB3A8B47574E13526165C92D85AD7EA6940A4A5D4289CCBC35","PASS",""
"012450","한화에어로스페이스","soph_handoff_hanwha_aerospace_v1_INPUT_PACKAGE_FOR_SOPH_RECENT5.zip","5CEDB447D19B34A7D9EB1195CDD44358D8FBB328AC32BBA90CAD544B410EF9F1","[한화에어로스페이스]분기보고서_IFRS(원문XBRL)(2022.11.11).zip","E285F210085928A6ED4B33D73C494E5CCDE0F8A0563F5ADE8F1A8CB97E8A883D","3","ifrs_for_00126566/dimensions_ifrs_for_00126566/dim_ifrs_for_00126566_2011-08-18.xml","dim_ifrs_for_00126566_2011-08-18.xml",".xml","1452907","62864","True","False","False","False","False","False","8988EFE50C6CAAFCF101AEEEAB4C93E2021AAD7C2F23772B8290E5F0F6980966","PASS",""
"012450","한화에어로스페이스","soph_handoff_hanwha_aerospace_v1_INPUT_PACKAGE_FOR_SOPH_RECENT5.zip","5CEDB447D19B34A7D9EB1195CDD44358D8FBB328AC32BBA90CAD544B410EF9F1","[한화에어로스페이스]분기보고서_IFRS(원문XBRL)(2022.11.11).zip","E285F210085928A6ED4B33D73C494E5CCDE0F8A0563F5ADE8F1A8CB97E8A883D","4","ifrs_for_00126566/dimensions_ifrs_for_00126566/cal_ifrs_for_00126566_2011-08-18.xml","cal_ifrs_for_00126566_2011-08-18.xml",".xml","1402117","59199","True","False","False","False","False","False","83139228B868A943BE058411BF031D0AF68DA5164CBC728C1DEAC261A11ABDF3","PASS",""
"012450","한화에어로스페이스","soph_handoff_hanwha_aerospace_v1_INPUT_PACKAGE_FOR_SOPH_RECENT5.zip","5CEDB447D19B34A7D9EB1195CDD44358D8FBB328AC32BBA90CAD544B410EF9F1","[한화에어로스페이스]분기보고서_IFRS(원문XBRL)(2022.11.11).zip","E285F210085928A6ED4B33D73C494E5CCDE0F8A0563F5ADE8F1A8CB97E8A883D","5","ifrs_for_00126566/dimensions_ifrs_for_00126566/pre_ifrs_for_00126566_2011-08-18.xml","pre_ifrs_for_00126566_2011-08-18.xml",".xml","1481910","63731","True","False","False","False","False","False","0C0FE38EF141C7301819B02455BF450AC3CB1230664440710DE212F386936561","PASS",""
"012450","한화에어로스페이스","soph_handoff_hanwha_aerospace_v1_INPUT_PACKAGE_FOR_SOPH_RECENT5.zip","5CEDB447D19B34A7D9EB1195CDD44358D8FBB328AC32BBA90CAD544B410EF9F1","[한화에어로스페이스]분기보고서_IFRS(원문XBRL)(2022.11.11).zip","E285F210085928A6ED4B33D73C494E5CCDE0F8A0563F5ADE8F1A8CB97E8A883D","6","ifrs_for_00126566/dimensions_ifrs_for_00126566/role_ifrs_for_00126566-dim_2011-08-18.xsd","role_ifrs_for_00126566-dim_2011-08-18.xsd",".xsd","649","311","False","True","False","False","False","False","1FB5A99DA0DC43EC5070ECD516E3C38CDB63E9333125DB9696D42E5C1CFE9CF0","PASS",""
"012450","한화에어로스페이스","soph_handoff_hanwha_aerospace_v1_INPUT_PACKAGE_FOR_SOPH_RECENT5.zip","5CEDB447D19B34A7D9EB1195CDD44358D8FBB328AC32BBA90CAD544B410EF9F1","[한화에어로스페이스]분기보고서_IFRS(원문XBRL)(2022.11.11).zip","E285F210085928A6ED4B33D73C494E5CCDE0F8A0563F5ADE8F1A8CB97E8A883D","7","labels/lab_00126566-ko_2011-08-18.xml","lab_00126566-ko_2011-08-18.xml",".xml","71769","4537","True","False","False","False","False","False","C8DE8C70A32E14543ED381213E24512962E0F57A546D1DCB08D0739328ED85B4","PASS",""
"012450","한화에어로스페이스","soph_handoff_hanwha_aerospace_v1_INPUT_PACKAGE_FOR_SOPH_RECENT5.zip","5CEDB447D19B34A7D9EB1195CDD44358D8FBB328AC32BBA90CAD544B410EF9F1","[한화에어로스페이스]분기보고서_IFRS(원문XBRL)(2022.11.11).zip","E285F210085928A6ED4B33D73C494E5CCDE0F8A0563F5ADE8F1A8CB97E8A883D","8","labels/lab_00126566-en_2011-08-18.xml","lab_00126566-en_2011-08-18.xml",".xml","56781","3374","True","False","False","False","False","False","7CEF33FDF7E96CC1BA0214210E29E1A0A23AB4106633A70945FA65BBDED77068","PASS",""
"012450","한화에어로스페이스","soph_handoff_hanwha_aerospace_v1_INPUT_PACKAGE_FOR_SOPH_RECENT5.zip","5CEDB447D19B34A7D9EB1195CDD44358D8FBB328AC32BBA90CAD544B410EF9F1","[한화에어로스페이스]분기보고서_IFRS(원문XBRL)(2023.05.12).zip","1ECF064362FF6FCB417DC8914FAE6484175379FEACC07B36EE54558B8805EC39","1","00126566_2011-08-18.xbrl","00126566_2011-08-18.xbrl",".xbrl","310121","13935","True","False","False","False","False","False","9D79831493B127ECB30A3F694A2E4511CD6B1F00BFEA8E45F9118E31EB939794","PASS",""
"012450","한화에어로스페이스","soph_handoff_hanwha_aerospace_v1_INPUT_PACKAGE_FOR_SOPH_RECENT5.zip","5CEDB447D19B34A7D9EB1195CDD44358D8FBB328AC32BBA90CAD544B410EF9F1","[한화에어로스페이스]분기보고서_IFRS(원문XBRL)(2023.05.12).zip","1ECF064362FF6FCB417DC8914FAE6484175379FEACC07B36EE54558B8805EC39","2","00126566_entry_point_2011-08-18.xsd","00126566_entry_point_2011-08-18.xsd",".xsd","16398","1739","False","True","False","False","False","False","5AEC3CF36E3ECF6CB0957544A501D555CD5BB48D7588D1D5902290BD52E017C0","PASS",""
"012450","한화에어로스페이스","soph_handoff_hanwha_aerospace_v1_INPUT_PACKAGE_FOR_SOPH_RECENT5.zip","5CEDB447D19B34A7D9EB1195CDD44358D8FBB328AC32BBA90CAD544B410EF9F1","[한화에어로스페이스]분기보고서_IFRS(원문XBRL)(2023.05.12).zip","1ECF064362FF6FCB417DC8914FAE6484175379FEACC07B36EE54558B8805EC39","3","ifrs_for_00126566/dimensions_ifrs_for_00126566/dim_ifrs_for_00126566_2011-08-18.xml","dim_ifrs_for_00126566_2011-08-18.xml",".xml","1454038","63143","True","False","False","False","False","False","2B3AC49B30E33FA272504D849DF61EFA559D39EA40039FB4DA9DF578966CC231","PASS",""
"012450","한화에어로스페이스","soph_handoff_hanwha_aerospace_v1_INPUT_PACKAGE_FOR_SOPH_RECENT5.zip","5CEDB447D19B34A7D9EB1195CDD44358D8FBB328AC32BBA90CAD544B410EF9F1","[한화에어로스페이스]분기보고서_IFRS(원문XBRL)(2023.05.12).zip","1ECF064362FF6FCB417DC8914FAE6484175379FEACC07B36EE54558B8805EC39","4","ifrs_for_00126566/dimensions_ifrs_for_00126566/cal_ifrs_for_00126566_2011-08-18.xml","cal_ifrs_for_00126566_2011-08-18.xml",".xml","1412575","59728","True","False","False","False","False","False","82BD69044A3708BDB12282DC4C8A7C5DBFB3AEDA0CCB0A615312819EFED4AB0F","PASS",""
"012450","한화에어로스페이스","soph_handoff_hanwha_aerospace_v1_INPUT_PACKAGE_FOR_SOPH_RECENT5.zip","5CEDB447D19B34A7D9EB1195CDD44358D8FBB328AC32BBA90CAD544B410EF9F1","[한화에어로스페이스]분기보고서_IFRS(원문XBRL)(2023.05.12).zip","1ECF064362FF6FCB417DC8914FAE6484175379FEACC07B36EE54558B8805EC39","5","ifrs_for_00126566/dimensions_ifrs_for_00126566/pre_ifrs_for_00126566_2011-08-18.xml","pre_ifrs_for_00126566_2011-08-18.xml",".xml","1482870","64024","True","False","False","False","False","False","F18B330EF8C96CCBE29F0C4B317338A22BC5764BDDF89C02ABE6A3AE00C47850","PASS",""
"012450","한화에어로스페이스","soph_handoff_hanwha_aerospace_v1_INPUT_PACKAGE_FOR_SOPH_RECENT5.zip","5CEDB447D19B34A7D9EB1195CDD44358D8FBB328AC32BBA90CAD544B410EF9F1","[한화에어로스페이스]분기보고서_IFRS(원문XBRL)(2023.05.12).zip","1ECF064362FF6FCB417DC8914FAE6484175379FEACC07B36EE54558B8805EC39","6","ifrs_for_00126566/dimensions_ifrs_for_00126566/role_ifrs_for_00126566-dim_2011-08-18.xsd","role_ifrs_for_00126566-dim_2011-08-18.xsd",".xsd","649","311","False","True","False","False","False","False","1FB5A99DA0DC43EC5070ECD516E3C38CDB63E9333125DB9696D42E5C1CFE9CF0","PASS",""
"012450","한화에어로스페이스","soph_handoff_hanwha_aerospace_v1_INPUT_PACKAGE_FOR_SOPH_RECENT5.zip","5CEDB447D19B34A7D9EB1195CDD44358D8FBB328AC32BBA90CAD544B410EF9F1","[한화에어로스페이스]분기보고서_IFRS(원문XBRL)(2023.05.12).zip","1ECF064362FF6FCB417DC8914FAE6484175379FEACC07B36EE54558B8805EC39","7","labels/lab_00126566-ko_2011-08-18.xml","lab_00126566-ko_2011-08-18.xml",".xml","82252","4902","True","False","False","False","False","False","752BFEBAD7BB6257C8338D150291988DEFF297947E568443D59D4EB9134B3DA0","PASS",""
"012450","한화에어로스페이스","soph_handoff_hanwha_aerospace_v1_INPUT_PACKAGE_FOR_SOPH_RECENT5.zip","5CEDB447D19B34A7D9EB1195CDD44358D8FBB328AC32BBA90CAD544B410EF9F1","[한화에어로스페이스]분기보고서_IFRS(원문XBRL)(2023.05.12).zip","1ECF064362FF6FCB417DC8914FAE6484175379FEACC07B36EE54558B8805EC39","8","labels/lab_00126566-en_2011-08-18.xml","lab_00126566-en_2011-08-18.xml",".xml","67902","3813","True","False","False","False","False","False","174EB6745D0D43FD5CCABE718339200166622E29A8680B7FAD7EB41E8A2F7212","PASS",""
"012450","한화에어로스페이스","soph_handoff_hanwha_aerospace_v1_INPUT_PACKAGE_FOR_SOPH_RECENT5.zip","5CEDB447D19B34A7D9EB1195CDD44358D8FBB328AC32BBA90CAD544B410EF9F1","[한화에어로스페이스]분기보고서_IFRS(원문XBRL)(2023.11.14).zip","2C8240F0C9005F2A1B5538E7C14AF4A23160DD038BC26A42E49585BFEB84AAFB","1","entity00126566_2023-09-30.xbrl","entity00126566_2023-09-30.xbrl",".xbrl","335457","18016","True","False","False","False","False","False","882959B354D7AB20DD8EC731DF0495443D37059778E048252E2DE6ADF3C4E937","PASS",""
"012450","한화에어로스페이스","soph_handoff_hanwha_aerospace_v1_INPUT_PACKAGE_FOR_SOPH_RECENT5.zip","5CEDB447D19B34A7D9EB1195CDD44358D8FBB328AC32BBA90CAD544B410EF9F1","[한화에어로스페이스]분기보고서_IFRS(원문XBRL)(2023.11.14).zip","2C8240F0C9005F2A1B5538E7C14AF4A23160DD038BC26A42E49585BFEB84AAFB","2","entity00126566_2023-09-30.xsd","entity00126566_2023-09-30.xsd",".xsd","22182","2379","False","True","False","False","False","False","BCB8F1052D7F106EDBB99F733B630EF5EF67A8806065CF7A9D8289E4D1DF5CB9","PASS",""
"012450","한화에어로스페이스","soph_handoff_hanwha_aerospace_v1_INPUT_PACKAGE_FOR_SOPH_RECENT5.zip","5CEDB447D19B34A7D9EB1195CDD44358D8FBB328AC32BBA90CAD544B410EF9F1","[한화에어로스페이스]분기보고서_IFRS(원문XBRL)(2023.11.14).zip","2C8240F0C9005F2A1B5538E7C14AF4A23160DD038BC26A42E49585BFEB84AAFB","3","entity00126566_2023-09-30_def.xml","entity00126566_2023-09-30_def.xml",".xml","257101","12759","False","False","False","False","False","True","FCD3F2BCFD25E13B59E001F15999C2D51BCF1752C6E2EDB64BB945994910D8CC","PASS",""
"012450","한화에어로스페이스","soph_handoff_hanwha_aerospace_v1_INPUT_PACKAGE_FOR_SOPH_RECENT5.zip","5CEDB447D19B34A7D9EB1195CDD44358D8FBB328AC32BBA90CAD544B410EF9F1","[한화에어로스페이스]분기보고서_IFRS(원문XBRL)(2023.11.14).zip","2C8240F0C9005F2A1B5538E7C14AF4A23160DD038BC26A42E49585BFEB84AAFB","4","entity00126566_2023-09-30_cal.xml","entity00126566_2023-09-30_cal.xml",".xml","181947","8299","False","False","False","False","True","False","B3DB018E7EA4E2282AC4014B43F73A2785AEA2ABC904AF2AD2122A8341CD575B","PASS",""
"012450","한화에어로스페이스","soph_handoff_hanwha_aerospace_v1_INPUT_PACKAGE_FOR_SOPH_RECENT5.zip","5CEDB447D19B34A7D9EB1195CDD44358D8FBB328AC32BBA90CAD544B410EF9F1","[한화에어로스페이스]분기보고서_IFRS(원문XBRL)(2023.11.14).zip","2C8240F0C9005F2A1B5538E7C14AF4A23160DD038BC26A42E49585BFEB84AAFB","5","entity00126566_2023-09-30_pre.xml","entity00126566_2023-09-30_pre.xml",".xml","248995","12304","False","False","False","True","False","False","164B7FDDE2C9E53575172CCA9B8752692FCCD1A1719C750707E257AF3FBD6E1B","PASS",""
"012450","한화에어로스페이스","soph_handoff_hanwha_aerospace_v1_INPUT_PACKAGE_FOR_SOPH_RECENT5.zip","5CEDB447D19B34A7D9EB1195CDD44358D8FBB328AC32BBA90CAD544B410EF9F1","[한화에어로스페이스]분기보고서_IFRS(원문XBRL)(2023.11.14).zip","2C8240F0C9005F2A1B5538E7C14AF4A23160DD038BC26A42E49585BFEB84AAFB","6","entity00126566_2023-09-30_lab-ko.xml","entity00126566_2023-09-30_lab-ko.xml",".xml","364875","19571","False","False","True","False","False","False","C9D896AE387D63B460D35220F31BA791135C4C1E0BDB82E3403EF3D7104EE90C","PASS",""
"012450","한화에어로스페이스","soph_handoff_hanwha_aerospace_v1_INPUT_PACKAGE_FOR_SOPH_RECENT5.zip","5CEDB447D19B34A7D9EB1195CDD44358D8FBB328AC32BBA90CAD544B410EF9F1","[한화에어로스페이스]분기보고서_IFRS(원문XBRL)(2023.11.14).zip","2C8240F0C9005F2A1B5538E7C14AF4A23160DD038BC26A42E49585BFEB84AAFB","7","entity00126566_2023-09-30_lab-en.xml","entity00126566_2023-09-30_lab-en.xml",".xml","377501","19115","False","False","True","False","False","False","A5AAB843DD8FEAAFBD4F436346375059F3AFADC9B312370F51DD0CA75C3DF111","PASS",""
"012450","한화에어로스페이스","soph_handoff_hanwha_aerospace_v1_INPUT_PACKAGE_FOR_SOPH_RECENT5.zip","5CEDB447D19B34A7D9EB1195CDD44358D8FBB328AC32BBA90CAD544B410EF9F1","[한화에어로스페이스]분기보고서_IFRS(원문XBRL)(2024.05.14).zip","F4215B15D79498230D85EC7F668B3A4A2336F0A5E9EAD5132B68AB4C7854221C","1","entity00126566_2024-03-31.xbrl","entity00126566_2024-03-31.xbrl",".xbrl","6802845","279700","True","False","False","False","False","False","8959DDE30AD35AF0EE2BF3925930F2F6E4B59705A60CD5091E743B5C506ECDA0","PASS",""
"012450","한화에어로스페이스","soph_handoff_hanwha_aerospace_v1_INPUT_PACKAGE_FOR_SOPH_RECENT5.zip","5CEDB447D19B34A7D9EB1195CDD44358D8FBB328AC32BBA90CAD544B410EF9F1","[한화에어로스페이스]분기보고서_IFRS(원문XBRL)(2024.05.14).zip","F4215B15D79498230D85EC7F668B3A4A2336F0A5E9EAD5132B68AB4C7854221C","2","entity00126566_2024-03-31.xsd","entity00126566_2024-03-31.xsd",".xsd","591760","34087","False","True","False","False","False","False","2694DE64896F5FDAEE4F9DABB5A2111E411C2C94441D9817938670BDFCD6B3E4","PASS",""
"012450","한화에어로스페이스","soph_handoff_hanwha_aerospace_v1_INPUT_PACKAGE_FOR_SOPH_RECENT5.zip","5CEDB447D19B34A7D9EB1195CDD44358D8FBB328AC32BBA90CAD544B410EF9F1","[한화에어로스페이스]분기보고서_IFRS(원문XBRL)(2024.05.14).zip","F4215B15D79498230D85EC7F668B3A4A2336F0A5E9EAD5132B68AB4C7854221C","3","entity00126566_2024-03-31_def.xml","entity00126566_2024-03-31_def.xml",".xml","5171986","177866","False","False","False","False","False","True","48B63340A0F5E3D21E05868489A7FA319DB7A757295B357430E783D44D5B9ECA","PASS",""
"012450","한화에어로스페이스","soph_handoff_hanwha_aerospace_v1_INPUT_PACKAGE_FOR_SOPH_RECENT5.zip","5CEDB447D19B34A7D9EB1195CDD44358D8FBB328AC32BBA90CAD544B410EF9F1","[한화에어로스페이스]분기보고서_IFRS(원문XBRL)(2024.05.14).zip","F4215B15D79498230D85EC7F668B3A4A2336F0A5E9EAD5132B68AB4C7854221C","4","entity00126566_2024-03-31_cal.xml","entity00126566_2024-03-31_cal.xml",".xml","146731","6015","False","False","False","False","True","False","84EAC58DDB2C8DFF4EDA5C4E21A13767B10A0633DFAF723B0F38432C4EDAF978","PASS",""
"012450","한화에어로스페이스","soph_handoff_hanwha_aerospace_v1_INPUT_PACKAGE_FOR_SOPH_RECENT5.zip","5CEDB447D19B34A7D9EB1195CDD44358D8FBB328AC32BBA90CAD544B410EF9F1","[한화에어로스페이스]분기보고서_IFRS(원문XBRL)(2024.05.14).zip","F4215B15D79498230D85EC7F668B3A4A2336F0A5E9EAD5132B68AB4C7854221C","5","entity00126566_2024-03-31_pre.xml","entity00126566_2024-03-31_pre.xml",".xml","3558934","150845","False","False","False","True","False","False","E4E138662905ABE2077F8C62C0D0ADDC448C3791464F52573A48774C537B2D6C","PASS",""
"012450","한화에어로스페이스","soph_handoff_hanwha_aerospace_v1_INPUT_PACKAGE_FOR_SOPH_RECENT5.zip","5CEDB447D19B34A7D9EB1195CDD44358D8FBB328AC32BBA90CAD544B410EF9F1","[한화에어로스페이스]분기보고서_IFRS(원문XBRL)(2024.05.14).zip","F4215B15D79498230D85EC7F668B3A4A2336F0A5E9EAD5132B68AB4C7854221C","6","entity00126566_2024-03-31_lab-ko.xml","entity00126566_2024-03-31_lab-ko.xml",".xml","4553572","191315","False","False","True","False","False","False","8CCDC09BF48DBD34115497D217594114D4112D64C910F095DB2F655EACD09AD3","PASS",""
"012450","한화에어로스페이스","soph_handoff_hanwha_aerospace_v1_INPUT_PACKAGE_FOR_SOPH_RECENT5.zip","5CEDB447D19B34A7D9EB1195CDD44358D8FBB328AC32BBA90CAD544B410EF9F1","[한화에어로스페이스]분기보고서_IFRS(원문XBRL)(2024.05.14).zip","F4215B15D79498230D85EC7F668B3A4A2336F0A5E9EAD5132B68AB4C7854221C","7","entity00126566_2024-03-31_lab-en.xml","entity00126566_2024-03-31_lab-en.xml",".xml","4592986","179946","False","False","True","False","False","False","7F2F511A6589350770764AE561E057A1EBEED3EB80F2EF48D4B82D7F33C6373D","PASS",""
"012450","한화에어로스페이스","soph_handoff_hanwha_aerospace_v1_INPUT_PACKAGE_FOR_SOPH_RECENT5.zip","5CEDB447D19B34A7D9EB1195CDD44358D8FBB328AC32BBA90CAD544B410EF9F1","[한화에어로스페이스]분기보고서_IFRS(원문XBRL)(2024.11.13).zip","04D17E672329D716C676B3656A7249FFDDCCAC925BDAB6B6ACE3F2A96E870C8C","1","entity00126566_2024-09-30.xbrl","entity00126566_2024-09-30.xbrl",".xbrl","7162637","278308","True","False","False","False","False","False","8F829D642FFC1246673CCF4BCBDC2AE4680DE2F3A4763F3B5B5E3BF224E19D14","PASS",""
"012450","한화에어로스페이스","soph_handoff_hanwha_aerospace_v1_INPUT_PACKAGE_FOR_SOPH_RECENT5.zip","5CEDB447D19B34A7D9EB1195CDD44358D8FBB328AC32BBA90CAD544B410EF9F1","[한화에어로스페이스]분기보고서_IFRS(원문XBRL)(2024.11.13).zip","04D17E672329D716C676B3656A7249FFDDCCAC925BDAB6B6ACE3F2A96E870C8C","2","entity00126566_2024-09-30.xsd","entity00126566_2024-09-30.xsd",".xsd","567029","32421","False","True","False","False","False","False","D966E8CCCAEC2353A320390CC546C0D15CFB4A03E48C3B2855AB26D17C24B85F","PASS",""
"012450","한화에어로스페이스","soph_handoff_hanwha_aerospace_v1_INPUT_PACKAGE_FOR_SOPH_RECENT5.zip","5CEDB447D19B34A7D9EB1195CDD44358D8FBB328AC32BBA90CAD544B410EF9F1","[한화에어로스페이스]분기보고서_IFRS(원문XBRL)(2024.11.13).zip","04D17E672329D716C676B3656A7249FFDDCCAC925BDAB6B6ACE3F2A96E870C8C","3","entity00126566_2024-09-30_def.xml","entity00126566_2024-09-30_def.xml",".xml","4812822","166070","False","False","False","False","False","True","5E6C73077F51AC4B8F36CE32579B6F4361AB1AA966DED74CFE09BA73E2FD8DA9","PASS",""
"012450","한화에어로스페이스","soph_handoff_hanwha_aerospace_v1_INPUT_PACKAGE_FOR_SOPH_RECENT5.zip","5CEDB447D19B34A7D9EB1195CDD44358D8FBB328AC32BBA90CAD544B410EF9F1","[한화에어로스페이스]분기보고서_IFRS(원문XBRL)(2024.11.13).zip","04D17E672329D716C676B3656A7249FFDDCCAC925BDAB6B6ACE3F2A96E870C8C","4","entity00126566_2024-09-30_cal.xml","entity00126566_2024-09-30_cal.xml",".xml","160434","7030","False","False","False","False","True","False","C980941EE1EAC17868A6ED492B36235339E1AF0D01043370F145E7AB68CB0251","PASS",""
"012450","한화에어로스페이스","soph_handoff_hanwha_aerospace_v1_INPUT_PACKAGE_FOR_SOPH_RECENT5.zip","5CEDB447D19B34A7D9EB1195CDD44358D8FBB328AC32BBA90CAD544B410EF9F1","[한화에어로스페이스]분기보고서_IFRS(원문XBRL)(2024.11.13).zip","04D17E672329D716C676B3656A7249FFDDCCAC925BDAB6B6ACE3F2A96E870C8C","5","entity00126566_2024-09-30_pre.xml","entity00126566_2024-09-30_pre.xml",".xml","3626276","146712","False","False","False","True","False","False","5A150CB58DD3D0919F4E88F7542F6C0595494258553CA137E4C50505C38DCB8D","PASS",""
"012450","한화에어로스페이스","soph_handoff_hanwha_aerospace_v1_INPUT_PACKAGE_FOR_SOPH_RECENT5.zip","5CEDB447D19B34A7D9EB1195CDD44358D8FBB328AC32BBA90CAD544B410EF9F1","[한화에어로스페이스]분기보고서_IFRS(원문XBRL)(2024.11.13).zip","04D17E672329D716C676B3656A7249FFDDCCAC925BDAB6B6ACE3F2A96E870C8C","6","entity00126566_2024-09-30_lab-ko.xml","entity00126566_2024-09-30_lab-ko.xml",".xml","4483828","188647","False","False","True","False","False","False","CC400ED51FC2EED2976D8B512490BC544931F9EC9664804D669C2EACC97DC444","PASS",""
"012450","한화에어로스페이스","soph_handoff_hanwha_aerospace_v1_INPUT_PACKAGE_FOR_SOPH_RECENT5.zip","5CEDB447D19B34A7D9EB1195CDD44358D8FBB328AC32BBA90CAD544B410EF9F1","[한화에어로스페이스]분기보고서_IFRS(원문XBRL)(2024.11.13).zip","04D17E672329D716C676B3656A7249FFDDCCAC925BDAB6B6ACE3F2A96E870C8C","7","entity00126566_2024-09-30_lab-en.xml","entity00126566_2024-09-30_lab-en.xml",".xml","4524777","177388","False","False","True","False","False","False","E8F133BAB01583D8D0136772A7228470AC445C2BCFB9D85CF9A65CD4F9D0908D","PASS",""
"012450","한화에어로스페이스","soph_handoff_hanwha_aerospace_v1_INPUT_PACKAGE_FOR_SOPH_RECENT5.zip","5CEDB447D19B34A7D9EB1195CDD44358D8FBB328AC32BBA90CAD544B410EF9F1","[한화에어로스페이스]분기보고서_IFRS(원문XBRL)(2025.05.13).zip","AB48EDADD5F68AF28910D2CDC6F9B36027B224241468F62915873B6481D9EBA1","1","entity00126566_2025-03-31.xbrl","entity00126566_2025-03-31.xbrl",".xbrl","8258904","301812","True","False","False","False","False","False","D2925E6B8DCBB6AAE8267C34E13358892F9858E706D81909E42B26B01D473C36","PASS",""
"012450","한화에어로스페이스","soph_handoff_hanwha_aerospace_v1_INPUT_PACKAGE_FOR_SOPH_RECENT5.zip","5CEDB447D19B34A7D9EB1195CDD44358D8FBB328AC32BBA90CAD544B410EF9F1","[한화에어로스페이스]분기보고서_IFRS(원문XBRL)(2025.05.13).zip","AB48EDADD5F68AF28910D2CDC6F9B36027B224241468F62915873B6481D9EBA1","2","entity00126566_2025-03-31.xsd","entity00126566_2025-03-31.xsd",".xsd","653788","35272","False","True","False","False","False","False","1C8BD5289AC26E3A836553194AABFD4E9CB7D72519A4E4BF9F3947231B860464","PASS",""
"012450","한화에어로스페이스","soph_handoff_hanwha_aerospace_v1_INPUT_PACKAGE_FOR_SOPH_RECENT5.zip","5CEDB447D19B34A7D9EB1195CDD44358D8FBB328AC32BBA90CAD544B410EF9F1","[한화에어로스페이스]분기보고서_IFRS(원문XBRL)(2025.05.13).zip","AB48EDADD5F68AF28910D2CDC6F9B36027B224241468F62915873B6481D9EBA1","3","entity00126566_2025-03-31_def.xml","entity00126566_2025-03-31_def.xml",".xml","5556165","193193","False","False","False","False","False","True","0B8820C27CF896A3E315CC2F7BE547A995C62EB883DFAE06B9F6433537B38516","PASS",""
"012450","한화에어로스페이스","soph_handoff_hanwha_aerospace_v1_INPUT_PACKAGE_FOR_SOPH_RECENT5.zip","5CEDB447D19B34A7D9EB1195CDD44358D8FBB328AC32BBA90CAD544B410EF9F1","[한화에어로스페이스]분기보고서_IFRS(원문XBRL)(2025.05.13).zip","AB48EDADD5F68AF28910D2CDC6F9B36027B224241468F62915873B6481D9EBA1","4","entity00126566_2025-03-31_cal.xml","entity00126566_2025-03-31_cal.xml",".xml","161350","7285","False","False","False","False","True","False","A18C04CC67672661EB9BE46E4DAA3DEAEA39FA1B6C5AF3010C9F7CE721AD6B31","PASS",""
"012450","한화에어로스페이스","soph_handoff_hanwha_aerospace_v1_INPUT_PACKAGE_FOR_SOPH_RECENT5.zip","5CEDB447D19B34A7D9EB1195CDD44358D8FBB328AC32BBA90CAD544B410EF9F1","[한화에어로스페이스]분기보고서_IFRS(원문XBRL)(2025.05.13).zip","AB48EDADD5F68AF28910D2CDC6F9B36027B224241468F62915873B6481D9EBA1","5","entity00126566_2025-03-31_pre.xml","entity00126566_2025-03-31_pre.xml",".xml","4086687","166884","False","False","False","True","False","False","FCD2A82D8E19D8F17A8968A5CCC492530FABF6D6C7F58B277AAE8AF65B74FDB7","PASS",""
"012450","한화에어로스페이스","soph_handoff_hanwha_aerospace_v1_INPUT_PACKAGE_FOR_SOPH_RECENT5.zip","5CEDB447D19B34A7D9EB1195CDD44358D8FBB328AC32BBA90CAD544B410EF9F1","[한화에어로스페이스]분기보고서_IFRS(원문XBRL)(2025.05.13).zip","AB48EDADD5F68AF28910D2CDC6F9B36027B224241468F62915873B6481D9EBA1","6","entity00126566_2025-03-31_lab-ko.xml","entity00126566_2025-03-31_lab-ko.xml",".xml","5503329","220399","False","False","True","False","False","False","971BC1A2FEC85FD14497283BA071337BB9A37BF917D0B804B805EE07E43948F7","PASS",""
"012450","한화에어로스페이스","soph_handoff_hanwha_aerospace_v1_INPUT_PACKAGE_FOR_SOPH_RECENT5.zip","5CEDB447D19B34A7D9EB1195CDD44358D8FBB328AC32BBA90CAD544B410EF9F1","[한화에어로스페이스]분기보고서_IFRS(원문XBRL)(2025.05.13).zip","AB48EDADD5F68AF28910D2CDC6F9B36027B224241468F62915873B6481D9EBA1","7","entity00126566_2025-03-31_lab-en.xml","entity00126566_2025-03-31_lab-en.xml",".xml","5568590","207107","False","False","True","False","False","False","661BF4E63947B5D1F032608F27F252ADB47262CCEBDD6B222ACFAFF8DAE3DCD7","PASS",""
"012450","한화에어로스페이스","soph_handoff_hanwha_aerospace_v1_INPUT_PACKAGE_FOR_SOPH_RECENT5.zip","5CEDB447D19B34A7D9EB1195CDD44358D8FBB328AC32BBA90CAD544B410EF9F1","[한화에어로스페이스]분기보고서_IFRS(원문XBRL)(2025.11.13).zip","9C087F417FC655041EFFA7B0EA81144A0027783EE04DED0795959822964CAEA1","1","entity00126566_2025-09-30.xbrl","entity00126566_2025-09-30.xbrl",".xbrl","7537403","385851","True","False","False","False","False","False","9F71B9D241D76499EBDD836C3A814E7F896228CB68C1039CCAE3FFF29614381D","PASS",""
"012450","한화에어로스페이스","soph_handoff_hanwha_aerospace_v1_INPUT_PACKAGE_FOR_SOPH_RECENT5.zip","5CEDB447D19B34A7D9EB1195CDD44358D8FBB328AC32BBA90CAD544B410EF9F1","[한화에어로스페이스]분기보고서_IFRS(원문XBRL)(2025.11.13).zip","9C087F417FC655041EFFA7B0EA81144A0027783EE04DED0795959822964CAEA1","2","entity00126566_2025-09-30.xsd","entity00126566_2025-09-30.xsd",".xsd","673154","42905","False","True","False","False","False","False","00E3243EFA3ADD79063A523EA23AFE281AAEA92F0BA27BCB87CFA95FE63AF1C1","PASS",""
"012450","한화에어로스페이스","soph_handoff_hanwha_aerospace_v1_INPUT_PACKAGE_FOR_SOPH_RECENT5.zip","5CEDB447D19B34A7D9EB1195CDD44358D8FBB328AC32BBA90CAD544B410EF9F1","[한화에어로스페이스]분기보고서_IFRS(원문XBRL)(2025.11.13).zip","9C087F417FC655041EFFA7B0EA81144A0027783EE04DED0795959822964CAEA1","3","entity00126566_2025-09-30_def.xml","entity00126566_2025-09-30_def.xml",".xml","5518539","193328","False","False","False","False","False","True","A693F63AD7773C6AA9B75649DF1076A15D0717BFB1734FCAC85DBEDAF1C26252","PASS",""
"012450","한화에어로스페이스","soph_handoff_hanwha_aerospace_v1_INPUT_PACKAGE_FOR_SOPH_RECENT5.zip","5CEDB447D19B34A7D9EB1195CDD44358D8FBB328AC32BBA90CAD544B410EF9F1","[한화에어로스페이스]분기보고서_IFRS(원문XBRL)(2025.11.13).zip","9C087F417FC655041EFFA7B0EA81144A0027783EE04DED0795959822964CAEA1","4","entity00126566_2025-09-30_cal.xml","entity00126566_2025-09-30_cal.xml",".xml","177634","8199","False","False","False","False","True","False","DEF38E888C7CE8EC79FA22F815A4D297747399CF1AD202FED3A4E33509133C62","PASS",""
"012450","한화에어로스페이스","soph_handoff_hanwha_aerospace_v1_INPUT_PACKAGE_FOR_SOPH_RECENT5.zip","5CEDB447D19B34A7D9EB1195CDD44358D8FBB328AC32BBA90CAD544B410EF9F1","[한화에어로스페이스]분기보고서_IFRS(원문XBRL)(2025.11.13).zip","9C087F417FC655041EFFA7B0EA81144A0027783EE04DED0795959822964CAEA1","5","entity00126566_2025-09-30_pre.xml","entity00126566_2025-09-30_pre.xml",".xml","4077607","166865","False","False","False","True","False","False","1384D46F8FB14B279207A147B27CDDEE1EC43156CADFB9F7DA0E41FE3868339B","PASS",""
"012450","한화에어로스페이스","soph_handoff_hanwha_aerospace_v1_INPUT_PACKAGE_FOR_SOPH_RECENT5.zip","5CEDB447D19B34A7D9EB1195CDD44358D8FBB328AC32BBA90CAD544B410EF9F1","[한화에어로스페이스]분기보고서_IFRS(원문XBRL)(2025.11.13).zip","9C087F417FC655041EFFA7B0EA81144A0027783EE04DED0795959822964CAEA1","6","entity00126566_2025-09-30_lab-ko.xml","entity00126566_2025-09-30_lab-ko.xml",".xml","5898544","234806","False","False","True","False","False","False","9E1F8E9BF9684C0AE845983FCB7A368D536E5808D4E75E0494ABE61B2079D0AC","PASS",""
"012450","한화에어로스페이스","soph_handoff_hanwha_aerospace_v1_INPUT_PACKAGE_FOR_SOPH_RECENT5.zip","5CEDB447D19B34A7D9EB1195CDD44358D8FBB328AC32BBA90CAD544B410EF9F1","[한화에어로스페이스]분기보고서_IFRS(원문XBRL)(2025.11.13).zip","9C087F417FC655041EFFA7B0EA81144A0027783EE04DED0795959822964CAEA1","7","entity00126566_2025-09-30_lab-en.xml","entity00126566_2025-09-30_lab-en.xml",".xml","5975327","223157","False","False","True","False","False","False","576FE8AB14BF1A09D2838014343D5C89243D6CDB4D8C3726C0EF8AC2B2E44E00","PASS",""
"012450","한화에어로스페이스","soph_handoff_hanwha_aerospace_v1_INPUT_PACKAGE_FOR_SOPH_RECENT5.zip","5CEDB447D19B34A7D9EB1195CDD44358D8FBB328AC32BBA90CAD544B410EF9F1","[한화에어로스페이스]분기보고서_IFRS(원문XBRL)(2026.05.13).zip","F21B8A5FDD592595B7FC9CD8EB8EB0CF2935386D319FD659A66B2B37F829FA3C","1","entity00126566_2026-03-31.xbrl","entity00126566_2026-03-31.xbrl",".xbrl","6597906","329375","True","False","False","False","False","False","62C77086FD63B09BB570EBC4DA9024FFB1B0C5FB0DDC8A4C6980B8C7CCBEF958","PASS",""
"012450","한화에어로스페이스","soph_handoff_hanwha_aerospace_v1_INPUT_PACKAGE_FOR_SOPH_RECENT5.zip","5CEDB447D19B34A7D9EB1195CDD44358D8FBB328AC32BBA90CAD544B410EF9F1","[한화에어로스페이스]분기보고서_IFRS(원문XBRL)(2026.05.13).zip","F21B8A5FDD592595B7FC9CD8EB8EB0CF2935386D319FD659A66B2B37F829FA3C","2","entity00126566_2026-03-31.xsd","entity00126566_2026-03-31.xsd",".xsd","634219","40385","False","True","False","False","False","False","8E0588384315B6B5BA4FDE3FC9BA6B9081A39EDE7A55FD8229B4BCC19BEDC552","PASS",""
"012450","한화에어로스페이스","soph_handoff_hanwha_aerospace_v1_INPUT_PACKAGE_FOR_SOPH_RECENT5.zip","5CEDB447D19B34A7D9EB1195CDD44358D8FBB328AC32BBA90CAD544B410EF9F1","[한화에어로스페이스]분기보고서_IFRS(원문XBRL)(2026.05.13).zip","F21B8A5FDD592595B7FC9CD8EB8EB0CF2935386D319FD659A66B2B37F829FA3C","3","entity00126566_2026-03-31_def.xml","entity00126566_2026-03-31_def.xml",".xml","5349730","186775","False","False","False","False","False","True","FAE4AA9BABBB988A2555121EA7ABC7EF28C63266D900739640814E605D7286BD","PASS",""
"012450","한화에어로스페이스","soph_handoff_hanwha_aerospace_v1_INPUT_PACKAGE_FOR_SOPH_RECENT5.zip","5CEDB447D19B34A7D9EB1195CDD44358D8FBB328AC32BBA90CAD544B410EF9F1","[한화에어로스페이스]분기보고서_IFRS(원문XBRL)(2026.05.13).zip","F21B8A5FDD592595B7FC9CD8EB8EB0CF2935386D319FD659A66B2B37F829FA3C","4","entity00126566_2026-03-31_cal.xml","entity00126566_2026-03-31_cal.xml",".xml","164064","7498","False","False","False","False","True","False","F8B5CF81369FA9D036D88814B7CA1EAD1142FF32E729C3542F93808C3E4F1A92","PASS",""
"012450","한화에어로스페이스","soph_handoff_hanwha_aerospace_v1_INPUT_PACKAGE_FOR_SOPH_RECENT5.zip","5CEDB447D19B34A7D9EB1195CDD44358D8FBB328AC32BBA90CAD544B410EF9F1","[한화에어로스페이스]분기보고서_IFRS(원문XBRL)(2026.05.13).zip","F21B8A5FDD592595B7FC9CD8EB8EB0CF2935386D319FD659A66B2B37F829FA3C","5","entity00126566_2026-03-31_pre.xml","entity00126566_2026-03-31_pre.xml",".xml","3943976","160654","False","False","False","True","False","False","AD841DBA3AFF1191FCE25E9C099F447AF322E882D677527DA6197B4831892499","PASS",""
"012450","한화에어로스페이스","soph_handoff_hanwha_aerospace_v1_INPUT_PACKAGE_FOR_SOPH_RECENT5.zip","5CEDB447D19B34A7D9EB1195CDD44358D8FBB328AC32BBA90CAD544B410EF9F1","[한화에어로스페이스]분기보고서_IFRS(원문XBRL)(2026.05.13).zip","F21B8A5FDD592595B7FC9CD8EB8EB0CF2935386D319FD659A66B2B37F829FA3C","6","entity00126566_2026-03-31_lab-ko.xml","entity00126566_2026-03-31_lab-ko.xml",".xml","5312384","215008","False","False","True","False","False","False","11F4D767B53AD30057BAC104A9E8D591964CF253E3388F88BB0294A8961429E8","PASS",""
"012450","한화에어로스페이스","soph_handoff_hanwha_aerospace_v1_INPUT_PACKAGE_FOR_SOPH_RECENT5.zip","5CEDB447D19B34A7D9EB1195CDD44358D8FBB328AC32BBA90CAD544B410EF9F1","[한화에어로스페이스]분기보고서_IFRS(원문XBRL)(2026.05.13).zip","F21B8A5FDD592595B7FC9CD8EB8EB0CF2935386D319FD659A66B2B37F829FA3C","7","entity00126566_2026-03-31_lab-en.xml","entity00126566_2026-03-31_lab-en.xml",".xml","5377739","204008","False","False","True","False","False","False","41BAA4C889386CEF3B1C5242B87A2B63E94BFB0EF817171674A8A9D778BD5D1E","PASS",""
"012450","한화에어로스페이스","soph_handoff_hanwha_aerospace_v1_INPUT_PACKAGE_FOR_SOPH_RECENT5.zip","5CEDB447D19B34A7D9EB1195CDD44358D8FBB328AC32BBA90CAD544B410EF9F1","[한화에어로스페이스]사업보고서_IFRS(원문XBRL)(2025.03.17).zip","8F14155CF3787C9ECAB0063182DA56E8E8CEAF2BD68675B838426113C6C07DBF","1","entity00126566_2024-12-31.xbrl","entity00126566_2024-12-31.xbrl",".xbrl","7572941","340918","True","False","False","False","False","False","C43205BCBF1635BD85AE059D87DAB86F137656F0BE0B84D1931D583CE53E4A10","PASS",""
"012450","한화에어로스페이스","soph_handoff_hanwha_aerospace_v1_INPUT_PACKAGE_FOR_SOPH_RECENT5.zip","5CEDB447D19B34A7D9EB1195CDD44358D8FBB328AC32BBA90CAD544B410EF9F1","[한화에어로스페이스]사업보고서_IFRS(원문XBRL)(2025.03.17).zip","8F14155CF3787C9ECAB0063182DA56E8E8CEAF2BD68675B838426113C6C07DBF","2","entity00126566_2024-12-31.xsd","entity00126566_2024-12-31.xsd",".xsd","746490","41098","False","True","False","False","False","False","1CE3EE46FACBA1143CEC9FD80CB46A2739E6C201851B3C78F2B40EA73DC74AF3","PASS",""
"012450","한화에어로스페이스","soph_handoff_hanwha_aerospace_v1_INPUT_PACKAGE_FOR_SOPH_RECENT5.zip","5CEDB447D19B34A7D9EB1195CDD44358D8FBB328AC32BBA90CAD544B410EF9F1","[한화에어로스페이스]사업보고서_IFRS(원문XBRL)(2025.03.17).zip","8F14155CF3787C9ECAB0063182DA56E8E8CEAF2BD68675B838426113C6C07DBF","3","entity00126566_2024-12-31_def.xml","entity00126566_2024-12-31_def.xml",".xml","6147662","216414","False","False","False","False","False","True","BECFED730A450544F5FD729D81B8186358F5B445FB8F080D54ABCE5FA40C8D76","PASS",""
"012450","한화에어로스페이스","soph_handoff_hanwha_aerospace_v1_INPUT_PACKAGE_FOR_SOPH_RECENT5.zip","5CEDB447D19B34A7D9EB1195CDD44358D8FBB328AC32BBA90CAD544B410EF9F1","[한화에어로스페이스]사업보고서_IFRS(원문XBRL)(2025.03.17).zip","8F14155CF3787C9ECAB0063182DA56E8E8CEAF2BD68675B838426113C6C07DBF","4","entity00126566_2024-12-31_cal.xml","entity00126566_2024-12-31_cal.xml",".xml","183569","8196","False","False","False","False","True","False","FC1CD23CA744AB0AFB7D196741C449786D6A2CB76DBC156788696DA37ED421FD","PASS",""
"012450","한화에어로스페이스","soph_handoff_hanwha_aerospace_v1_INPUT_PACKAGE_FOR_SOPH_RECENT5.zip","5CEDB447D19B34A7D9EB1195CDD44358D8FBB328AC32BBA90CAD544B410EF9F1","[한화에어로스페이스]사업보고서_IFRS(원문XBRL)(2025.03.17).zip","8F14155CF3787C9ECAB0063182DA56E8E8CEAF2BD68675B838426113C6C07DBF","5","entity00126566_2024-12-31_pre.xml","entity00126566_2024-12-31_pre.xml",".xml","4621276","189432","False","False","False","True","False","False","5F74B1C27A94E9F4708F6FDF98C6ADD92071F9EA9D317ABE12A55A63FF9CE3EB","PASS",""
"012450","한화에어로스페이스","soph_handoff_hanwha_aerospace_v1_INPUT_PACKAGE_FOR_SOPH_RECENT5.zip","5CEDB447D19B34A7D9EB1195CDD44358D8FBB328AC32BBA90CAD544B410EF9F1","[한화에어로스페이스]사업보고서_IFRS(원문XBRL)(2025.03.17).zip","8F14155CF3787C9ECAB0063182DA56E8E8CEAF2BD68675B838426113C6C07DBF","6","entity00126566_2024-12-31_lab-ko.xml","entity00126566_2024-12-31_lab-ko.xml",".xml","6137842","254230","False","False","True","False","False","False","FF0A06E8A86DD0F9CFD89197B63B11F92909BAD213267F51AD947D209589BAA7","PASS",""
"012450","한화에어로스페이스","soph_handoff_hanwha_aerospace_v1_INPUT_PACKAGE_FOR_SOPH_RECENT5.zip","5CEDB447D19B34A7D9EB1195CDD44358D8FBB328AC32BBA90CAD544B410EF9F1","[한화에어로스페이스]사업보고서_IFRS(원문XBRL)(2025.03.17).zip","8F14155CF3787C9ECAB0063182DA56E8E8CEAF2BD68675B838426113C6C07DBF","7","entity00126566_2024-12-31_lab-en.xml","entity00126566_2024-12-31_lab-en.xml",".xml","6201529","238631","False","False","True","False","False","False","2095DBB7754477178EDF25F95E65E981A6205D88827F148B7D1757453AD81C89","PASS",""
"298040","효성중공업","soph_handoff_hyosung_heavy_industries_v1_INPUT_PACKAGE_FOR_SOPH.zip","DA164B4FC1B618C121C52F3A8F717BE4B46A9B6AB237F955521DCBE2BE9E4CD6","[효성중공업][정정]분기보고서_IFRS(원문XBRL)(2022.07.27).zip","882D588EB0723790E4B225BFFE3FBC5FC6D5BA74A1E9EEB963C990E35399B8D7","1","01316245_2018-08-13.xbrl","01316245_2018-08-13.xbrl",".xbrl","217799","11277","True","False","False","False","False","False","09EF09419F50408C1FABE412488CE6F3A02A3715EB33AF5640E4B68C5900E716","PASS",""
"298040","효성중공업","soph_handoff_hyosung_heavy_industries_v1_INPUT_PACKAGE_FOR_SOPH.zip","DA164B4FC1B618C121C52F3A8F717BE4B46A9B6AB237F955521DCBE2BE9E4CD6","[효성중공업][정정]분기보고서_IFRS(원문XBRL)(2022.07.27).zip","882D588EB0723790E4B225BFFE3FBC5FC6D5BA74A1E9EEB963C990E35399B8D7","2","01316245_entry_point_2018-08-13.xsd","01316245_entry_point_2018-08-13.xsd",".xsd","21108","1828","False","True","False","False","False","False","B7F3B363B79D5CE01562B8C1F8708B7D732698394D0202105BE5A36EBAF10F52","PASS",""
"298040","효성중공업","soph_handoff_hyosung_heavy_industries_v1_INPUT_PACKAGE_FOR_SOPH.zip","DA164B4FC1B618C121C52F3A8F717BE4B46A9B6AB237F955521DCBE2BE9E4CD6","[효성중공업][정정]분기보고서_IFRS(원문XBRL)(2022.07.27).zip","882D588EB0723790E4B225BFFE3FBC5FC6D5BA74A1E9EEB963C990E35399B8D7","3","ifrs_for_01316245/dimensions_ifrs_for_01316245/dim_ifrs_for_01316245_2018-08-13.xml","dim_ifrs_for_01316245_2018-08-13.xml",".xml","1450712","62482","True","False","False","False","False","False","B7EF5DCE35649D57A51CD07501BBC5C8B3009DF54F8DA9FA53E9F021918EAA13","PASS",""
"298040","효성중공업","soph_handoff_hyosung_heavy_industries_v1_INPUT_PACKAGE_FOR_SOPH.zip","DA164B4FC1B618C121C52F3A8F717BE4B46A9B6AB237F955521DCBE2BE9E4CD6","[효성중공업][정정]분기보고서_IFRS(원문XBRL)(2022.07.27).zip","882D588EB0723790E4B225BFFE3FBC5FC6D5BA74A1E9EEB963C990E35399B8D7","4","ifrs_for_01316245/dimensions_ifrs_for_01316245/cal_ifrs_for_01316245_2018-08-13.xml","cal_ifrs_for_01316245_2018-08-13.xml",".xml","1444465","60964","True","False","False","False","False","False","AB43C8BE48C6F601106810982BF6BBA0AEE8F4DCB8C22B564B4DE2F7315DB2C6","PASS",""
"298040","효성중공업","soph_handoff_hyosung_heavy_industries_v1_INPUT_PACKAGE_FOR_SOPH.zip","DA164B4FC1B618C121C52F3A8F717BE4B46A9B6AB237F955521DCBE2BE9E4CD6","[효성중공업][정정]분기보고서_IFRS(원문XBRL)(2022.07.27).zip","882D588EB0723790E4B225BFFE3FBC5FC6D5BA74A1E9EEB963C990E35399B8D7","5","ifrs_for_01316245/dimensions_ifrs_for_01316245/pre_ifrs_for_01316245_2018-08-13.xml","pre_ifrs_for_01316245_2018-08-13.xml",".xml","1479486","63334","True","False","False","False","False","False","2DB8A25F6752C746E843F523B1E35EE3303C2C5734CFBBA1503B26A0EC71901A","PASS",""
"298040","효성중공업","soph_handoff_hyosung_heavy_industries_v1_INPUT_PACKAGE_FOR_SOPH.zip","DA164B4FC1B618C121C52F3A8F717BE4B46A9B6AB237F955521DCBE2BE9E4CD6","[효성중공업][정정]분기보고서_IFRS(원문XBRL)(2022.07.27).zip","882D588EB0723790E4B225BFFE3FBC5FC6D5BA74A1E9EEB963C990E35399B8D7","6","ifrs_for_01316245/dimensions_ifrs_for_01316245/role_ifrs_for_01316245-dim_2018-08-13.xsd","role_ifrs_for_01316245-dim_2018-08-13.xsd",".xsd","649","311","False","True","False","False","False","False","A8401A74F78D9E5DF87AAD861634B61B3A47B8F6A198AAA6358EFF732A5442F5","PASS",""
"298040","효성중공업","soph_handoff_hyosung_heavy_industries_v1_INPUT_PACKAGE_FOR_SOPH.zip","DA164B4FC1B618C121C52F3A8F717BE4B46A9B6AB237F955521DCBE2BE9E4CD6","[효성중공업][정정]분기보고서_IFRS(원문XBRL)(2022.07.27).zip","882D588EB0723790E4B225BFFE3FBC5FC6D5BA74A1E9EEB963C990E35399B8D7","7","labels/lab_01316245-ko_2018-08-13.xml","lab_01316245-ko_2018-08-13.xml",".xml","117761","6148","True","False","False","False","False","False","F9757734F47FF5D2F0C0AC740641395CA6E30651700510DFFAF064489737725A","PASS",""
"298040","효성중공업","soph_handoff_hyosung_heavy_industries_v1_INPUT_PACKAGE_FOR_SOPH.zip","DA164B4FC1B618C121C52F3A8F717BE4B46A9B6AB237F955521DCBE2BE9E4CD6","[효성중공업][정정]분기보고서_IFRS(원문XBRL)(2022.07.27).zip","882D588EB0723790E4B225BFFE3FBC5FC6D5BA74A1E9EEB963C990E35399B8D7","8","labels/lab_01316245-en_2018-08-13.xml","lab_01316245-en_2018-08-13.xml",".xml","90367","4498","True","False","False","False","False","False","16F9C175C183E92A51EE6786E4A609E80B617AD1EE47B5826970F9ABE88EBA20","PASS",""
"298040","효성중공업","soph_handoff_hyosung_heavy_industries_v1_INPUT_PACKAGE_FOR_SOPH.zip","DA164B4FC1B618C121C52F3A8F717BE4B46A9B6AB237F955521DCBE2BE9E4CD6","[효성중공업][정정]분기보고서_IFRS(원문XBRL)(2024.05.17).zip","A7FD625D0CF6C075FD92CA1E47A9C793C0A633D9F02460AAF61AE898EF90438D","1","entity01316245_2024-03-31.xbrl","entity01316245_2024-03-31.xbrl",".xbrl","5944439","243195","True","False","False","False","False","False","E2696A8CD70E48484AADBA48BE31EE68E7DBD246D6E65DB8B0E035BF419AB2FC","PASS",""
"298040","효성중공업","soph_handoff_hyosung_heavy_industries_v1_INPUT_PACKAGE_FOR_SOPH.zip","DA164B4FC1B618C121C52F3A8F717BE4B46A9B6AB237F955521DCBE2BE9E4CD6","[효성중공업][정정]분기보고서_IFRS(원문XBRL)(2024.05.17).zip","A7FD625D0CF6C075FD92CA1E47A9C793C0A633D9F02460AAF61AE898EF90438D","2","entity01316245_2024-03-31.xsd","entity01316245_2024-03-31.xsd",".xsd","421885","25550","False","True","False","False","False","False","8BCADFCBDF1CD261E515C43A719FBF697953BF490FBE9291F0978D9BF34CAEC0","PASS",""
"298040","효성중공업","soph_handoff_hyosung_heavy_industries_v1_INPUT_PACKAGE_FOR_SOPH.zip","DA164B4FC1B618C121C52F3A8F717BE4B46A9B6AB237F955521DCBE2BE9E4CD6","[효성중공업][정정]분기보고서_IFRS(원문XBRL)(2024.05.17).zip","A7FD625D0CF6C075FD92CA1E47A9C793C0A633D9F02460AAF61AE898EF90438D","3","entity01316245_2024-03-31_def.xml","entity01316245_2024-03-31_def.xml",".xml","3692210","130454","False","False","False","False","False","True","CADACE24FAA2D5D4330322F44C819D6C75B98BACE53DC6250D504AEAD926016B","PASS",""
"298040","효성중공업","soph_handoff_hyosung_heavy_industries_v1_INPUT_PACKAGE_FOR_SOPH.zip","DA164B4FC1B618C121C52F3A8F717BE4B46A9B6AB237F955521DCBE2BE9E4CD6","[효성중공업][정정]분기보고서_IFRS(원문XBRL)(2024.05.17).zip","A7FD625D0CF6C075FD92CA1E47A9C793C0A633D9F02460AAF61AE898EF90438D","4","entity01316245_2024-03-31_cal.xml","entity01316245_2024-03-31_cal.xml",".xml","147647","6101","False","False","False","False","True","False","2C76EA88D2A42747C3B2E53F62880A831486673185F0DCC0C4E213C0C9692C55","PASS",""
"298040","효성중공업","soph_handoff_hyosung_heavy_industries_v1_INPUT_PACKAGE_FOR_SOPH.zip","DA164B4FC1B618C121C52F3A8F717BE4B46A9B6AB237F955521DCBE2BE9E4CD6","[효성중공업][정정]분기보고서_IFRS(원문XBRL)(2024.05.17).zip","A7FD625D0CF6C075FD92CA1E47A9C793C0A633D9F02460AAF61AE898EF90438D","5","entity01316245_2024-03-31_pre.xml","entity01316245_2024-03-31_pre.xml",".xml","2690974","112282","False","False","False","True","False","False","EC9CB34F8DA1AF731CBA04162BA8677B89F224810749BFD25F559443F4E4E866","PASS",""
"298040","효성중공업","soph_handoff_hyosung_heavy_industries_v1_INPUT_PACKAGE_FOR_SOPH.zip","DA164B4FC1B618C121C52F3A8F717BE4B46A9B6AB237F955521DCBE2BE9E4CD6","[효성중공업][정정]분기보고서_IFRS(원문XBRL)(2024.05.17).zip","A7FD625D0CF6C075FD92CA1E47A9C793C0A633D9F02460AAF61AE898EF90438D","6","entity01316245_2024-03-31_lab-ko.xml","entity01316245_2024-03-31_lab-ko.xml",".xml","3446971","144965","False","False","True","False","False","False","CD778A74EB8682DBC7D03843C3421E1141C2273F85F20703FBC796340D7A5036","PASS",""
"298040","효성중공업","soph_handoff_hyosung_heavy_industries_v1_INPUT_PACKAGE_FOR_SOPH.zip","DA164B4FC1B618C121C52F3A8F717BE4B46A9B6AB237F955521DCBE2BE9E4CD6","[효성중공업][정정]분기보고서_IFRS(원문XBRL)(2024.05.17).zip","A7FD625D0CF6C075FD92CA1E47A9C793C0A633D9F02460AAF61AE898EF90438D","7","entity01316245_2024-03-31_lab-en.xml","entity01316245_2024-03-31_lab-en.xml",".xml","3482462","136246","False","False","True","False","False","False","F2538727EB57E7E868F1B6F850DB4E836655C425BA0DAE27D836F5F2441212D7","PASS",""
"298040","효성중공업","soph_handoff_hyosung_heavy_industries_v1_INPUT_PACKAGE_FOR_SOPH.zip","DA164B4FC1B618C121C52F3A8F717BE4B46A9B6AB237F955521DCBE2BE9E4CD6","[효성중공업][정정]사업보고서_IFRS(원문XBRL)(2022.07.27).zip","515198064744453AB376D2F58AE664098B29E8B8A2A9ED414D894CC0D2C63D8F","1","01316245_2018-08-13.xbrl","01316245_2018-08-13.xbrl",".xbrl","282481","14479","True","False","False","False","False","False","5DBF4BA1F9F7D157E7014C2B3AF4AC4AED3E5BDF32AF0AA95D8465C1E298F6FA","PASS",""
"298040","효성중공업","soph_handoff_hyosung_heavy_industries_v1_INPUT_PACKAGE_FOR_SOPH.zip","DA164B4FC1B618C121C52F3A8F717BE4B46A9B6AB237F955521DCBE2BE9E4CD6","[효성중공업][정정]사업보고서_IFRS(원문XBRL)(2022.07.27).zip","515198064744453AB376D2F58AE664098B29E8B8A2A9ED414D894CC0D2C63D8F","2","01316245_entry_point_2018-08-13.xsd","01316245_entry_point_2018-08-13.xsd",".xsd","29229","2176","False","True","False","False","False","False","C7FBFAE42D282663B91C4AF32FDF9CBF942A6558F047874C1A904C29B7606C55","PASS",""
"298040","효성중공업","soph_handoff_hyosung_heavy_industries_v1_INPUT_PACKAGE_FOR_SOPH.zip","DA164B4FC1B618C121C52F3A8F717BE4B46A9B6AB237F955521DCBE2BE9E4CD6","[효성중공업][정정]사업보고서_IFRS(원문XBRL)(2022.07.27).zip","515198064744453AB376D2F58AE664098B29E8B8A2A9ED414D894CC0D2C63D8F","3","ifrs_for_01316245/dimensions_ifrs_for_01316245/dim_ifrs_for_01316245_2018-08-13.xml","dim_ifrs_for_01316245_2018-08-13.xml",".xml","1463900","63112","True","False","False","False","False","False","D37A7AC5F9B27DF8E71D67514CC604BCFA4E786C112AB5DD3918E8D3862D5C77","PASS",""
"298040","효성중공업","soph_handoff_hyosung_heavy_industries_v1_INPUT_PACKAGE_FOR_SOPH.zip","DA164B4FC1B618C121C52F3A8F717BE4B46A9B6AB237F955521DCBE2BE9E4CD6","[효성중공업][정정]사업보고서_IFRS(원문XBRL)(2022.07.27).zip","515198064744453AB376D2F58AE664098B29E8B8A2A9ED414D894CC0D2C63D8F","4","ifrs_for_01316245/dimensions_ifrs_for_01316245/cal_ifrs_for_01316245_2018-08-13.xml","cal_ifrs_for_01316245_2018-08-13.xml",".xml","1459944","61802","True","False","False","False","False","False","9B319D0425E2919F314590462D77BF687112D075C9F31E81A1F2E01C7E3E1530","PASS",""
"298040","효성중공업","soph_handoff_hyosung_heavy_industries_v1_INPUT_PACKAGE_FOR_SOPH.zip","DA164B4FC1B618C121C52F3A8F717BE4B46A9B6AB237F955521DCBE2BE9E4CD6","[효성중공업][정정]사업보고서_IFRS(원문XBRL)(2022.07.27).zip","515198064744453AB376D2F58AE664098B29E8B8A2A9ED414D894CC0D2C63D8F","5","ifrs_for_01316245/dimensions_ifrs_for_01316245/pre_ifrs_for_01316245_2018-08-13.xml","pre_ifrs_for_01316245_2018-08-13.xml",".xml","1492338","64008","True","False","False","False","False","False","68CBB312EA00B14BD38EEE43A113E1B0CDC69291E95E8E1F17DF65A96682A6DD","PASS",""
"298040","효성중공업","soph_handoff_hyosung_heavy_industries_v1_INPUT_PACKAGE_FOR_SOPH.zip","DA164B4FC1B618C121C52F3A8F717BE4B46A9B6AB237F955521DCBE2BE9E4CD6","[효성중공업][정정]사업보고서_IFRS(원문XBRL)(2022.07.27).zip","515198064744453AB376D2F58AE664098B29E8B8A2A9ED414D894CC0D2C63D8F","6","ifrs_for_01316245/dimensions_ifrs_for_01316245/role_ifrs_for_01316245-dim_2018-08-13.xsd","role_ifrs_for_01316245-dim_2018-08-13.xsd",".xsd","649","311","False","True","False","False","False","False","A8401A74F78D9E5DF87AAD861634B61B3A47B8F6A198AAA6358EFF732A5442F5","PASS",""
"298040","효성중공업","soph_handoff_hyosung_heavy_industries_v1_INPUT_PACKAGE_FOR_SOPH.zip","DA164B4FC1B618C121C52F3A8F717BE4B46A9B6AB237F955521DCBE2BE9E4CD6","[효성중공업][정정]사업보고서_IFRS(원문XBRL)(2022.07.27).zip","515198064744453AB376D2F58AE664098B29E8B8A2A9ED414D894CC0D2C63D8F","7","labels/lab_01316245-ko_2018-08-13.xml","lab_01316245-ko_2018-08-13.xml",".xml","152293","7617","True","False","False","False","False","False","65C5FACFB9EFF0F033B1F54F2ECFDF1B23A7224AC5EFD6D4E1EA901797A2D364","PASS",""
"298040","효성중공업","soph_handoff_hyosung_heavy_industries_v1_INPUT_PACKAGE_FOR_SOPH.zip","DA164B4FC1B618C121C52F3A8F717BE4B46A9B6AB237F955521DCBE2BE9E4CD6","[효성중공업][정정]사업보고서_IFRS(원문XBRL)(2022.07.27).zip","515198064744453AB376D2F58AE664098B29E8B8A2A9ED414D894CC0D2C63D8F","8","labels/lab_01316245-en_2018-08-13.xml","lab_01316245-en_2018-08-13.xml",".xml","126539","5884","True","False","False","False","False","False","2ED294E19555BF6D5C91949B99D1C2A740B7DDB9D8FEAA4E7E1C983312A31E4C","PASS",""
"298040","효성중공업","soph_handoff_hyosung_heavy_industries_v1_INPUT_PACKAGE_FOR_SOPH.zip","DA164B4FC1B618C121C52F3A8F717BE4B46A9B6AB237F955521DCBE2BE9E4CD6","[효성중공업][정정]사업보고서_IFRS(원문XBRL)(2023.03.09).zip","79BD4961E038371D23300E411C9E4FA839EDE9B4BAE5738E1072AA4BC172AD01","1","01316245_2018-08-13.xbrl","01316245_2018-08-13.xbrl",".xbrl","283981","14488","True","False","False","False","False","False","BEB07693D7E458D809688C4443F0346F84821EC754802B431951A3B23E13A2AB","PASS",""
"298040","효성중공업","soph_handoff_hyosung_heavy_industries_v1_INPUT_PACKAGE_FOR_SOPH.zip","DA164B4FC1B618C121C52F3A8F717BE4B46A9B6AB237F955521DCBE2BE9E4CD6","[효성중공업][정정]사업보고서_IFRS(원문XBRL)(2023.03.09).zip","79BD4961E038371D23300E411C9E4FA839EDE9B4BAE5738E1072AA4BC172AD01","2","01316245_entry_point_2018-08-13.xsd","01316245_entry_point_2018-08-13.xsd",".xsd","28550","2161","False","True","False","False","False","False","DC573355AE3E24A89164182530532D4D6B53A35B68DC7BB633F1E583F5B78D87","PASS",""
"298040","효성중공업","soph_handoff_hyosung_heavy_industries_v1_INPUT_PACKAGE_FOR_SOPH.zip","DA164B4FC1B618C121C52F3A8F717BE4B46A9B6AB237F955521DCBE2BE9E4CD6","[효성중공업][정정]사업보고서_IFRS(원문XBRL)(2023.03.09).zip","79BD4961E038371D23300E411C9E4FA839EDE9B4BAE5738E1072AA4BC172AD01","3","ifrs_for_01316245/dimensions_ifrs_for_01316245/dim_ifrs_for_01316245_2018-08-13.xml","dim_ifrs_for_01316245_2018-08-13.xml",".xml","1464852","63254","True","False","False","False","False","False","DB95A882707146498D3DF31FA840300DAEEF2C8E4FB116B111E664FD69789011","PASS",""
"298040","효성중공업","soph_handoff_hyosung_heavy_industries_v1_INPUT_PACKAGE_FOR_SOPH.zip","DA164B4FC1B618C121C52F3A8F717BE4B46A9B6AB237F955521DCBE2BE9E4CD6","[효성중공업][정정]사업보고서_IFRS(원문XBRL)(2023.03.09).zip","79BD4961E038371D23300E411C9E4FA839EDE9B4BAE5738E1072AA4BC172AD01","4","ifrs_for_01316245/dimensions_ifrs_for_01316245/cal_ifrs_for_01316245_2018-08-13.xml","cal_ifrs_for_01316245_2018-08-13.xml",".xml","1457493","61725","True","False","False","False","False","False","E2F5BEE926BD02BC8A8A7A6FB77FC26D34D8651914063777536EBF54DDFF64A1","PASS",""
"298040","효성중공업","soph_handoff_hyosung_heavy_industries_v1_INPUT_PACKAGE_FOR_SOPH.zip","DA164B4FC1B618C121C52F3A8F717BE4B46A9B6AB237F955521DCBE2BE9E4CD6","[효성중공업][정정]사업보고서_IFRS(원문XBRL)(2023.03.09).zip","79BD4961E038371D23300E411C9E4FA839EDE9B4BAE5738E1072AA4BC172AD01","5","ifrs_for_01316245/dimensions_ifrs_for_01316245/pre_ifrs_for_01316245_2018-08-13.xml","pre_ifrs_for_01316245_2018-08-13.xml",".xml","1493320","64129","True","False","False","False","False","False","DC6DBA37ED9FA599E351E87F53EAB1C882F9B0997947F744517A967FA0282273","PASS",""
"298040","효성중공업","soph_handoff_hyosung_heavy_industries_v1_INPUT_PACKAGE_FOR_SOPH.zip","DA164B4FC1B618C121C52F3A8F717BE4B46A9B6AB237F955521DCBE2BE9E4CD6","[효성중공업][정정]사업보고서_IFRS(원문XBRL)(2023.03.09).zip","79BD4961E038371D23300E411C9E4FA839EDE9B4BAE5738E1072AA4BC172AD01","6","ifrs_for_01316245/dimensions_ifrs_for_01316245/role_ifrs_for_01316245-dim_2018-08-13.xsd","role_ifrs_for_01316245-dim_2018-08-13.xsd",".xsd","649","311","False","True","False","False","False","False","A8401A74F78D9E5DF87AAD861634B61B3A47B8F6A198AAA6358EFF732A5442F5","PASS",""
"298040","효성중공업","soph_handoff_hyosung_heavy_industries_v1_INPUT_PACKAGE_FOR_SOPH.zip","DA164B4FC1B618C121C52F3A8F717BE4B46A9B6AB237F955521DCBE2BE9E4CD6","[효성중공업][정정]사업보고서_IFRS(원문XBRL)(2023.03.09).zip","79BD4961E038371D23300E411C9E4FA839EDE9B4BAE5738E1072AA4BC172AD01","7","labels/lab_01316245-ko_2018-08-13.xml","lab_01316245-ko_2018-08-13.xml",".xml","149034","7505","True","False","False","False","False","False","AA581009E763E36E1D888661B3BC98664BD3FE304F57D16C950BB8C52717606D","PASS",""
"298040","효성중공업","soph_handoff_hyosung_heavy_industries_v1_INPUT_PACKAGE_FOR_SOPH.zip","DA164B4FC1B618C121C52F3A8F717BE4B46A9B6AB237F955521DCBE2BE9E4CD6","[효성중공업][정정]사업보고서_IFRS(원문XBRL)(2023.03.09).zip","79BD4961E038371D23300E411C9E4FA839EDE9B4BAE5738E1072AA4BC172AD01","8","labels/lab_01316245-en_2018-08-13.xml","lab_01316245-en_2018-08-13.xml",".xml","123203","5789","True","False","False","False","False","False","DF2BDA60739D7DB98B1F4B8B3B66E80332343A3F9EBD5F4C7D7A837A9A7500BB","PASS",""
"298040","효성중공업","soph_handoff_hyosung_heavy_industries_v1_INPUT_PACKAGE_FOR_SOPH.zip","DA164B4FC1B618C121C52F3A8F717BE4B46A9B6AB237F955521DCBE2BE9E4CD6","[효성중공업][정정]사업보고서_IFRS(원문XBRL)(2024.03.15).zip","DDF162B8587747EEB449503710DE5DEC96667F74C6A78C7D900AACD5CF41B1F3","1","entity01316245_2023-12-31.xbrl","entity01316245_2023-12-31.xbrl",".xbrl","8293217","377338","True","False","False","False","False","False","EDFC26DB861322231F125DD80FE69D9A154A3055D56FC0BCBB02406C215FDE73","PASS",""
"298040","효성중공업","soph_handoff_hyosung_heavy_industries_v1_INPUT_PACKAGE_FOR_SOPH.zip","DA164B4FC1B618C121C52F3A8F717BE4B46A9B6AB237F955521DCBE2BE9E4CD6","[효성중공업][정정]사업보고서_IFRS(원문XBRL)(2024.03.15).zip","DDF162B8587747EEB449503710DE5DEC96667F74C6A78C7D900AACD5CF41B1F3","2","entity01316245_2023-12-31.xsd","entity01316245_2023-12-31.xsd",".xsd","580458","35252","False","True","False","False","False","False","99EDC6BB228A07D93CA0E12F29A3D618018D21F86EFD44D6B2A940E435074DB1","PASS",""
"298040","효성중공업","soph_handoff_hyosung_heavy_industries_v1_INPUT_PACKAGE_FOR_SOPH.zip","DA164B4FC1B618C121C52F3A8F717BE4B46A9B6AB237F955521DCBE2BE9E4CD6","[효성중공업][정정]사업보고서_IFRS(원문XBRL)(2024.03.15).zip","DDF162B8587747EEB449503710DE5DEC96667F74C6A78C7D900AACD5CF41B1F3","3","entity01316245_2023-12-31_def.xml","entity01316245_2023-12-31_def.xml",".xml","5866137","208068","False","False","False","False","False","True","2C7BAF5190EE15541500C0B119E22605BC54351A89BEB90352857EE14CD73104","PASS",""
"298040","효성중공업","soph_handoff_hyosung_heavy_industries_v1_INPUT_PACKAGE_FOR_SOPH.zip","DA164B4FC1B618C121C52F3A8F717BE4B46A9B6AB237F955521DCBE2BE9E4CD6","[효성중공업][정정]사업보고서_IFRS(원문XBRL)(2024.03.15).zip","DDF162B8587747EEB449503710DE5DEC96667F74C6A78C7D900AACD5CF41B1F3","4","entity01316245_2023-12-31_cal.xml","entity01316245_2023-12-31_cal.xml",".xml","168295","7334","False","False","False","False","True","False","3AE52BA0DDA0D9E9D6D56F0BDD5F64578406D38F87FB3274BB7398F89B52FCB4","PASS",""
"298040","효성중공업","soph_handoff_hyosung_heavy_industries_v1_INPUT_PACKAGE_FOR_SOPH.zip","DA164B4FC1B618C121C52F3A8F717BE4B46A9B6AB237F955521DCBE2BE9E4CD6","[효성중공업][정정]사업보고서_IFRS(원문XBRL)(2024.03.15).zip","DDF162B8587747EEB449503710DE5DEC96667F74C6A78C7D900AACD5CF41B1F3","5","entity01316245_2023-12-31_pre.xml","entity01316245_2023-12-31_pre.xml",".xml","4171478","176038","False","False","False","True","False","False","D8B6FAF0BDD7D0A0FAC4B74C2896287336BB04B91D77D64B163405C06502D501","PASS",""
"298040","효성중공업","soph_handoff_hyosung_heavy_industries_v1_INPUT_PACKAGE_FOR_SOPH.zip","DA164B4FC1B618C121C52F3A8F717BE4B46A9B6AB237F955521DCBE2BE9E4CD6","[효성중공업][정정]사업보고서_IFRS(원문XBRL)(2024.03.15).zip","DDF162B8587747EEB449503710DE5DEC96667F74C6A78C7D900AACD5CF41B1F3","6","entity01316245_2023-12-31_lab-ko.xml","entity01316245_2023-12-31_lab-ko.xml",".xml","4874775","204530","False","False","True","False","False","False","CB3DF9A004BF3DA055D673EA194C0E93117CE44D38B72CDD97B3BD80E0FD6A9B","PASS",""
"298040","효성중공업","soph_handoff_hyosung_heavy_industries_v1_INPUT_PACKAGE_FOR_SOPH.zip","DA164B4FC1B618C121C52F3A8F717BE4B46A9B6AB237F955521DCBE2BE9E4CD6","[효성중공업][정정]사업보고서_IFRS(원문XBRL)(2024.03.15).zip","DDF162B8587747EEB449503710DE5DEC96667F74C6A78C7D900AACD5CF41B1F3","7","entity01316245_2023-12-31_lab-en.xml","entity01316245_2023-12-31_lab-en.xml",".xml","4925502","193224","False","False","True","False","False","False","9B341BBE7A41688BF508BE4CEC55E14DB44FB328C3236F8D48028CD7926A7EEB","PASS",""
"298040","효성중공업","soph_handoff_hyosung_heavy_industries_v1_INPUT_PACKAGE_FOR_SOPH.zip","DA164B4FC1B618C121C52F3A8F717BE4B46A9B6AB237F955521DCBE2BE9E4CD6","[효성중공업][정정]사업보고서_IFRS(원문XBRL)(2025.08.14).zip","762D7F048F5A70B6DA8FF65566115D9C7ABEA6CACD01BA9933334D4D83594ADE","1","entity01316245_2024-12-31.xbrl","entity01316245_2024-12-31.xbrl",".xbrl","8635846","395913","True","False","False","False","False","False","68433710F4E2C5FD93B3768AB9E47BA59C5067825076B1D50CB6F56826967E9A","PASS",""
"298040","효성중공업","soph_handoff_hyosung_heavy_industries_v1_INPUT_PACKAGE_FOR_SOPH.zip","DA164B4FC1B618C121C52F3A8F717BE4B46A9B6AB237F955521DCBE2BE9E4CD6","[효성중공업][정정]사업보고서_IFRS(원문XBRL)(2025.08.14).zip","762D7F048F5A70B6DA8FF65566115D9C7ABEA6CACD01BA9933334D4D83594ADE","2","entity01316245_2024-12-31.xsd","entity01316245_2024-12-31.xsd",".xsd","621023","37685","False","True","False","False","False","False","E5F03435D2314EA01288673CF639A01D353064317C6638184642726C13B7AC6C","PASS",""
"298040","효성중공업","soph_handoff_hyosung_heavy_industries_v1_INPUT_PACKAGE_FOR_SOPH.zip","DA164B4FC1B618C121C52F3A8F717BE4B46A9B6AB237F955521DCBE2BE9E4CD6","[효성중공업][정정]사업보고서_IFRS(원문XBRL)(2025.08.14).zip","762D7F048F5A70B6DA8FF65566115D9C7ABEA6CACD01BA9933334D4D83594ADE","3","entity01316245_2024-12-31_def.xml","entity01316245_2024-12-31_def.xml",".xml","6055641","202122","False","False","False","False","False","True","590DB7390D23812C3BF00A3E2AF0F7B45E9AE1B3528331D36E4F48F19195EAFF","PASS",""
"298040","효성중공업","soph_handoff_hyosung_heavy_industries_v1_INPUT_PACKAGE_FOR_SOPH.zip","DA164B4FC1B618C121C52F3A8F717BE4B46A9B6AB237F955521DCBE2BE9E4CD6","[효성중공업][정정]사업보고서_IFRS(원문XBRL)(2025.08.14).zip","762D7F048F5A70B6DA8FF65566115D9C7ABEA6CACD01BA9933334D4D83594ADE","4","entity01316245_2024-12-31_cal.xml","entity01316245_2024-12-31_cal.xml",".xml","174234","7609","False","False","False","False","True","False","656CCF306B4EAA25FEB57E6BEB1FA1B7C2D28E7707923FEB48FC10944C0024D7","PASS",""
"298040","효성중공업","soph_handoff_hyosung_heavy_industries_v1_INPUT_PACKAGE_FOR_SOPH.zip","DA164B4FC1B618C121C52F3A8F717BE4B46A9B6AB237F955521DCBE2BE9E4CD6","[효성중공업][정정]사업보고서_IFRS(원문XBRL)(2025.08.14).zip","762D7F048F5A70B6DA8FF65566115D9C7ABEA6CACD01BA9933334D4D83594ADE","5","entity01316245_2024-12-31_pre.xml","entity01316245_2024-12-31_pre.xml",".xml","4316474","175022","False","False","False","True","False","False","30BEDF3AA848D76622D8BF02DC2D154C6C672E9E02BB619CA6DA2C5DEBE263FB","PASS",""
"298040","효성중공업","soph_handoff_hyosung_heavy_industries_v1_INPUT_PACKAGE_FOR_SOPH.zip","DA164B4FC1B618C121C52F3A8F717BE4B46A9B6AB237F955521DCBE2BE9E4CD6","[효성중공업][정정]사업보고서_IFRS(원문XBRL)(2025.08.14).zip","762D7F048F5A70B6DA8FF65566115D9C7ABEA6CACD01BA9933334D4D83594ADE","6","entity01316245_2024-12-31_lab-ko.xml","entity01316245_2024-12-31_lab-ko.xml",".xml","5331963","221807","False","False","True","False","False","False","4866B14CA0998EF16A1797BF7288733A15921714005EA7E58402855769D99DAA","PASS",""
"298040","효성중공업","soph_handoff_hyosung_heavy_industries_v1_INPUT_PACKAGE_FOR_SOPH.zip","DA164B4FC1B618C121C52F3A8F717BE4B46A9B6AB237F955521DCBE2BE9E4CD6","[효성중공업][정정]사업보고서_IFRS(원문XBRL)(2025.08.14).zip","762D7F048F5A70B6DA8FF65566115D9C7ABEA6CACD01BA9933334D4D83594ADE","7","entity01316245_2024-12-31_lab-en.xml","entity01316245_2024-12-31_lab-en.xml",".xml","5388665","209258","False","False","True","False","False","False","CA2A5EA4D95C422E0FFD15BEAB81279C2DFCEC94B5B93639899B9B15363083C5","PASS",""
"298040","효성중공업","soph_handoff_hyosung_heavy_industries_v1_INPUT_PACKAGE_FOR_SOPH.zip","DA164B4FC1B618C121C52F3A8F717BE4B46A9B6AB237F955521DCBE2BE9E4CD6","[효성중공업][정정]사업보고서_IFRS(원문XBRL)(2026.03.23).zip","050580D12DEE1D4310B58B9FBF964C8A2C89F8E18CE548304016EEA4F0634CAA","1","entity01316245_2025-12-31.xbrl","entity01316245_2025-12-31.xbrl",".xbrl","9192131","475093","True","False","False","False","False","False","7A48D525F3FF9EA6F2285EBC935F36221667FFF2A87910B199CC3DC91EBBE9A9","PASS",""
"298040","효성중공업","soph_handoff_hyosung_heavy_industries_v1_INPUT_PACKAGE_FOR_SOPH.zip","DA164B4FC1B618C121C52F3A8F717BE4B46A9B6AB237F955521DCBE2BE9E4CD6","[효성중공업][정정]사업보고서_IFRS(원문XBRL)(2026.03.23).zip","050580D12DEE1D4310B58B9FBF964C8A2C89F8E18CE548304016EEA4F0634CAA","2","entity01316245_2025-12-31.xsd","entity01316245_2025-12-31.xsd",".xsd","625122","45377","False","True","False","False","False","False","DD5EA1070B3BA85EB69030102B29200F3CDE7F84FFF6057A309B43AD5CDA095F","PASS",""
"298040","효성중공업","soph_handoff_hyosung_heavy_industries_v1_INPUT_PACKAGE_FOR_SOPH.zip","DA164B4FC1B618C121C52F3A8F717BE4B46A9B6AB237F955521DCBE2BE9E4CD6","[효성중공업][정정]사업보고서_IFRS(원문XBRL)(2026.03.23).zip","050580D12DEE1D4310B58B9FBF964C8A2C89F8E18CE548304016EEA4F0634CAA","3","entity01316245_2025-12-31_def.xml","entity01316245_2025-12-31_def.xml",".xml","6088917","203882","False","False","False","False","False","True","D3C9F6B8DD385BFB3ADB2EEE0DAAC7935F72F9F0BACC83B9FEA8618E2141EC10","PASS",""
"298040","효성중공업","soph_handoff_hyosung_heavy_industries_v1_INPUT_PACKAGE_FOR_SOPH.zip","DA164B4FC1B618C121C52F3A8F717BE4B46A9B6AB237F955521DCBE2BE9E4CD6","[효성중공업][정정]사업보고서_IFRS(원문XBRL)(2026.03.23).zip","050580D12DEE1D4310B58B9FBF964C8A2C89F8E18CE548304016EEA4F0634CAA","4","entity01316245_2025-12-31_cal.xml","entity01316245_2025-12-31_cal.xml",".xml","180070","7845","False","False","False","False","True","False","3698E178F05C1D1030A4EEFDB24B97A84CD83B81571773BDB286140F85DDD80C","PASS",""
"298040","효성중공업","soph_handoff_hyosung_heavy_industries_v1_INPUT_PACKAGE_FOR_SOPH.zip","DA164B4FC1B618C121C52F3A8F717BE4B46A9B6AB237F955521DCBE2BE9E4CD6","[효성중공업][정정]사업보고서_IFRS(원문XBRL)(2026.03.23).zip","050580D12DEE1D4310B58B9FBF964C8A2C89F8E18CE548304016EEA4F0634CAA","5","entity01316245_2025-12-31_pre.xml","entity01316245_2025-12-31_pre.xml",".xml","4368394","176829","False","False","False","True","False","False","2BD76325A84E2DCDEDDD1AD189E01E2AF83B895D97FF96918522F8BC402CEE0F","PASS",""
"298040","효성중공업","soph_handoff_hyosung_heavy_industries_v1_INPUT_PACKAGE_FOR_SOPH.zip","DA164B4FC1B618C121C52F3A8F717BE4B46A9B6AB237F955521DCBE2BE9E4CD6","[효성중공업][정정]사업보고서_IFRS(원문XBRL)(2026.03.23).zip","050580D12DEE1D4310B58B9FBF964C8A2C89F8E18CE548304016EEA4F0634CAA","6","entity01316245_2025-12-31_lab-ko.xml","entity01316245_2025-12-31_lab-ko.xml",".xml","5524633","228071","False","False","True","False","False","False","BA2FCBC9E29EC2C5E799AA45005E78E1E45C808468E44469D7938D30C5378991","PASS",""
"298040","효성중공업","soph_handoff_hyosung_heavy_industries_v1_INPUT_PACKAGE_FOR_SOPH.zip","DA164B4FC1B618C121C52F3A8F717BE4B46A9B6AB237F955521DCBE2BE9E4CD6","[효성중공업][정정]사업보고서_IFRS(원문XBRL)(2026.03.23).zip","050580D12DEE1D4310B58B9FBF964C8A2C89F8E18CE548304016EEA4F0634CAA","7","entity01316245_2025-12-31_lab-en.xml","entity01316245_2025-12-31_lab-en.xml",".xml","5586105","215209","False","False","True","False","False","False","09834A78A145D19E8CEC278C4854BE5A1C494549A59D6AE8BF45B2997577A671","PASS",""
"298040","효성중공업","soph_handoff_hyosung_heavy_industries_v1_INPUT_PACKAGE_FOR_SOPH.zip","DA164B4FC1B618C121C52F3A8F717BE4B46A9B6AB237F955521DCBE2BE9E4CD6","[효성중공업]반기보고서_IFRS(원문XBRL)(2020.08.14).zip","33553CD409DAB526458652B8DF1044444DEF88BA4DCF939E5FC91BA88D5026B7","1","01316245_2018-08-13.xbrl","01316245_2018-08-13.xbrl",".xbrl","221051","12197","True","False","False","False","False","False","8421FC81A6C059587CD786C4C4A40B3F1C7ADFEBCED3DEA883E3ABE96FE06B47","PASS",""
"298040","효성중공업","soph_handoff_hyosung_heavy_industries_v1_INPUT_PACKAGE_FOR_SOPH.zip","DA164B4FC1B618C121C52F3A8F717BE4B46A9B6AB237F955521DCBE2BE9E4CD6","[효성중공업]반기보고서_IFRS(원문XBRL)(2020.08.14).zip","33553CD409DAB526458652B8DF1044444DEF88BA4DCF939E5FC91BA88D5026B7","2","01316245_entry_point_2018-08-13.xsd","01316245_entry_point_2018-08-13.xsd",".xsd","22022","1853","False","True","False","False","False","False","18F52977B0C835172AA7E40CC783445DEEB232449E9F8AC570C07E056BE5788F","PASS",""
"298040","효성중공업","soph_handoff_hyosung_heavy_industries_v1_INPUT_PACKAGE_FOR_SOPH.zip","DA164B4FC1B618C121C52F3A8F717BE4B46A9B6AB237F955521DCBE2BE9E4CD6","[효성중공업]반기보고서_IFRS(원문XBRL)(2020.08.14).zip","33553CD409DAB526458652B8DF1044444DEF88BA4DCF939E5FC91BA88D5026B7","3","ifrs_for_01316245/dimensions_ifrs_for_01316245/dim_ifrs_for_01316245_2018-08-13.xml","dim_ifrs_for_01316245_2018-08-13.xml",".xml","1449795","62352","True","False","False","False","False","False","1ABF5400A15BE9F348182A6AC1264594A13B2342242D317F78B78FE27A795A8B","PASS",""
"298040","효성중공업","soph_handoff_hyosung_heavy_industries_v1_INPUT_PACKAGE_FOR_SOPH.zip","DA164B4FC1B618C121C52F3A8F717BE4B46A9B6AB237F955521DCBE2BE9E4CD6","[효성중공업]반기보고서_IFRS(원문XBRL)(2020.08.14).zip","33553CD409DAB526458652B8DF1044444DEF88BA4DCF939E5FC91BA88D5026B7","4","ifrs_for_01316245/dimensions_ifrs_for_01316245/cal_ifrs_for_01316245_2018-08-13.xml","cal_ifrs_for_01316245_2018-08-13.xml",".xml","1444421","60896","True","False","False","False","False","False","30B8E19D2F82F1B7D9E4F0A7060E79C6F3EF79F2050210F4356993844350259C","PASS",""
"298040","효성중공업","soph_handoff_hyosung_heavy_industries_v1_INPUT_PACKAGE_FOR_SOPH.zip","DA164B4FC1B618C121C52F3A8F717BE4B46A9B6AB237F955521DCBE2BE9E4CD6","[효성중공업]반기보고서_IFRS(원문XBRL)(2020.08.14).zip","33553CD409DAB526458652B8DF1044444DEF88BA4DCF939E5FC91BA88D5026B7","5","ifrs_for_01316245/dimensions_ifrs_for_01316245/pre_ifrs_for_01316245_2018-08-13.xml","pre_ifrs_for_01316245_2018-08-13.xml",".xml","1478324","63212","True","False","False","False","False","False","42C5709F9A20590652D2019F26335405901EA8E2CB475CAB20C2CA82C57CE97A","PASS",""
"298040","효성중공업","soph_handoff_hyosung_heavy_industries_v1_INPUT_PACKAGE_FOR_SOPH.zip","DA164B4FC1B618C121C52F3A8F717BE4B46A9B6AB237F955521DCBE2BE9E4CD6","[효성중공업]반기보고서_IFRS(원문XBRL)(2020.08.14).zip","33553CD409DAB526458652B8DF1044444DEF88BA4DCF939E5FC91BA88D5026B7","6","ifrs_for_01316245/dimensions_ifrs_for_01316245/role_ifrs_for_01316245-dim_2018-08-13.xsd","role_ifrs_for_01316245-dim_2018-08-13.xsd",".xsd","649","311","False","True","False","False","False","False","A8401A74F78D9E5DF87AAD861634B61B3A47B8F6A198AAA6358EFF732A5442F5","PASS",""
"298040","효성중공업","soph_handoff_hyosung_heavy_industries_v1_INPUT_PACKAGE_FOR_SOPH.zip","DA164B4FC1B618C121C52F3A8F717BE4B46A9B6AB237F955521DCBE2BE9E4CD6","[효성중공업]반기보고서_IFRS(원문XBRL)(2020.08.14).zip","33553CD409DAB526458652B8DF1044444DEF88BA4DCF939E5FC91BA88D5026B7","7","labels/lab_01316245-ko_2018-08-13.xml","lab_01316245-ko_2018-08-13.xml",".xml","117453","6030","True","False","False","False","False","False","61F46534A5CCF5657C10D3794B51C01E519F5EBF5BFC143B26D5DC8341A30B90","PASS",""
"298040","효성중공업","soph_handoff_hyosung_heavy_industries_v1_INPUT_PACKAGE_FOR_SOPH.zip","DA164B4FC1B618C121C52F3A8F717BE4B46A9B6AB237F955521DCBE2BE9E4CD6","[효성중공업]반기보고서_IFRS(원문XBRL)(2020.08.14).zip","33553CD409DAB526458652B8DF1044444DEF88BA4DCF939E5FC91BA88D5026B7","8","labels/lab_01316245-en_2018-08-13.xml","lab_01316245-en_2018-08-13.xml",".xml","94549","4577","True","False","False","False","False","False","66C5423CF8B6C0CABC756A3B441135B7F33D2B7D624CE71D98FED348C8004FE4","PASS",""
"298040","효성중공업","soph_handoff_hyosung_heavy_industries_v1_INPUT_PACKAGE_FOR_SOPH.zip","DA164B4FC1B618C121C52F3A8F717BE4B46A9B6AB237F955521DCBE2BE9E4CD6","[효성중공업]반기보고서_IFRS(원문XBRL)(2021.08.13).zip","FC8A723B575ACA4046FCF5368EE484B50071AA2ACFB0EF8DB33D381BA1AA556C","1","01316245_2018-08-13.xbrl","01316245_2018-08-13.xbrl",".xbrl","222953","12363","True","False","False","False","False","False","D2B00EC3FE5CB611FE5C50B3A271B807F36876DDA02CB9520BE2340FFB35679C","PASS",""
"298040","효성중공업","soph_handoff_hyosung_heavy_industries_v1_INPUT_PACKAGE_FOR_SOPH.zip","DA164B4FC1B618C121C52F3A8F717BE4B46A9B6AB237F955521DCBE2BE9E4CD6","[효성중공업]반기보고서_IFRS(원문XBRL)(2021.08.13).zip","FC8A723B575ACA4046FCF5368EE484B50071AA2ACFB0EF8DB33D381BA1AA556C","2","01316245_entry_point_2018-08-13.xsd","01316245_entry_point_2018-08-13.xsd",".xsd","21923","1890","False","True","False","False","False","False","5A678384A627D3E8445C931C18D4EDE5C7D9DFD1F0D104BF3D374248F641A414","PASS",""
"298040","효성중공업","soph_handoff_hyosung_heavy_industries_v1_INPUT_PACKAGE_FOR_SOPH.zip","DA164B4FC1B618C121C52F3A8F717BE4B46A9B6AB237F955521DCBE2BE9E4CD6","[효성중공업]반기보고서_IFRS(원문XBRL)(2021.08.13).zip","FC8A723B575ACA4046FCF5368EE484B50071AA2ACFB0EF8DB33D381BA1AA556C","3","ifrs_for_01316245/dimensions_ifrs_for_01316245/dim_ifrs_for_01316245_2018-08-13.xml","dim_ifrs_for_01316245_2018-08-13.xml",".xml","1454717","62630","True","False","False","False","False","False","0EB81DDC50ABFB02AAC0BE24C2895B9D37A8228DF4AFD49D9100B580E9A950EE","PASS",""
"298040","효성중공업","soph_handoff_hyosung_heavy_industries_v1_INPUT_PACKAGE_FOR_SOPH.zip","DA164B4FC1B618C121C52F3A8F717BE4B46A9B6AB237F955521DCBE2BE9E4CD6","[효성중공업]반기보고서_IFRS(원문XBRL)(2021.08.13).zip","FC8A723B575ACA4046FCF5368EE484B50071AA2ACFB0EF8DB33D381BA1AA556C","4","ifrs_for_01316245/dimensions_ifrs_for_01316245/cal_ifrs_for_01316245_2018-08-13.xml","cal_ifrs_for_01316245_2018-08-13.xml",".xml","1442929","60932","True","False","False","False","False","False","DF3AF4D48107DA5BC9FDBC1F92775CFB01E94091C43B1AA6840308B059DF0FFA","PASS",""
"298040","효성중공업","soph_handoff_hyosung_heavy_industries_v1_INPUT_PACKAGE_FOR_SOPH.zip","DA164B4FC1B618C121C52F3A8F717BE4B46A9B6AB237F955521DCBE2BE9E4CD6","[효성중공업]반기보고서_IFRS(원문XBRL)(2021.08.13).zip","FC8A723B575ACA4046FCF5368EE484B50071AA2ACFB0EF8DB33D381BA1AA556C","5","ifrs_for_01316245/dimensions_ifrs_for_01316245/pre_ifrs_for_01316245_2018-08-13.xml","pre_ifrs_for_01316245_2018-08-13.xml",".xml","1483416","63473","True","False","False","False","False","False","8E2CD31A13B35CD1D9DCD569080CAB279FE1AF2B1C27A2F5A35FCF8DE6DEC3FA","PASS",""
"298040","효성중공업","soph_handoff_hyosung_heavy_industries_v1_INPUT_PACKAGE_FOR_SOPH.zip","DA164B4FC1B618C121C52F3A8F717BE4B46A9B6AB237F955521DCBE2BE9E4CD6","[효성중공업]반기보고서_IFRS(원문XBRL)(2021.08.13).zip","FC8A723B575ACA4046FCF5368EE484B50071AA2ACFB0EF8DB33D381BA1AA556C","6","ifrs_for_01316245/dimensions_ifrs_for_01316245/role_ifrs_for_01316245-dim_2018-08-13.xsd","role_ifrs_for_01316245-dim_2018-08-13.xsd",".xsd","649","311","False","True","False","False","False","False","A8401A74F78D9E5DF87AAD861634B61B3A47B8F6A198AAA6358EFF732A5442F5","PASS",""
"298040","효성중공업","soph_handoff_hyosung_heavy_industries_v1_INPUT_PACKAGE_FOR_SOPH.zip","DA164B4FC1B618C121C52F3A8F717BE4B46A9B6AB237F955521DCBE2BE9E4CD6","[효성중공업]반기보고서_IFRS(원문XBRL)(2021.08.13).zip","FC8A723B575ACA4046FCF5368EE484B50071AA2ACFB0EF8DB33D381BA1AA556C","7","labels/lab_01316245-ko_2018-08-13.xml","lab_01316245-ko_2018-08-13.xml",".xml","122549","6457","True","False","False","False","False","False","C10C028E8A35882A59420D364AC48458878316D50BDD848CC8BBA582CFBD23CF","PASS",""
"298040","효성중공업","soph_handoff_hyosung_heavy_industries_v1_INPUT_PACKAGE_FOR_SOPH.zip","DA164B4FC1B618C121C52F3A8F717BE4B46A9B6AB237F955521DCBE2BE9E4CD6","[효성중공업]반기보고서_IFRS(원문XBRL)(2021.08.13).zip","FC8A723B575ACA4046FCF5368EE484B50071AA2ACFB0EF8DB33D381BA1AA556C","8","labels/lab_01316245-en_2018-08-13.xml","lab_01316245-en_2018-08-13.xml",".xml","95130","4758","True","False","False","False","False","False","6A7E6173C82FDEE9B5E77DE841F178AB120A5FF298EA5DA07E54ACAB71DCC5BE","PASS",""
"298040","효성중공업","soph_handoff_hyosung_heavy_industries_v1_INPUT_PACKAGE_FOR_SOPH.zip","DA164B4FC1B618C121C52F3A8F717BE4B46A9B6AB237F955521DCBE2BE9E4CD6","[효성중공업]반기보고서_IFRS(원문XBRL)(2022.08.11).zip","61E337ED8E1F3F0342CF39C8A1D7885D02FF14466E0F6959A46E9AC5473A4C6B","1","01316245_2022-05-13.xbrl","01316245_2022-05-13.xbrl",".xbrl","223388","12369","True","False","False","False","False","False","8541A252DCC9AD8BC63AE11465D34C4D77D36AEF1A9322E234FEC46E2BE1827D","PASS",""
"298040","효성중공업","soph_handoff_hyosung_heavy_industries_v1_INPUT_PACKAGE_FOR_SOPH.zip","DA164B4FC1B618C121C52F3A8F717BE4B46A9B6AB237F955521DCBE2BE9E4CD6","[효성중공업]반기보고서_IFRS(원문XBRL)(2022.08.11).zip","61E337ED8E1F3F0342CF39C8A1D7885D02FF14466E0F6959A46E9AC5473A4C6B","2","01316245_entry_point_2022-05-13.xsd","01316245_entry_point_2022-05-13.xsd",".xsd","17946","1678","False","True","False","False","False","False","FECE937CDC722D87C5849070AFE63DCA8E476E6282EBF8475619A6F6EB3CF7B2","PASS",""
"298040","효성중공업","soph_handoff_hyosung_heavy_industries_v1_INPUT_PACKAGE_FOR_SOPH.zip","DA164B4FC1B618C121C52F3A8F717BE4B46A9B6AB237F955521DCBE2BE9E4CD6","[효성중공업]반기보고서_IFRS(원문XBRL)(2022.08.11).zip","61E337ED8E1F3F0342CF39C8A1D7885D02FF14466E0F6959A46E9AC5473A4C6B","3","ifrs_for_01316245/dimensions_ifrs_for_01316245/dim_ifrs_for_01316245_2022-05-13.xml","dim_ifrs_for_01316245_2022-05-13.xml",".xml","1433596","61639","True","False","False","False","False","False","79CC858BC1A101CCDB96F054818CF67278C97A778A2BF08B021F93F96F2CC86D","PASS",""
"298040","효성중공업","soph_handoff_hyosung_heavy_industries_v1_INPUT_PACKAGE_FOR_SOPH.zip","DA164B4FC1B618C121C52F3A8F717BE4B46A9B6AB237F955521DCBE2BE9E4CD6","[효성중공업]반기보고서_IFRS(원문XBRL)(2022.08.11).zip","61E337ED8E1F3F0342CF39C8A1D7885D02FF14466E0F6959A46E9AC5473A4C6B","4","ifrs_for_01316245/dimensions_ifrs_for_01316245/cal_ifrs_for_01316245_2022-05-13.xml","cal_ifrs_for_01316245_2022-05-13.xml",".xml","1434021","60210","True","False","False","False","False","False","B8531F33A808D93EB84A4AFF6FB67A26D682F093E636C281576000737E66E298","PASS",""
"298040","효성중공업","soph_handoff_hyosung_heavy_industries_v1_INPUT_PACKAGE_FOR_SOPH.zip","DA164B4FC1B618C121C52F3A8F717BE4B46A9B6AB237F955521DCBE2BE9E4CD6","[효성중공업]반기보고서_IFRS(원문XBRL)(2022.08.11).zip","61E337ED8E1F3F0342CF39C8A1D7885D02FF14466E0F6959A46E9AC5473A4C6B","5","ifrs_for_01316245/dimensions_ifrs_for_01316245/pre_ifrs_for_01316245_2022-05-13.xml","pre_ifrs_for_01316245_2022-05-13.xml",".xml","1461744","62478","True","False","False","False","False","False","5815C03349D2005FAB7F0545246010B4D8E2B62C076EADFF3B21EA9FDF13EBC7","PASS",""
"298040","효성중공업","soph_handoff_hyosung_heavy_industries_v1_INPUT_PACKAGE_FOR_SOPH.zip","DA164B4FC1B618C121C52F3A8F717BE4B46A9B6AB237F955521DCBE2BE9E4CD6","[효성중공업]반기보고서_IFRS(원문XBRL)(2022.08.11).zip","61E337ED8E1F3F0342CF39C8A1D7885D02FF14466E0F6959A46E9AC5473A4C6B","6","ifrs_for_01316245/dimensions_ifrs_for_01316245/role_ifrs_for_01316245-dim_2022-05-13.xsd","role_ifrs_for_01316245-dim_2022-05-13.xsd",".xsd","649","311","False","True","False","False","False","False","A8401A74F78D9E5DF87AAD861634B61B3A47B8F6A198AAA6358EFF732A5442F5","PASS",""
"298040","효성중공업","soph_handoff_hyosung_heavy_industries_v1_INPUT_PACKAGE_FOR_SOPH.zip","DA164B4FC1B618C121C52F3A8F717BE4B46A9B6AB237F955521DCBE2BE9E4CD6","[효성중공업]반기보고서_IFRS(원문XBRL)(2022.08.11).zip","61E337ED8E1F3F0342CF39C8A1D7885D02FF14466E0F6959A46E9AC5473A4C6B","7","labels/lab_01316245-ko_2022-05-13.xml","lab_01316245-ko_2022-05-13.xml",".xml","108239","5924","True","False","False","False","False","False","E1AC0585FF29ADD1206CDF4751D391EBBED7EE1D9975EF09F463B5A3E6C6BE56","PASS",""
"298040","효성중공업","soph_handoff_hyosung_heavy_industries_v1_INPUT_PACKAGE_FOR_SOPH.zip","DA164B4FC1B618C121C52F3A8F717BE4B46A9B6AB237F955521DCBE2BE9E4CD6","[효성중공업]반기보고서_IFRS(원문XBRL)(2022.08.11).zip","61E337ED8E1F3F0342CF39C8A1D7885D02FF14466E0F6959A46E9AC5473A4C6B","8","labels/lab_01316245-en_2022-05-13.xml","lab_01316245-en_2022-05-13.xml",".xml","75796","3874","True","False","False","False","False","False","7CF59E90A3A86645C61FA73CC5ABEEA9E4ED74600790CA52679E9D32E93FB625","PASS",""
"298040","효성중공업","soph_handoff_hyosung_heavy_industries_v1_INPUT_PACKAGE_FOR_SOPH.zip","DA164B4FC1B618C121C52F3A8F717BE4B46A9B6AB237F955521DCBE2BE9E4CD6","[효성중공업]반기보고서_IFRS(원문XBRL)(2023.08.11).zip","1F54B4D31AD23F40D7320E87D793958351EF2C455054D5690FDC051C242E613C","1","01316245_2018-08-13.xbrl","01316245_2018-08-13.xbrl",".xbrl","217276","12194","True","False","False","False","False","False","7F016E8EF60ECD2748C9576396D28040BF79D2E75F0C49F7BF18FA8B33135785","PASS",""
"298040","효성중공업","soph_handoff_hyosung_heavy_industries_v1_INPUT_PACKAGE_FOR_SOPH.zip","DA164B4FC1B618C121C52F3A8F717BE4B46A9B6AB237F955521DCBE2BE9E4CD6","[효성중공업]반기보고서_IFRS(원문XBRL)(2023.08.11).zip","1F54B4D31AD23F40D7320E87D793958351EF2C455054D5690FDC051C242E613C","2","01316245_entry_point_2018-08-13.xsd","01316245_entry_point_2018-08-13.xsd",".xsd","16592","1671","False","True","False","False","False","False","E597CD49A6E4CC30C30050B5742C5A674CDDBAB9464DA99E7EF06F0F9F69B07E","PASS",""
"298040","효성중공업","soph_handoff_hyosung_heavy_industries_v1_INPUT_PACKAGE_FOR_SOPH.zip","DA164B4FC1B618C121C52F3A8F717BE4B46A9B6AB237F955521DCBE2BE9E4CD6","[효성중공업]반기보고서_IFRS(원문XBRL)(2023.08.11).zip","1F54B4D31AD23F40D7320E87D793958351EF2C455054D5690FDC051C242E613C","3","ifrs_for_01316245/dimensions_ifrs_for_01316245/dim_ifrs_for_01316245_2018-08-13.xml","dim_ifrs_for_01316245_2018-08-13.xml",".xml","1446336","62336","True","False","False","False","False","False","3C808B5D09C453BC78247C6D6362947E16F1BBDE9CFCED10E4F1B5964F225D44","PASS",""
"298040","효성중공업","soph_handoff_hyosung_heavy_industries_v1_INPUT_PACKAGE_FOR_SOPH.zip","DA164B4FC1B618C121C52F3A8F717BE4B46A9B6AB237F955521DCBE2BE9E4CD6","[효성중공업]반기보고서_IFRS(원문XBRL)(2023.08.11).zip","1F54B4D31AD23F40D7320E87D793958351EF2C455054D5690FDC051C242E613C","4","ifrs_for_01316245/dimensions_ifrs_for_01316245/cal_ifrs_for_01316245_2018-08-13.xml","cal_ifrs_for_01316245_2018-08-13.xml",".xml","1429667","60270","True","False","False","False","False","False","202800203590EDB0DDAF57D0A3DFFE19E5EFFAD792D5A67BF13DD544DBF74B63","PASS",""
"298040","효성중공업","soph_handoff_hyosung_heavy_industries_v1_INPUT_PACKAGE_FOR_SOPH.zip","DA164B4FC1B618C121C52F3A8F717BE4B46A9B6AB237F955521DCBE2BE9E4CD6","[효성중공업]반기보고서_IFRS(원문XBRL)(2023.08.11).zip","1F54B4D31AD23F40D7320E87D793958351EF2C455054D5690FDC051C242E613C","5","ifrs_for_01316245/dimensions_ifrs_for_01316245/pre_ifrs_for_01316245_2018-08-13.xml","pre_ifrs_for_01316245_2018-08-13.xml",".xml","1475222","63199","True","False","False","False","False","False","DAF5212B3E25E2FE5492D0EE26087A18476A41876AD928C8ADFAE2A8C0DF9D09","PASS",""
"298040","효성중공업","soph_handoff_hyosung_heavy_industries_v1_INPUT_PACKAGE_FOR_SOPH.zip","DA164B4FC1B618C121C52F3A8F717BE4B46A9B6AB237F955521DCBE2BE9E4CD6","[효성중공업]반기보고서_IFRS(원문XBRL)(2023.08.11).zip","1F54B4D31AD23F40D7320E87D793958351EF2C455054D5690FDC051C242E613C","6","ifrs_for_01316245/dimensions_ifrs_for_01316245/role_ifrs_for_01316245-dim_2018-08-13.xsd","role_ifrs_for_01316245-dim_2018-08-13.xsd",".xsd","649","311","False","True","False","False","False","False","A8401A74F78D9E5DF87AAD861634B61B3A47B8F6A198AAA6358EFF732A5442F5","PASS",""
"298040","효성중공업","soph_handoff_hyosung_heavy_industries_v1_INPUT_PACKAGE_FOR_SOPH.zip","DA164B4FC1B618C121C52F3A8F717BE4B46A9B6AB237F955521DCBE2BE9E4CD6","[효성중공업]반기보고서_IFRS(원문XBRL)(2023.08.11).zip","1F54B4D31AD23F40D7320E87D793958351EF2C455054D5690FDC051C242E613C","7","labels/lab_01316245-ko_2018-08-13.xml","lab_01316245-ko_2018-08-13.xml",".xml","107360","6083","True","False","False","False","False","False","05E04481079972571EE7297041C56A16DA04273422FC9532AB46463C9D6DDF48","PASS",""
"298040","효성중공업","soph_handoff_hyosung_heavy_industries_v1_INPUT_PACKAGE_FOR_SOPH.zip","DA164B4FC1B618C121C52F3A8F717BE4B46A9B6AB237F955521DCBE2BE9E4CD6","[효성중공업]반기보고서_IFRS(원문XBRL)(2023.08.11).zip","1F54B4D31AD23F40D7320E87D793958351EF2C455054D5690FDC051C242E613C","8","labels/lab_01316245-en_2018-08-13.xml","lab_01316245-en_2018-08-13.xml",".xml","70958","3975","True","False","False","False","False","False","49B39614C14F158766F1704A30318A219E291F024BCFDB5640BAC34801B1E7D8","PASS",""
"298040","효성중공업","soph_handoff_hyosung_heavy_industries_v1_INPUT_PACKAGE_FOR_SOPH.zip","DA164B4FC1B618C121C52F3A8F717BE4B46A9B6AB237F955521DCBE2BE9E4CD6","[효성중공업]반기보고서_IFRS(원문XBRL)(2024.08.13).zip","10E9F5C4A0C8CAE58ACEEF25879DBD4840B2BFC850DA97AF8A583164571B5F12","1","entity01316245_2024-06-30.xbrl","entity01316245_2024-06-30.xbrl",".xbrl","6164996","254396","True","False","False","False","False","False","EDDEBDC4D0134E61D53FD2371931354E2417E2DC145872718E718CA75BDA054D","PASS",""
"298040","효성중공업","soph_handoff_hyosung_heavy_industries_v1_INPUT_PACKAGE_FOR_SOPH.zip","DA164B4FC1B618C121C52F3A8F717BE4B46A9B6AB237F955521DCBE2BE9E4CD6","[효성중공업]반기보고서_IFRS(원문XBRL)(2024.08.13).zip","10E9F5C4A0C8CAE58ACEEF25879DBD4840B2BFC850DA97AF8A583164571B5F12","2","entity01316245_2024-06-30.xsd","entity01316245_2024-06-30.xsd",".xsd","414703","25619","False","True","False","False","False","False","66633C255E6A8F3D10E9EB0E2A51AC64905D961F20A281084FC24ACCCD7131FB","PASS",""
"298040","효성중공업","soph_handoff_hyosung_heavy_industries_v1_INPUT_PACKAGE_FOR_SOPH.zip","DA164B4FC1B618C121C52F3A8F717BE4B46A9B6AB237F955521DCBE2BE9E4CD6","[효성중공업]반기보고서_IFRS(원문XBRL)(2024.08.13).zip","10E9F5C4A0C8CAE58ACEEF25879DBD4840B2BFC850DA97AF8A583164571B5F12","3","entity01316245_2024-06-30_def.xml","entity01316245_2024-06-30_def.xml",".xml","3729613","131914","False","False","False","False","False","True","2284B7DAE422F01487B2E6FA6AFC9F1E37CA48E4C7E655546A1F21FC3B46D517","PASS",""
"298040","효성중공업","soph_handoff_hyosung_heavy_industries_v1_INPUT_PACKAGE_FOR_SOPH.zip","DA164B4FC1B618C121C52F3A8F717BE4B46A9B6AB237F955521DCBE2BE9E4CD6","[효성중공업]반기보고서_IFRS(원문XBRL)(2024.08.13).zip","10E9F5C4A0C8CAE58ACEEF25879DBD4840B2BFC850DA97AF8A583164571B5F12","4","entity01316245_2024-06-30_cal.xml","entity01316245_2024-06-30_cal.xml",".xml","154596","6458","False","False","False","False","True","False","B44DD46EDF86773671BDE8CC930122B7E22849FF9D58582B11D0D94AFC255AD2","PASS",""
"298040","효성중공업","soph_handoff_hyosung_heavy_industries_v1_INPUT_PACKAGE_FOR_SOPH.zip","DA164B4FC1B618C121C52F3A8F717BE4B46A9B6AB237F955521DCBE2BE9E4CD6","[효성중공업]반기보고서_IFRS(원문XBRL)(2024.08.13).zip","10E9F5C4A0C8CAE58ACEEF25879DBD4840B2BFC850DA97AF8A583164571B5F12","5","entity01316245_2024-06-30_pre.xml","entity01316245_2024-06-30_pre.xml",".xml","2723376","113632","False","False","False","True","False","False","958B2219E030098199B47B1779F7259996AB66DCACE67253BC6261487BAC902A","PASS",""
"298040","효성중공업","soph_handoff_hyosung_heavy_industries_v1_INPUT_PACKAGE_FOR_SOPH.zip","DA164B4FC1B618C121C52F3A8F717BE4B46A9B6AB237F955521DCBE2BE9E4CD6","[효성중공업]반기보고서_IFRS(원문XBRL)(2024.08.13).zip","10E9F5C4A0C8CAE58ACEEF25879DBD4840B2BFC850DA97AF8A583164571B5F12","6","entity01316245_2024-06-30_lab-ko.xml","entity01316245_2024-06-30_lab-ko.xml",".xml","3481532","146709","False","False","True","False","False","False","E93641CB0482063109E4584BD804B21A53AADF9CE7163F3801F55BAE1DE9AB31","PASS",""
"298040","효성중공업","soph_handoff_hyosung_heavy_industries_v1_INPUT_PACKAGE_FOR_SOPH.zip","DA164B4FC1B618C121C52F3A8F717BE4B46A9B6AB237F955521DCBE2BE9E4CD6","[효성중공업]반기보고서_IFRS(원문XBRL)(2024.08.13).zip","10E9F5C4A0C8CAE58ACEEF25879DBD4840B2BFC850DA97AF8A583164571B5F12","7","entity01316245_2024-06-30_lab-en.xml","entity01316245_2024-06-30_lab-en.xml",".xml","3518153","137925","False","False","True","False","False","False","2DA24AD324ABB51911B4BB49AF84F74978D26A8CAF03CAA0A056584CC7783F8C","PASS",""
"298040","효성중공업","soph_handoff_hyosung_heavy_industries_v1_INPUT_PACKAGE_FOR_SOPH.zip","DA164B4FC1B618C121C52F3A8F717BE4B46A9B6AB237F955521DCBE2BE9E4CD6","[효성중공업]반기보고서_IFRS(원문XBRL)(2025.08.14).zip","B52D49F926B4B4BA06A4418A58D6243ACF62C96071DE6764EB2B365A13B8319F","1","entity01316245_2025-06-30.xbrl","entity01316245_2025-06-30.xbrl",".xbrl","6238885","270941","True","False","False","False","False","False","55AB0A485B1CA6EF967F0E3B7935039C0B7124A2685E05631EDD67BC5020A25E","PASS",""
"298040","효성중공업","soph_handoff_hyosung_heavy_industries_v1_INPUT_PACKAGE_FOR_SOPH.zip","DA164B4FC1B618C121C52F3A8F717BE4B46A9B6AB237F955521DCBE2BE9E4CD6","[효성중공업]반기보고서_IFRS(원문XBRL)(2025.08.14).zip","B52D49F926B4B4BA06A4418A58D6243ACF62C96071DE6764EB2B365A13B8319F","2","entity01316245_2025-06-30.xsd","entity01316245_2025-06-30.xsd",".xsd","396901","28923","False","True","False","False","False","False","F93286E2659BF3C0A01E57A0D371641FE54074B140E8F0D6044610FE4C10307B","PASS",""
"298040","효성중공업","soph_handoff_hyosung_heavy_industries_v1_INPUT_PACKAGE_FOR_SOPH.zip","DA164B4FC1B618C121C52F3A8F717BE4B46A9B6AB237F955521DCBE2BE9E4CD6","[효성중공업]반기보고서_IFRS(원문XBRL)(2025.08.14).zip","B52D49F926B4B4BA06A4418A58D6243ACF62C96071DE6764EB2B365A13B8319F","3","entity01316245_2025-06-30_def.xml","entity01316245_2025-06-30_def.xml",".xml","3761554","124267","False","False","False","False","False","True","685CCA4CE7E730DC8CB5995878F3F40B109743F61B2CFAA32763D6AA1C5E80CC","PASS",""
"298040","효성중공업","soph_handoff_hyosung_heavy_industries_v1_INPUT_PACKAGE_FOR_SOPH.zip","DA164B4FC1B618C121C52F3A8F717BE4B46A9B6AB237F955521DCBE2BE9E4CD6","[효성중공업]반기보고서_IFRS(원문XBRL)(2025.08.14).zip","B52D49F926B4B4BA06A4418A58D6243ACF62C96071DE6764EB2B365A13B8319F","4","entity01316245_2025-06-30_cal.xml","entity01316245_2025-06-30_cal.xml",".xml","161008","6785","False","False","False","False","True","False","89BCB940F7FA2D39C3FC3521C6764A92FA4CBDE204014CED74F9FC9C7B283417","PASS",""
"298040","효성중공업","soph_handoff_hyosung_heavy_industries_v1_INPUT_PACKAGE_FOR_SOPH.zip","DA164B4FC1B618C121C52F3A8F717BE4B46A9B6AB237F955521DCBE2BE9E4CD6","[효성중공업]반기보고서_IFRS(원문XBRL)(2025.08.14).zip","B52D49F926B4B4BA06A4418A58D6243ACF62C96071DE6764EB2B365A13B8319F","5","entity01316245_2025-06-30_pre.xml","entity01316245_2025-06-30_pre.xml",".xml","2751394","107163","False","False","False","True","False","False","349AF1F19ACC572AB08DC5B13813B434BC26C8E0E447E7A6864A166C1275CE4E","PASS",""
"298040","효성중공업","soph_handoff_hyosung_heavy_industries_v1_INPUT_PACKAGE_FOR_SOPH.zip","DA164B4FC1B618C121C52F3A8F717BE4B46A9B6AB237F955521DCBE2BE9E4CD6","[효성중공업]반기보고서_IFRS(원문XBRL)(2025.08.14).zip","B52D49F926B4B4BA06A4418A58D6243ACF62C96071DE6764EB2B365A13B8319F","6","entity01316245_2025-06-30_lab-ko.xml","entity01316245_2025-06-30_lab-ko.xml",".xml","3526562","150442","False","False","True","False","False","False","AABCF4A850537ED65E2A9CDDBF07789D502F08EE8B23EBB896B18D35A924E1A4","PASS",""
"298040","효성중공업","soph_handoff_hyosung_heavy_industries_v1_INPUT_PACKAGE_FOR_SOPH.zip","DA164B4FC1B618C121C52F3A8F717BE4B46A9B6AB237F955521DCBE2BE9E4CD6","[효성중공업]반기보고서_IFRS(원문XBRL)(2025.08.14).zip","B52D49F926B4B4BA06A4418A58D6243ACF62C96071DE6764EB2B365A13B8319F","7","entity01316245_2025-06-30_lab-en.xml","entity01316245_2025-06-30_lab-en.xml",".xml","3563056","141260","False","False","True","False","False","False","256881F7B328306344161593A16C05B7D400D32D37BEAC10F737B56604F23656","PASS",""
"298040","효성중공업","soph_handoff_hyosung_heavy_industries_v1_INPUT_PACKAGE_FOR_SOPH.zip","DA164B4FC1B618C121C52F3A8F717BE4B46A9B6AB237F955521DCBE2BE9E4CD6","[효성중공업]분기보고서_IFRS(원문XBRL)(2020.11.16).zip","234F5FC878D2624F92F2121011D2D2BF619214031BF782ED123173AF9B25B997","1","01316245_2018-08-13.xbrl","01316245_2018-08-13.xbrl",".xbrl","222307","12260","True","False","False","False","False","False","64C43EEBBE771086E49A78532484E437BCCD05578CD94C1B6CF4D7CA8E9890F6","PASS",""
"298040","효성중공업","soph_handoff_hyosung_heavy_industries_v1_INPUT_PACKAGE_FOR_SOPH.zip","DA164B4FC1B618C121C52F3A8F717BE4B46A9B6AB237F955521DCBE2BE9E4CD6","[효성중공업]분기보고서_IFRS(원문XBRL)(2020.11.16).zip","234F5FC878D2624F92F2121011D2D2BF619214031BF782ED123173AF9B25B997","2","01316245_entry_point_2018-08-13.xsd","01316245_entry_point_2018-08-13.xsd",".xsd","22024","1858","False","True","False","False","False","False","B5E8DB5B4A2DBE56EDC30A6046EFAC120EB5621DA6E2E40F45661F8A3A314019","PASS",""
"298040","효성중공업","soph_handoff_hyosung_heavy_industries_v1_INPUT_PACKAGE_FOR_SOPH.zip","DA164B4FC1B618C121C52F3A8F717BE4B46A9B6AB237F955521DCBE2BE9E4CD6","[효성중공업]분기보고서_IFRS(원문XBRL)(2020.11.16).zip","234F5FC878D2624F92F2121011D2D2BF619214031BF782ED123173AF9B25B997","3","ifrs_for_01316245/dimensions_ifrs_for_01316245/dim_ifrs_for_01316245_2018-08-13.xml","dim_ifrs_for_01316245_2018-08-13.xml",".xml","1450646","62409","True","False","False","False","False","False","53E9D2A8440D7FCBFF845B4B79942EED9FF74703321CC10976D05A0D76EC047F","PASS",""
"298040","효성중공업","soph_handoff_hyosung_heavy_industries_v1_INPUT_PACKAGE_FOR_SOPH.zip","DA164B4FC1B618C121C52F3A8F717BE4B46A9B6AB237F955521DCBE2BE9E4CD6","[효성중공업]분기보고서_IFRS(원문XBRL)(2020.11.16).zip","234F5FC878D2624F92F2121011D2D2BF619214031BF782ED123173AF9B25B997","4","ifrs_for_01316245/dimensions_ifrs_for_01316245/cal_ifrs_for_01316245_2018-08-13.xml","cal_ifrs_for_01316245_2018-08-13.xml",".xml","1443965","60911","True","False","False","False","False","False","A5324157D78A4DA6F5AF2093875B0737EE7890166C522ED2472FA5959DB929C5","PASS",""
"298040","효성중공업","soph_handoff_hyosung_heavy_industries_v1_INPUT_PACKAGE_FOR_SOPH.zip","DA164B4FC1B618C121C52F3A8F717BE4B46A9B6AB237F955521DCBE2BE9E4CD6","[효성중공업]분기보고서_IFRS(원문XBRL)(2020.11.16).zip","234F5FC878D2624F92F2121011D2D2BF619214031BF782ED123173AF9B25B997","5","ifrs_for_01316245/dimensions_ifrs_for_01316245/pre_ifrs_for_01316245_2018-08-13.xml","pre_ifrs_for_01316245_2018-08-13.xml",".xml","1479173","63280","True","False","False","False","False","False","8992AE3D8D5B395C4EF42C10631319AB8112C6BA9486C543B2CE058A22A57D3B","PASS",""
"298040","효성중공업","soph_handoff_hyosung_heavy_industries_v1_INPUT_PACKAGE_FOR_SOPH.zip","DA164B4FC1B618C121C52F3A8F717BE4B46A9B6AB237F955521DCBE2BE9E4CD6","[효성중공업]분기보고서_IFRS(원문XBRL)(2020.11.16).zip","234F5FC878D2624F92F2121011D2D2BF619214031BF782ED123173AF9B25B997","6","ifrs_for_01316245/dimensions_ifrs_for_01316245/role_ifrs_for_01316245-dim_2018-08-13.xsd","role_ifrs_for_01316245-dim_2018-08-13.xsd",".xsd","649","311","False","True","False","False","False","False","A8401A74F78D9E5DF87AAD861634B61B3A47B8F6A198AAA6358EFF732A5442F5","PASS",""
"298040","효성중공업","soph_handoff_hyosung_heavy_industries_v1_INPUT_PACKAGE_FOR_SOPH.zip","DA164B4FC1B618C121C52F3A8F717BE4B46A9B6AB237F955521DCBE2BE9E4CD6","[효성중공업]분기보고서_IFRS(원문XBRL)(2020.11.16).zip","234F5FC878D2624F92F2121011D2D2BF619214031BF782ED123173AF9B25B997","7","labels/lab_01316245-ko_2018-08-13.xml","lab_01316245-ko_2018-08-13.xml",".xml","117461","6021","True","False","False","False","False","False","1C24C425339E8DE190962E290633DDE746764C6EE3A52450365BED966D23B24D","PASS",""
"298040","효성중공업","soph_handoff_hyosung_heavy_industries_v1_INPUT_PACKAGE_FOR_SOPH.zip","DA164B4FC1B618C121C52F3A8F717BE4B46A9B6AB237F955521DCBE2BE9E4CD6","[효성중공업]분기보고서_IFRS(원문XBRL)(2020.11.16).zip","234F5FC878D2624F92F2121011D2D2BF619214031BF782ED123173AF9B25B997","8","labels/lab_01316245-en_2018-08-13.xml","lab_01316245-en_2018-08-13.xml",".xml","94560","4584","True","False","False","False","False","False","DEEA377E95F1934E62D677C1AB126EAED1EB257D209AE4A3D50B6576253536A7","PASS",""
"298040","효성중공업","soph_handoff_hyosung_heavy_industries_v1_INPUT_PACKAGE_FOR_SOPH.zip","DA164B4FC1B618C121C52F3A8F717BE4B46A9B6AB237F955521DCBE2BE9E4CD6","[효성중공업]분기보고서_IFRS(원문XBRL)(2021.05.14).zip","CBC5750154A087E91137895E8A8FF83FEE597F3CB8CD6C427A1FED85252AF792","1","01316245_2018-08-13.xbrl","01316245_2018-08-13.xbrl",".xbrl","217483","11389","True","False","False","False","False","False","DB68345C29A86CC1BA448F141EF29EC9C0C9C62EE022F22DD402C105B2FDFA52","PASS",""
"298040","효성중공업","soph_handoff_hyosung_heavy_industries_v1_INPUT_PACKAGE_FOR_SOPH.zip","DA164B4FC1B618C121C52F3A8F717BE4B46A9B6AB237F955521DCBE2BE9E4CD6","[효성중공업]분기보고서_IFRS(원문XBRL)(2021.05.14).zip","CBC5750154A087E91137895E8A8FF83FEE597F3CB8CD6C427A1FED85252AF792","2","01316245_entry_point_2018-08-13.xsd","01316245_entry_point_2018-08-13.xsd",".xsd","19983","1785","False","True","False","False","False","False","F620EB0BBABCA40CF10B8A8AFB5060FB751C17654147F9432496CD4A7CE887F0","PASS",""
"298040","효성중공업","soph_handoff_hyosung_heavy_industries_v1_INPUT_PACKAGE_FOR_SOPH.zip","DA164B4FC1B618C121C52F3A8F717BE4B46A9B6AB237F955521DCBE2BE9E4CD6","[효성중공업]분기보고서_IFRS(원문XBRL)(2021.05.14).zip","CBC5750154A087E91137895E8A8FF83FEE597F3CB8CD6C427A1FED85252AF792","3","ifrs_for_01316245/dimensions_ifrs_for_01316245/dim_ifrs_for_01316245_2018-08-13.xml","dim_ifrs_for_01316245_2018-08-13.xml",".xml","1450876","62398","True","False","False","False","False","False","13986E96FC4CC3BC7435C1BF1AA06E949D17E09E1F5392712BBB3F598769A3D4","PASS",""
"298040","효성중공업","soph_handoff_hyosung_heavy_industries_v1_INPUT_PACKAGE_FOR_SOPH.zip","DA164B4FC1B618C121C52F3A8F717BE4B46A9B6AB237F955521DCBE2BE9E4CD6","[효성중공업]분기보고서_IFRS(원문XBRL)(2021.05.14).zip","CBC5750154A087E91137895E8A8FF83FEE597F3CB8CD6C427A1FED85252AF792","4","ifrs_for_01316245/dimensions_ifrs_for_01316245/cal_ifrs_for_01316245_2018-08-13.xml","cal_ifrs_for_01316245_2018-08-13.xml",".xml","1439551","60726","True","False","False","False","False","False","42B9D6D3E432FFC8B7FFB65888D2FA6047E6CB9D30063E606514FB778FA31BE8","PASS",""
"298040","효성중공업","soph_handoff_hyosung_heavy_industries_v1_INPUT_PACKAGE_FOR_SOPH.zip","DA164B4FC1B618C121C52F3A8F717BE4B46A9B6AB237F955521DCBE2BE9E4CD6","[효성중공업]분기보고서_IFRS(원문XBRL)(2021.05.14).zip","CBC5750154A087E91137895E8A8FF83FEE597F3CB8CD6C427A1FED85252AF792","5","ifrs_for_01316245/dimensions_ifrs_for_01316245/pre_ifrs_for_01316245_2018-08-13.xml","pre_ifrs_for_01316245_2018-08-13.xml",".xml","1479578","63267","True","False","False","False","False","False","398FDAF1022EEB67805221301B74144CB8A99C37347C044FD483D4D43C23E8A6","PASS",""
"298040","효성중공업","soph_handoff_hyosung_heavy_industries_v1_INPUT_PACKAGE_FOR_SOPH.zip","DA164B4FC1B618C121C52F3A8F717BE4B46A9B6AB237F955521DCBE2BE9E4CD6","[효성중공업]분기보고서_IFRS(원문XBRL)(2021.05.14).zip","CBC5750154A087E91137895E8A8FF83FEE597F3CB8CD6C427A1FED85252AF792","6","ifrs_for_01316245/dimensions_ifrs_for_01316245/role_ifrs_for_01316245-dim_2018-08-13.xsd","role_ifrs_for_01316245-dim_2018-08-13.xsd",".xsd","649","311","False","True","False","False","False","False","A8401A74F78D9E5DF87AAD861634B61B3A47B8F6A198AAA6358EFF732A5442F5","PASS",""
"298040","효성중공업","soph_handoff_hyosung_heavy_industries_v1_INPUT_PACKAGE_FOR_SOPH.zip","DA164B4FC1B618C121C52F3A8F717BE4B46A9B6AB237F955521DCBE2BE9E4CD6","[효성중공업]분기보고서_IFRS(원문XBRL)(2021.05.14).zip","CBC5750154A087E91137895E8A8FF83FEE597F3CB8CD6C427A1FED85252AF792","7","labels/lab_01316245-ko_2018-08-13.xml","lab_01316245-ko_2018-08-13.xml",".xml","113393","6061","True","False","False","False","False","False","F169D78B4E183E7117134ECA97EADB15523F50AA4843467E72A4C1096A59C808","PASS",""
"298040","효성중공업","soph_handoff_hyosung_heavy_industries_v1_INPUT_PACKAGE_FOR_SOPH.zip","DA164B4FC1B618C121C52F3A8F717BE4B46A9B6AB237F955521DCBE2BE9E4CD6","[효성중공업]분기보고서_IFRS(원문XBRL)(2021.05.14).zip","CBC5750154A087E91137895E8A8FF83FEE597F3CB8CD6C427A1FED85252AF792","8","labels/lab_01316245-en_2018-08-13.xml","lab_01316245-en_2018-08-13.xml",".xml","85811","4355","True","False","False","False","False","False","C80259BCEDCBC30C158B481395D4D1E6F81D325962EE3AA449086998D8D969DC","PASS",""
"298040","효성중공업","soph_handoff_hyosung_heavy_industries_v1_INPUT_PACKAGE_FOR_SOPH.zip","DA164B4FC1B618C121C52F3A8F717BE4B46A9B6AB237F955521DCBE2BE9E4CD6","[효성중공업]분기보고서_IFRS(원문XBRL)(2021.11.12).zip","A35534B505384A1AE7ED41653A7BCA15849EED1E14FAA4663FF5E5539A4B966A","1","01316245_2018-08-13.xbrl","01316245_2018-08-13.xbrl",".xbrl","226972","12570","True","False","False","False","False","False","0A79CDEAE5FFEF0A8AC4CFF4192A82A9B7DF6DCCED3888EFAE483838B4B1F8CF","PASS",""
"298040","효성중공업","soph_handoff_hyosung_heavy_industries_v1_INPUT_PACKAGE_FOR_SOPH.zip","DA164B4FC1B618C121C52F3A8F717BE4B46A9B6AB237F955521DCBE2BE9E4CD6","[효성중공업]분기보고서_IFRS(원문XBRL)(2021.11.12).zip","A35534B505384A1AE7ED41653A7BCA15849EED1E14FAA4663FF5E5539A4B966A","2","01316245_entry_point_2018-08-13.xsd","01316245_entry_point_2018-08-13.xsd",".xsd","23870","1980","False","True","False","False","False","False","7AA3345C1EA70CD05DFCDC4E3135B4CE926A50C6D5AF8C6AA3150EEEC128926F","PASS",""
"298040","효성중공업","soph_handoff_hyosung_heavy_industries_v1_INPUT_PACKAGE_FOR_SOPH.zip","DA164B4FC1B618C121C52F3A8F717BE4B46A9B6AB237F955521DCBE2BE9E4CD6","[효성중공업]분기보고서_IFRS(원문XBRL)(2021.11.12).zip","A35534B505384A1AE7ED41653A7BCA15849EED1E14FAA4663FF5E5539A4B966A","3","ifrs_for_01316245/dimensions_ifrs_for_01316245/dim_ifrs_for_01316245_2018-08-13.xml","dim_ifrs_for_01316245_2018-08-13.xml",".xml","1459576","62926","True","False","False","False","False","False","FC2EB0AEF7330E076E93A04439CC3B2B83EE82C50C34389917C8C30A090A53A8","PASS",""
"298040","효성중공업","soph_handoff_hyosung_heavy_industries_v1_INPUT_PACKAGE_FOR_SOPH.zip","DA164B4FC1B618C121C52F3A8F717BE4B46A9B6AB237F955521DCBE2BE9E4CD6","[효성중공업]분기보고서_IFRS(원문XBRL)(2021.11.12).zip","A35534B505384A1AE7ED41653A7BCA15849EED1E14FAA4663FF5E5539A4B966A","4","ifrs_for_01316245/dimensions_ifrs_for_01316245/cal_ifrs_for_01316245_2018-08-13.xml","cal_ifrs_for_01316245_2018-08-13.xml",".xml","1444829","61088","True","False","False","False","False","False","8ED832991238BC65587D05CF1149A9165B25524CA0807D445AFFD1051B424A61","PASS",""
"298040","효성중공업","soph_handoff_hyosung_heavy_industries_v1_INPUT_PACKAGE_FOR_SOPH.zip","DA164B4FC1B618C121C52F3A8F717BE4B46A9B6AB237F955521DCBE2BE9E4CD6","[효성중공업]분기보고서_IFRS(원문XBRL)(2021.11.12).zip","A35534B505384A1AE7ED41653A7BCA15849EED1E14FAA4663FF5E5539A4B966A","5","ifrs_for_01316245/dimensions_ifrs_for_01316245/pre_ifrs_for_01316245_2018-08-13.xml","pre_ifrs_for_01316245_2018-08-13.xml",".xml","1488258","63784","True","False","False","False","False","False","53CC65DBC51F1BCE22F564325F863263B74A73465F38082EB67494B58096432D","PASS",""
"298040","효성중공업","soph_handoff_hyosung_heavy_industries_v1_INPUT_PACKAGE_FOR_SOPH.zip","DA164B4FC1B618C121C52F3A8F717BE4B46A9B6AB237F955521DCBE2BE9E4CD6","[효성중공업]분기보고서_IFRS(원문XBRL)(2021.11.12).zip","A35534B505384A1AE7ED41653A7BCA15849EED1E14FAA4663FF5E5539A4B966A","6","ifrs_for_01316245/dimensions_ifrs_for_01316245/role_ifrs_for_01316245-dim_2018-08-13.xsd","role_ifrs_for_01316245-dim_2018-08-13.xsd",".xsd","649","311","False","True","False","False","False","False","A8401A74F78D9E5DF87AAD861634B61B3A47B8F6A198AAA6358EFF732A5442F5","PASS",""
"298040","효성중공업","soph_handoff_hyosung_heavy_industries_v1_INPUT_PACKAGE_FOR_SOPH.zip","DA164B4FC1B618C121C52F3A8F717BE4B46A9B6AB237F955521DCBE2BE9E4CD6","[효성중공업]분기보고서_IFRS(원문XBRL)(2021.11.12).zip","A35534B505384A1AE7ED41653A7BCA15849EED1E14FAA4663FF5E5539A4B966A","7","labels/lab_01316245-ko_2018-08-13.xml","lab_01316245-ko_2018-08-13.xml",".xml","131235","6772","True","False","False","False","False","False","9838B1F86F5FBF686858B8E9D1E8ACC7E1FA5B1BFEE3CFD542F8F226DE7900BE","PASS",""
"298040","효성중공업","soph_handoff_hyosung_heavy_industries_v1_INPUT_PACKAGE_FOR_SOPH.zip","DA164B4FC1B618C121C52F3A8F717BE4B46A9B6AB237F955521DCBE2BE9E4CD6","[효성중공업]분기보고서_IFRS(원문XBRL)(2021.11.12).zip","A35534B505384A1AE7ED41653A7BCA15849EED1E14FAA4663FF5E5539A4B966A","8","labels/lab_01316245-en_2018-08-13.xml","lab_01316245-en_2018-08-13.xml",".xml","105397","5202","True","False","False","False","False","False","2E42FAE2686F148927C5CE72FF941F8C202B81190697EA67D9C0B52E229097A1","PASS",""
"298040","효성중공업","soph_handoff_hyosung_heavy_industries_v1_INPUT_PACKAGE_FOR_SOPH.zip","DA164B4FC1B618C121C52F3A8F717BE4B46A9B6AB237F955521DCBE2BE9E4CD6","[효성중공업]분기보고서_IFRS(원문XBRL)(2022.11.11).zip","C2F49C066E93DFE6610DEB780688213F4AF2D997F84858F4D3566F750EF0F863","1","01316245_2022-05-13.xbrl","01316245_2022-05-13.xbrl",".xbrl","229338","12680","True","False","False","False","False","False","60655F1BE2CDD8C919F1C78F5D1DA1EF51F65E8D0940A9163B08F7F43C1807E2","PASS",""
"298040","효성중공업","soph_handoff_hyosung_heavy_industries_v1_INPUT_PACKAGE_FOR_SOPH.zip","DA164B4FC1B618C121C52F3A8F717BE4B46A9B6AB237F955521DCBE2BE9E4CD6","[효성중공업]분기보고서_IFRS(원문XBRL)(2022.11.11).zip","C2F49C066E93DFE6610DEB780688213F4AF2D997F84858F4D3566F750EF0F863","2","01316245_entry_point_2022-05-13.xsd","01316245_entry_point_2022-05-13.xsd",".xsd","19134","1756","False","True","False","False","False","False","BE3D4A25C68D09B59F8BB42BF1C012B0C56589A7339CFE46DE6147E87F880EB7","PASS",""
"298040","효성중공업","soph_handoff_hyosung_heavy_industries_v1_INPUT_PACKAGE_FOR_SOPH.zip","DA164B4FC1B618C121C52F3A8F717BE4B46A9B6AB237F955521DCBE2BE9E4CD6","[효성중공업]분기보고서_IFRS(원문XBRL)(2022.11.11).zip","C2F49C066E93DFE6610DEB780688213F4AF2D997F84858F4D3566F750EF0F863","3","ifrs_for_01316245/dimensions_ifrs_for_01316245/dim_ifrs_for_01316245_2022-05-13.xml","dim_ifrs_for_01316245_2022-05-13.xml",".xml","1436234","61710","True","False","False","False","False","False","C49505660A9B0F2EACA060BF285BAE482D39448BBB66302CDF8314BD8E6E7094","PASS",""
"298040","효성중공업","soph_handoff_hyosung_heavy_industries_v1_INPUT_PACKAGE_FOR_SOPH.zip","DA164B4FC1B618C121C52F3A8F717BE4B46A9B6AB237F955521DCBE2BE9E4CD6","[효성중공업]분기보고서_IFRS(원문XBRL)(2022.11.11).zip","C2F49C066E93DFE6610DEB780688213F4AF2D997F84858F4D3566F750EF0F863","4","ifrs_for_01316245/dimensions_ifrs_for_01316245/cal_ifrs_for_01316245_2022-05-13.xml","cal_ifrs_for_01316245_2022-05-13.xml",".xml","1434138","60052","True","False","False","False","False","False","385156CE5B7A11E631EAAC37ADD9F0ECE784AE586F0600439307C12CE4C5F07F","PASS",""
"298040","효성중공업","soph_handoff_hyosung_heavy_industries_v1_INPUT_PACKAGE_FOR_SOPH.zip","DA164B4FC1B618C121C52F3A8F717BE4B46A9B6AB237F955521DCBE2BE9E4CD6","[효성중공업]분기보고서_IFRS(원문XBRL)(2022.11.11).zip","C2F49C066E93DFE6610DEB780688213F4AF2D997F84858F4D3566F750EF0F863","5","ifrs_for_01316245/dimensions_ifrs_for_01316245/pre_ifrs_for_01316245_2022-05-13.xml","pre_ifrs_for_01316245_2022-05-13.xml",".xml","1464320","62574","True","False","False","False","False","False","810819060D217B181483D80F1603BBDAF44BBCC8202D9D41134437E334D36BCD","PASS",""
"298040","효성중공업","soph_handoff_hyosung_heavy_industries_v1_INPUT_PACKAGE_FOR_SOPH.zip","DA164B4FC1B618C121C52F3A8F717BE4B46A9B6AB237F955521DCBE2BE9E4CD6","[효성중공업]분기보고서_IFRS(원문XBRL)(2022.11.11).zip","C2F49C066E93DFE6610DEB780688213F4AF2D997F84858F4D3566F750EF0F863","6","ifrs_for_01316245/dimensions_ifrs_for_01316245/role_ifrs_for_01316245-dim_2022-05-13.xsd","role_ifrs_for_01316245-dim_2022-05-13.xsd",".xsd","649","311","False","True","False","False","False","False","A8401A74F78D9E5DF87AAD861634B61B3A47B8F6A198AAA6358EFF732A5442F5","PASS",""
"298040","효성중공업","soph_handoff_hyosung_heavy_industries_v1_INPUT_PACKAGE_FOR_SOPH.zip","DA164B4FC1B618C121C52F3A8F717BE4B46A9B6AB237F955521DCBE2BE9E4CD6","[효성중공업]분기보고서_IFRS(원문XBRL)(2022.11.11).zip","C2F49C066E93DFE6610DEB780688213F4AF2D997F84858F4D3566F750EF0F863","7","labels/lab_01316245-ko_2022-05-13.xml","lab_01316245-ko_2022-05-13.xml",".xml","113238","6134","True","False","False","False","False","False","9192760950DFDC5C5E09FCD415D8C150771265BFD33BB15A07E6C7A2ED03FE3E","PASS",""
"298040","효성중공업","soph_handoff_hyosung_heavy_industries_v1_INPUT_PACKAGE_FOR_SOPH.zip","DA164B4FC1B618C121C52F3A8F717BE4B46A9B6AB237F955521DCBE2BE9E4CD6","[효성중공업]분기보고서_IFRS(원문XBRL)(2022.11.11).zip","C2F49C066E93DFE6610DEB780688213F4AF2D997F84858F4D3566F750EF0F863","8","labels/lab_01316245-en_2022-05-13.xml","lab_01316245-en_2022-05-13.xml",".xml","81447","4135","True","False","False","False","False","False","9749740928C27F44960BBD913050BBDED45F45DD6805DF5F847E7702E30D1E90","PASS",""
"298040","효성중공업","soph_handoff_hyosung_heavy_industries_v1_INPUT_PACKAGE_FOR_SOPH.zip","DA164B4FC1B618C121C52F3A8F717BE4B46A9B6AB237F955521DCBE2BE9E4CD6","[효성중공업]분기보고서_IFRS(원문XBRL)(2023.05.12).zip","A735EED5072C0058DA4ACA14C4D74B5BAC3F9A133C40CA6F58C4E50B45D260A9","1","01316245_2018-08-13.xbrl","01316245_2018-08-13.xbrl",".xbrl","218176","11241","True","False","False","False","False","False","7706012249E5BCF498FC641AE4DB6AD54DA6326253AB9FAC4C5C9CF1ED839411","PASS",""
"298040","효성중공업","soph_handoff_hyosung_heavy_industries_v1_INPUT_PACKAGE_FOR_SOPH.zip","DA164B4FC1B618C121C52F3A8F717BE4B46A9B6AB237F955521DCBE2BE9E4CD6","[효성중공업]분기보고서_IFRS(원문XBRL)(2023.05.12).zip","A735EED5072C0058DA4ACA14C4D74B5BAC3F9A133C40CA6F58C4E50B45D260A9","2","01316245_entry_point_2018-08-13.xsd","01316245_entry_point_2018-08-13.xsd",".xsd","23309","1954","False","True","False","False","False","False","04565901A80619A5B085D3BD171887D2CB55FF0B7E42C1B02997AE01B00C8BDD","PASS",""
"298040","효성중공업","soph_handoff_hyosung_heavy_industries_v1_INPUT_PACKAGE_FOR_SOPH.zip","DA164B4FC1B618C121C52F3A8F717BE4B46A9B6AB237F955521DCBE2BE9E4CD6","[효성중공업]분기보고서_IFRS(원문XBRL)(2023.05.12).zip","A735EED5072C0058DA4ACA14C4D74B5BAC3F9A133C40CA6F58C4E50B45D260A9","3","ifrs_for_01316245/dimensions_ifrs_for_01316245/dim_ifrs_for_01316245_2018-08-13.xml","dim_ifrs_for_01316245_2018-08-13.xml",".xml","1450836","62442","True","False","False","False","False","False","69321A373652B780EDE44518FDF82D4F3E868EFEFC3781A69725CDEA80C77491","PASS",""
"298040","효성중공업","soph_handoff_hyosung_heavy_industries_v1_INPUT_PACKAGE_FOR_SOPH.zip","DA164B4FC1B618C121C52F3A8F717BE4B46A9B6AB237F955521DCBE2BE9E4CD6","[효성중공업]분기보고서_IFRS(원문XBRL)(2023.05.12).zip","A735EED5072C0058DA4ACA14C4D74B5BAC3F9A133C40CA6F58C4E50B45D260A9","4","ifrs_for_01316245/dimensions_ifrs_for_01316245/cal_ifrs_for_01316245_2018-08-13.xml","cal_ifrs_for_01316245_2018-08-13.xml",".xml","1452995","61293","True","False","False","False","False","False","FEDFECB18526B3304BE5CF91EE7351B9A13D235796CF5169F4A5EF3CE6810D2A","PASS",""
"298040","효성중공업","soph_handoff_hyosung_heavy_industries_v1_INPUT_PACKAGE_FOR_SOPH.zip","DA164B4FC1B618C121C52F3A8F717BE4B46A9B6AB237F955521DCBE2BE9E4CD6","[효성중공업]분기보고서_IFRS(원문XBRL)(2023.05.12).zip","A735EED5072C0058DA4ACA14C4D74B5BAC3F9A133C40CA6F58C4E50B45D260A9","5","ifrs_for_01316245/dimensions_ifrs_for_01316245/pre_ifrs_for_01316245_2018-08-13.xml","pre_ifrs_for_01316245_2018-08-13.xml",".xml","1479507","63273","True","False","False","False","False","False","AB845A5074AF5E10548775770814DA84328979C6779226CE84D9438BB6D5F048","PASS",""
"298040","효성중공업","soph_handoff_hyosung_heavy_industries_v1_INPUT_PACKAGE_FOR_SOPH.zip","DA164B4FC1B618C121C52F3A8F717BE4B46A9B6AB237F955521DCBE2BE9E4CD6","[효성중공업]분기보고서_IFRS(원문XBRL)(2023.05.12).zip","A735EED5072C0058DA4ACA14C4D74B5BAC3F9A133C40CA6F58C4E50B45D260A9","6","ifrs_for_01316245/dimensions_ifrs_for_01316245/role_ifrs_for_01316245-dim_2018-08-13.xsd","role_ifrs_for_01316245-dim_2018-08-13.xsd",".xsd","649","311","False","True","False","False","False","False","A8401A74F78D9E5DF87AAD861634B61B3A47B8F6A198AAA6358EFF732A5442F5","PASS",""
"298040","효성중공업","soph_handoff_hyosung_heavy_industries_v1_INPUT_PACKAGE_FOR_SOPH.zip","DA164B4FC1B618C121C52F3A8F717BE4B46A9B6AB237F955521DCBE2BE9E4CD6","[효성중공업]분기보고서_IFRS(원문XBRL)(2023.05.12).zip","A735EED5072C0058DA4ACA14C4D74B5BAC3F9A133C40CA6F58C4E50B45D260A9","7","labels/lab_01316245-ko_2018-08-13.xml","lab_01316245-ko_2018-08-13.xml",".xml","128193","6627","True","False","False","False","False","False","B6C1708A1AF358F044F54189539706097D778A49C45B0A71FFDCB71AE131023E","PASS",""
"298040","효성중공업","soph_handoff_hyosung_heavy_industries_v1_INPUT_PACKAGE_FOR_SOPH.zip","DA164B4FC1B618C121C52F3A8F717BE4B46A9B6AB237F955521DCBE2BE9E4CD6","[효성중공업]분기보고서_IFRS(원문XBRL)(2023.05.12).zip","A735EED5072C0058DA4ACA14C4D74B5BAC3F9A133C40CA6F58C4E50B45D260A9","8","labels/lab_01316245-en_2018-08-13.xml","lab_01316245-en_2018-08-13.xml",".xml","100153","4966","True","False","False","False","False","False","C0C4AC817EC44038298E31709080DF3F4E2CD5DF7C9B1E4CFEC1E1A08272E2AA","PASS",""
"298040","효성중공업","soph_handoff_hyosung_heavy_industries_v1_INPUT_PACKAGE_FOR_SOPH.zip","DA164B4FC1B618C121C52F3A8F717BE4B46A9B6AB237F955521DCBE2BE9E4CD6","[효성중공업]분기보고서_IFRS(원문XBRL)(2023.11.13).zip","ACA339EB6E1283B980E5CB79BCD9F6FC5FD98D536209ABF70B396A6218AA5B73","1","entity01316245_2023-09-30.xbrl","entity01316245_2023-09-30.xbrl",".xbrl","229576","13882","True","False","False","False","False","False","3AEAF80E89509030E7DD9E68D4F91C76AAFC1EBFACEC291A7DD91DA290BC35C2","PASS",""
"298040","효성중공업","soph_handoff_hyosung_heavy_industries_v1_INPUT_PACKAGE_FOR_SOPH.zip","DA164B4FC1B618C121C52F3A8F717BE4B46A9B6AB237F955521DCBE2BE9E4CD6","[효성중공업]분기보고서_IFRS(원문XBRL)(2023.11.13).zip","ACA339EB6E1283B980E5CB79BCD9F6FC5FD98D536209ABF70B396A6218AA5B73","2","entity01316245_2023-09-30.xsd","entity01316245_2023-09-30.xsd",".xsd","32082","2942","False","True","False","False","False","False","0D294A620D0E3D03BA388B11CC8707B6AE67C8E102469D71749584D42111B070","PASS",""
"298040","효성중공업","soph_handoff_hyosung_heavy_industries_v1_INPUT_PACKAGE_FOR_SOPH.zip","DA164B4FC1B618C121C52F3A8F717BE4B46A9B6AB237F955521DCBE2BE9E4CD6","[효성중공업]분기보고서_IFRS(원문XBRL)(2023.11.13).zip","ACA339EB6E1283B980E5CB79BCD9F6FC5FD98D536209ABF70B396A6218AA5B73","3","entity01316245_2023-09-30_def.xml","entity01316245_2023-09-30_def.xml",".xml","240788","10642","False","False","False","False","False","True","E1D71C87C30188446EF17CECF8DB0774DFBAC99EEB330DF6C981047D1F2B3AF1","PASS",""
"298040","효성중공업","soph_handoff_hyosung_heavy_industries_v1_INPUT_PACKAGE_FOR_SOPH.zip","DA164B4FC1B618C121C52F3A8F717BE4B46A9B6AB237F955521DCBE2BE9E4CD6","[효성중공업]분기보고서_IFRS(원문XBRL)(2023.11.13).zip","ACA339EB6E1283B980E5CB79BCD9F6FC5FD98D536209ABF70B396A6218AA5B73","4","entity01316245_2023-09-30_cal.xml","entity01316245_2023-09-30_cal.xml",".xml","155734","6980","False","False","False","False","True","False","2C4762BCEECB08FAAAC4E54AB1068A131B9B4DE6D7EC3E4CBD6482D5C274EAE3","PASS",""
"298040","효성중공업","soph_handoff_hyosung_heavy_industries_v1_INPUT_PACKAGE_FOR_SOPH.zip","DA164B4FC1B618C121C52F3A8F717BE4B46A9B6AB237F955521DCBE2BE9E4CD6","[효성중공업]분기보고서_IFRS(원문XBRL)(2023.11.13).zip","ACA339EB6E1283B980E5CB79BCD9F6FC5FD98D536209ABF70B396A6218AA5B73","5","entity01316245_2023-09-30_pre.xml","entity01316245_2023-09-30_pre.xml",".xml","231009","10378","False","False","False","True","False","False","6D80B51E45BC9F0BCC7B6D752F8E6CB77F6EB900EB5915C2B15EC6548E2EC8EB","PASS",""
"298040","효성중공업","soph_handoff_hyosung_heavy_industries_v1_INPUT_PACKAGE_FOR_SOPH.zip","DA164B4FC1B618C121C52F3A8F717BE4B46A9B6AB237F955521DCBE2BE9E4CD6","[효성중공업]분기보고서_IFRS(원문XBRL)(2023.11.13).zip","ACA339EB6E1283B980E5CB79BCD9F6FC5FD98D536209ABF70B396A6218AA5B73","6","entity01316245_2023-09-30_lab-ko.xml","entity01316245_2023-09-30_lab-ko.xml",".xml","340385","17527","False","False","True","False","False","False","78B1C4E8E6AA9783809D52D44F3E047A3E95694D7541260A4864B8578C0A8286","PASS",""
"298040","효성중공업","soph_handoff_hyosung_heavy_industries_v1_INPUT_PACKAGE_FOR_SOPH.zip","DA164B4FC1B618C121C52F3A8F717BE4B46A9B6AB237F955521DCBE2BE9E4CD6","[효성중공업]분기보고서_IFRS(원문XBRL)(2023.11.13).zip","ACA339EB6E1283B980E5CB79BCD9F6FC5FD98D536209ABF70B396A6218AA5B73","7","entity01316245_2023-09-30_lab-en.xml","entity01316245_2023-09-30_lab-en.xml",".xml","346510","17068","False","False","True","False","False","False","C9B0ADF0505B96C0628EFA777CF6D366DEA262D4B4885EEEB4A292E016240734","PASS",""
"298040","효성중공업","soph_handoff_hyosung_heavy_industries_v1_INPUT_PACKAGE_FOR_SOPH.zip","DA164B4FC1B618C121C52F3A8F717BE4B46A9B6AB237F955521DCBE2BE9E4CD6","[효성중공업]분기보고서_IFRS(원문XBRL)(2024.11.13).zip","79E415B0495411664ADA4BE5D4FB200DD2C896B96FAC0BC1AC2B5D159311BA61","1","entity01316245_2024-09-30.xbrl","entity01316245_2024-09-30.xbrl",".xbrl","6246126","258886","True","False","False","False","False","False","1CBB95EAA55953F1953B3281EB95C97B41FC4EA1C3D4F3B2B97DFFB67FC3083C","PASS",""
"298040","효성중공업","soph_handoff_hyosung_heavy_industries_v1_INPUT_PACKAGE_FOR_SOPH.zip","DA164B4FC1B618C121C52F3A8F717BE4B46A9B6AB237F955521DCBE2BE9E4CD6","[효성중공업]분기보고서_IFRS(원문XBRL)(2024.11.13).zip","79E415B0495411664ADA4BE5D4FB200DD2C896B96FAC0BC1AC2B5D159311BA61","2","entity01316245_2024-09-30.xsd","entity01316245_2024-09-30.xsd",".xsd","413563","25455","False","True","False","False","False","False","872BEC396DE6904FF8E6EBF8041F8CE6FAC43D0A2E44E6FDA20FB3F4A87F7C3A","PASS",""
"298040","효성중공업","soph_handoff_hyosung_heavy_industries_v1_INPUT_PACKAGE_FOR_SOPH.zip","DA164B4FC1B618C121C52F3A8F717BE4B46A9B6AB237F955521DCBE2BE9E4CD6","[효성중공업]분기보고서_IFRS(원문XBRL)(2024.11.13).zip","79E415B0495411664ADA4BE5D4FB200DD2C896B96FAC0BC1AC2B5D159311BA61","3","entity01316245_2024-09-30_def.xml","entity01316245_2024-09-30_def.xml",".xml","3715626","123017","False","False","False","False","False","True","7295DBCD0EE23FCC19C602ECD11CFC44E789A55C5E72D757B44B2D557218C110","PASS",""
"298040","효성중공업","soph_handoff_hyosung_heavy_industries_v1_INPUT_PACKAGE_FOR_SOPH.zip","DA164B4FC1B618C121C52F3A8F717BE4B46A9B6AB237F955521DCBE2BE9E4CD6","[효성중공업]분기보고서_IFRS(원문XBRL)(2024.11.13).zip","79E415B0495411664ADA4BE5D4FB200DD2C896B96FAC0BC1AC2B5D159311BA61","4","entity01316245_2024-09-30_cal.xml","entity01316245_2024-09-30_cal.xml",".xml","158597","6900","False","False","False","False","True","False","895AC07A4AEAD7BCA512CAEA1741054A8D2931D141D86359FEB12EF7E5A7C837","PASS",""
"298040","효성중공업","soph_handoff_hyosung_heavy_industries_v1_INPUT_PACKAGE_FOR_SOPH.zip","DA164B4FC1B618C121C52F3A8F717BE4B46A9B6AB237F955521DCBE2BE9E4CD6","[효성중공업]분기보고서_IFRS(원문XBRL)(2024.11.13).zip","79E415B0495411664ADA4BE5D4FB200DD2C896B96FAC0BC1AC2B5D159311BA61","5","entity01316245_2024-09-30_pre.xml","entity01316245_2024-09-30_pre.xml",".xml","2719590","104636","False","False","False","True","False","False","E9EBE0E622EC08711CA47C6E6B5EBB40CFD6D42DFB48915ADB2FF3689228AB9C","PASS",""
"298040","효성중공업","soph_handoff_hyosung_heavy_industries_v1_INPUT_PACKAGE_FOR_SOPH.zip","DA164B4FC1B618C121C52F3A8F717BE4B46A9B6AB237F955521DCBE2BE9E4CD6","[효성중공업]분기보고서_IFRS(원문XBRL)(2024.11.13).zip","79E415B0495411664ADA4BE5D4FB200DD2C896B96FAC0BC1AC2B5D159311BA61","6","entity01316245_2024-09-30_lab-ko.xml","entity01316245_2024-09-30_lab-ko.xml",".xml","3501891","147222","False","False","True","False","False","False","C76DDAD8B53653A6785B022CD96F8FEE6120DE8BB22ED3C92B7D4386226F2826","PASS",""
"298040","효성중공업","soph_handoff_hyosung_heavy_industries_v1_INPUT_PACKAGE_FOR_SOPH.zip","DA164B4FC1B618C121C52F3A8F717BE4B46A9B6AB237F955521DCBE2BE9E4CD6","[효성중공업]분기보고서_IFRS(원문XBRL)(2024.11.13).zip","79E415B0495411664ADA4BE5D4FB200DD2C896B96FAC0BC1AC2B5D159311BA61","7","entity01316245_2024-09-30_lab-en.xml","entity01316245_2024-09-30_lab-en.xml",".xml","3539954","138643","False","False","True","False","False","False","1E327C48845AD80A53938BC5ED47F115F73CC7AAB6AF97B68C0BE0EB65DB31D1","PASS",""
"298040","효성중공업","soph_handoff_hyosung_heavy_industries_v1_INPUT_PACKAGE_FOR_SOPH.zip","DA164B4FC1B618C121C52F3A8F717BE4B46A9B6AB237F955521DCBE2BE9E4CD6","[효성중공업]분기보고서_IFRS(원문XBRL)(2025.05.14).zip","0FDB3EA7A66D8623F69D684DA533D793599ED71B34713E0EB76825D9508112EB","1","entity01316245_2025-03-31.xbrl","entity01316245_2025-03-31.xbrl",".xbrl","5395929","228904","True","False","False","False","False","False","2176BDD092E9F2E01BDF200DAE2E8AC318AE8D4C259922B059DEAE88600937E3","PASS",""
"298040","효성중공업","soph_handoff_hyosung_heavy_industries_v1_INPUT_PACKAGE_FOR_SOPH.zip","DA164B4FC1B618C121C52F3A8F717BE4B46A9B6AB237F955521DCBE2BE9E4CD6","[효성중공업]분기보고서_IFRS(원문XBRL)(2025.05.14).zip","0FDB3EA7A66D8623F69D684DA533D793599ED71B34713E0EB76825D9508112EB","2","entity01316245_2025-03-31.xsd","entity01316245_2025-03-31.xsd",".xsd","403857","25279","False","True","False","False","False","False","4587F0A0CDD3C15B662DA5DFDA21D3579E8B2FFBB1B804522034693024315140","PASS",""
"298040","효성중공업","soph_handoff_hyosung_heavy_industries_v1_INPUT_PACKAGE_FOR_SOPH.zip","DA164B4FC1B618C121C52F3A8F717BE4B46A9B6AB237F955521DCBE2BE9E4CD6","[효성중공업]분기보고서_IFRS(원문XBRL)(2025.05.14).zip","0FDB3EA7A66D8623F69D684DA533D793599ED71B34713E0EB76825D9508112EB","3","entity01316245_2025-03-31_def.xml","entity01316245_2025-03-31_def.xml",".xml","3732648","122884","False","False","False","False","False","True","522AEBA101D40CBDBD249C4B8D6AAFF35E6B148247A41307470D783B09E8DF29","PASS",""
"298040","효성중공업","soph_handoff_hyosung_heavy_industries_v1_INPUT_PACKAGE_FOR_SOPH.zip","DA164B4FC1B618C121C52F3A8F717BE4B46A9B6AB237F955521DCBE2BE9E4CD6","[효성중공업]분기보고서_IFRS(원문XBRL)(2025.05.14).zip","0FDB3EA7A66D8623F69D684DA533D793599ED71B34713E0EB76825D9508112EB","4","entity01316245_2025-03-31_cal.xml","entity01316245_2025-03-31_cal.xml",".xml","153872","6568","False","False","False","False","True","False","9E17A11F574E986EB5F050D5F0FB8F3B2A41EA3609E1D4C2C7ED9A0AA7DA61DB","PASS",""
"298040","효성중공업","soph_handoff_hyosung_heavy_industries_v1_INPUT_PACKAGE_FOR_SOPH.zip","DA164B4FC1B618C121C52F3A8F717BE4B46A9B6AB237F955521DCBE2BE9E4CD6","[효성중공업]분기보고서_IFRS(원문XBRL)(2025.05.14).zip","0FDB3EA7A66D8623F69D684DA533D793599ED71B34713E0EB76825D9508112EB","5","entity01316245_2025-03-31_pre.xml","entity01316245_2025-03-31_pre.xml",".xml","2723854","105711","False","False","False","True","False","False","52D9C18684413FA8652C4EF01A3310D68699C072648EB16C73026FF82AC3E9EA","PASS",""
"298040","효성중공업","soph_handoff_hyosung_heavy_industries_v1_INPUT_PACKAGE_FOR_SOPH.zip","DA164B4FC1B618C121C52F3A8F717BE4B46A9B6AB237F955521DCBE2BE9E4CD6","[효성중공업]분기보고서_IFRS(원문XBRL)(2025.05.14).zip","0FDB3EA7A66D8623F69D684DA533D793599ED71B34713E0EB76825D9508112EB","6","entity01316245_2025-03-31_lab-ko.xml","entity01316245_2025-03-31_lab-ko.xml",".xml","3495493","148472","False","False","True","False","False","False","5DF51F49D520DA0DF113C492456838142A61C07279E9473DCD95E7DFFE29C56C","PASS",""
"298040","효성중공업","soph_handoff_hyosung_heavy_industries_v1_INPUT_PACKAGE_FOR_SOPH.zip","DA164B4FC1B618C121C52F3A8F717BE4B46A9B6AB237F955521DCBE2BE9E4CD6","[효성중공업]분기보고서_IFRS(원문XBRL)(2025.05.14).zip","0FDB3EA7A66D8623F69D684DA533D793599ED71B34713E0EB76825D9508112EB","7","entity01316245_2025-03-31_lab-en.xml","entity01316245_2025-03-31_lab-en.xml",".xml","3532335","139491","False","False","True","False","False","False","ADC6A4CEE3D93DCE498598FB3256E2BB18D79F06B193D05C35DCC3543CF1B853","PASS",""
"298040","효성중공업","soph_handoff_hyosung_heavy_industries_v1_INPUT_PACKAGE_FOR_SOPH.zip","DA164B4FC1B618C121C52F3A8F717BE4B46A9B6AB237F955521DCBE2BE9E4CD6","[효성중공업]분기보고서_IFRS(원문XBRL)(2025.11.13).zip","2234493B42F16C2636CD09519CED19CA39A9FB5E75BF217CE89CCFFB0DD56048","1","entity01316245_2025-09-30.xbrl","entity01316245_2025-09-30.xbrl",".xbrl","6464173","289454","True","False","False","False","False","False","FF1F6915B0D12898A854EA746E8EB5589CE58238388B40652F7A84677E254E04","PASS",""
"298040","효성중공업","soph_handoff_hyosung_heavy_industries_v1_INPUT_PACKAGE_FOR_SOPH.zip","DA164B4FC1B618C121C52F3A8F717BE4B46A9B6AB237F955521DCBE2BE9E4CD6","[효성중공업]분기보고서_IFRS(원문XBRL)(2025.11.13).zip","2234493B42F16C2636CD09519CED19CA39A9FB5E75BF217CE89CCFFB0DD56048","2","entity01316245_2025-09-30.xsd","entity01316245_2025-09-30.xsd",".xsd","401218","29275","False","True","False","False","False","False","8F31F6F96C04FFB66EADAF94CB5821F70F5C54A947E8603D0B0F5446E37FD8D9","PASS",""
"298040","효성중공업","soph_handoff_hyosung_heavy_industries_v1_INPUT_PACKAGE_FOR_SOPH.zip","DA164B4FC1B618C121C52F3A8F717BE4B46A9B6AB237F955521DCBE2BE9E4CD6","[효성중공업]분기보고서_IFRS(원문XBRL)(2025.11.13).zip","2234493B42F16C2636CD09519CED19CA39A9FB5E75BF217CE89CCFFB0DD56048","3","entity01316245_2025-09-30_def.xml","entity01316245_2025-09-30_def.xml",".xml","3777050","124840","False","False","False","False","False","True","5B3ACCD50543801C02F4768BACF91012129B6E0D5E8A67DDC5E9B43BCFAE2128","PASS",""
"298040","효성중공업","soph_handoff_hyosung_heavy_industries_v1_INPUT_PACKAGE_FOR_SOPH.zip","DA164B4FC1B618C121C52F3A8F717BE4B46A9B6AB237F955521DCBE2BE9E4CD6","[효성중공업]분기보고서_IFRS(원문XBRL)(2025.11.13).zip","2234493B42F16C2636CD09519CED19CA39A9FB5E75BF217CE89CCFFB0DD56048","4","entity01316245_2025-09-30_cal.xml","entity01316245_2025-09-30_cal.xml",".xml","165715","7199","False","False","False","False","True","False","A7E109BF03BEF64B891DC83A11F97141C1626AE2A71FA3BB5758DD38047EB1EE","PASS",""
"298040","효성중공업","soph_handoff_hyosung_heavy_industries_v1_INPUT_PACKAGE_FOR_SOPH.zip","DA164B4FC1B618C121C52F3A8F717BE4B46A9B6AB237F955521DCBE2BE9E4CD6","[효성중공업]분기보고서_IFRS(원문XBRL)(2025.11.13).zip","2234493B42F16C2636CD09519CED19CA39A9FB5E75BF217CE89CCFFB0DD56048","5","entity01316245_2025-09-30_pre.xml","entity01316245_2025-09-30_pre.xml",".xml","2767201","107831","False","False","False","True","False","False","46099711FBBDC5A7225CCC12E533489F154C2B67B3561B813ADCD27847854186","PASS",""
"298040","효성중공업","soph_handoff_hyosung_heavy_industries_v1_INPUT_PACKAGE_FOR_SOPH.zip","DA164B4FC1B618C121C52F3A8F717BE4B46A9B6AB237F955521DCBE2BE9E4CD6","[효성중공업]분기보고서_IFRS(원문XBRL)(2025.11.13).zip","2234493B42F16C2636CD09519CED19CA39A9FB5E75BF217CE89CCFFB0DD56048","6","entity01316245_2025-09-30_lab-ko.xml","entity01316245_2025-09-30_lab-ko.xml",".xml","3571372","152392","False","False","True","False","False","False","67EB5F81F8CA76ACADEB1A15635D4508BECA79F949CA86E4E91B3033193412F0","PASS",""
"298040","효성중공업","soph_handoff_hyosung_heavy_industries_v1_INPUT_PACKAGE_FOR_SOPH.zip","DA164B4FC1B618C121C52F3A8F717BE4B46A9B6AB237F955521DCBE2BE9E4CD6","[효성중공업]분기보고서_IFRS(원문XBRL)(2025.11.13).zip","2234493B42F16C2636CD09519CED19CA39A9FB5E75BF217CE89CCFFB0DD56048","7","entity01316245_2025-09-30_lab-en.xml","entity01316245_2025-09-30_lab-en.xml",".xml","3609158","143012","False","False","True","False","False","False","0D11F80B3ECC601E2551C4B4814736442065B1EEF49F7383A2B34416BEA7503C","PASS",""
"298040","효성중공업","soph_handoff_hyosung_heavy_industries_v1_INPUT_PACKAGE_FOR_SOPH.zip","DA164B4FC1B618C121C52F3A8F717BE4B46A9B6AB237F955521DCBE2BE9E4CD6","[효성중공업]분기보고서_IFRS(원문XBRL)(2026.05.14).zip","B4800FBA5EE0A1B7978852427180D132FC424B7F3128EDC1AB5D561BC0DBE428","1","entity01316245_2026-03-31.xbrl","entity01316245_2026-03-31.xbrl",".xbrl","6568466","296508","True","False","False","False","False","False","580CC94A8AAB2036D7C769F0AB78E54D39FDD96DA07176AE17C3ABD2546CC10D","PASS",""
"298040","효성중공업","soph_handoff_hyosung_heavy_industries_v1_INPUT_PACKAGE_FOR_SOPH.zip","DA164B4FC1B618C121C52F3A8F717BE4B46A9B6AB237F955521DCBE2BE9E4CD6","[효성중공업]분기보고서_IFRS(원문XBRL)(2026.05.14).zip","B4800FBA5EE0A1B7978852427180D132FC424B7F3128EDC1AB5D561BC0DBE428","2","entity01316245_2026-03-31.xsd","entity01316245_2026-03-31.xsd",".xsd","413307","29598","False","True","False","False","False","False","6854B880DFF8BF27F0B02D9063079E6979677DD9A8505448962009898A70702D","PASS",""
"298040","효성중공업","soph_handoff_hyosung_heavy_industries_v1_INPUT_PACKAGE_FOR_SOPH.zip","DA164B4FC1B618C121C52F3A8F717BE4B46A9B6AB237F955521DCBE2BE9E4CD6","[효성중공업]분기보고서_IFRS(원문XBRL)(2026.05.14).zip","B4800FBA5EE0A1B7978852427180D132FC424B7F3128EDC1AB5D561BC0DBE428","3","entity01316245_2026-03-31_def.xml","entity01316245_2026-03-31_def.xml",".xml","3827010","127110","False","False","False","False","False","True","6B4F826A16375AF0E3E8B1E1B4B613706DF09E46AC2C65CBB3E223E98FE3A622","PASS",""
"298040","효성중공업","soph_handoff_hyosung_heavy_industries_v1_INPUT_PACKAGE_FOR_SOPH.zip","DA164B4FC1B618C121C52F3A8F717BE4B46A9B6AB237F955521DCBE2BE9E4CD6","[효성중공업]분기보고서_IFRS(원문XBRL)(2026.05.14).zip","B4800FBA5EE0A1B7978852427180D132FC424B7F3128EDC1AB5D561BC0DBE428","4","entity01316245_2026-03-31_cal.xml","entity01316245_2026-03-31_cal.xml",".xml","162333","7166","False","False","False","False","True","False","98CF8B16C6EDAD1BFF42D18202468B2B099FC756019080D2DE74C01B11C3F979","PASS",""
"298040","효성중공업","soph_handoff_hyosung_heavy_industries_v1_INPUT_PACKAGE_FOR_SOPH.zip","DA164B4FC1B618C121C52F3A8F717BE4B46A9B6AB237F955521DCBE2BE9E4CD6","[효성중공업]분기보고서_IFRS(원문XBRL)(2026.05.14).zip","B4800FBA5EE0A1B7978852427180D132FC424B7F3128EDC1AB5D561BC0DBE428","5","entity01316245_2026-03-31_pre.xml","entity01316245_2026-03-31_pre.xml",".xml","2796132","109547","False","False","False","True","False","False","606FD8CA0E704389CDA03F6FA1B19A6F0A9283D698A96A8BE4D53ED8D63C5932","PASS",""
"298040","효성중공업","soph_handoff_hyosung_heavy_industries_v1_INPUT_PACKAGE_FOR_SOPH.zip","DA164B4FC1B618C121C52F3A8F717BE4B46A9B6AB237F955521DCBE2BE9E4CD6","[효성중공업]분기보고서_IFRS(원문XBRL)(2026.05.14).zip","B4800FBA5EE0A1B7978852427180D132FC424B7F3128EDC1AB5D561BC0DBE428","6","entity01316245_2026-03-31_lab-ko.xml","entity01316245_2026-03-31_lab-ko.xml",".xml","3666674","155423","False","False","True","False","False","False","76D650A8B6160D4699D74F09B7200CADC0158611E9D000E6E3F8581AAE8B67CE","PASS",""
"298040","효성중공업","soph_handoff_hyosung_heavy_industries_v1_INPUT_PACKAGE_FOR_SOPH.zip","DA164B4FC1B618C121C52F3A8F717BE4B46A9B6AB237F955521DCBE2BE9E4CD6","[효성중공업]분기보고서_IFRS(원문XBRL)(2026.05.14).zip","B4800FBA5EE0A1B7978852427180D132FC424B7F3128EDC1AB5D561BC0DBE428","7","entity01316245_2026-03-31_lab-en.xml","entity01316245_2026-03-31_lab-en.xml",".xml","3705704","146067","False","False","True","False","False","False","6FC30DE37084CC570795EA752ABE62E6E4AC17E9AC57D6ADFEFC9A3FFD4FE47C","PASS",""
"298040","효성중공업","soph_handoff_hyosung_heavy_industries_v1_INPUT_PACKAGE_FOR_SOPH.zip","DA164B4FC1B618C121C52F3A8F717BE4B46A9B6AB237F955521DCBE2BE9E4CD6","[효성중공업]사업보고서_IFRS(원문XBRL)(2021.03.10).zip","21EB3CF799215CD63CF383652D81CD37AEB19CEF7973FA568B832AE1CA197725","1","01316245_2018-08-13.xbrl","01316245_2018-08-13.xbrl",".xbrl","271893","14102","True","False","False","False","False","False","5F499D11D9FB13E9D03A083563997F604893B595AAB8731428E6FCB500A210BF","PASS",""
"298040","효성중공업","soph_handoff_hyosung_heavy_industries_v1_INPUT_PACKAGE_FOR_SOPH.zip","DA164B4FC1B618C121C52F3A8F717BE4B46A9B6AB237F955521DCBE2BE9E4CD6","[효성중공업]사업보고서_IFRS(원문XBRL)(2021.03.10).zip","21EB3CF799215CD63CF383652D81CD37AEB19CEF7973FA568B832AE1CA197725","2","01316245_entry_point_2018-08-13.xsd","01316245_entry_point_2018-08-13.xsd",".xsd","26731","2073","False","True","False","False","False","False","C4C7922220FB3883B95C4B7303B6BAA04EE6305EDE4072C759A5A007312A4475","PASS",""
"298040","효성중공업","soph_handoff_hyosung_heavy_industries_v1_INPUT_PACKAGE_FOR_SOPH.zip","DA164B4FC1B618C121C52F3A8F717BE4B46A9B6AB237F955521DCBE2BE9E4CD6","[효성중공업]사업보고서_IFRS(원문XBRL)(2021.03.10).zip","21EB3CF799215CD63CF383652D81CD37AEB19CEF7973FA568B832AE1CA197725","3","ifrs_for_01316245/dimensions_ifrs_for_01316245/dim_ifrs_for_01316245_2018-08-13.xml","dim_ifrs_for_01316245_2018-08-13.xml",".xml","1461410","63025","True","False","False","False","False","False","7577BDE098A71CE409AACE5490969B51ED9C9C62C635CC74A3B29A7F8BA3A076","PASS",""
"298040","효성중공업","soph_handoff_hyosung_heavy_industries_v1_INPUT_PACKAGE_FOR_SOPH.zip","DA164B4FC1B618C121C52F3A8F717BE4B46A9B6AB237F955521DCBE2BE9E4CD6","[효성중공업]사업보고서_IFRS(원문XBRL)(2021.03.10).zip","21EB3CF799215CD63CF383652D81CD37AEB19CEF7973FA568B832AE1CA197725","4","ifrs_for_01316245/dimensions_ifrs_for_01316245/cal_ifrs_for_01316245_2018-08-13.xml","cal_ifrs_for_01316245_2018-08-13.xml",".xml","1453078","61497","True","False","False","False","False","False","2FA1326357FCD471073E8E1C34EFFEE6F95408E5F14BF8D66590E7CC3DE2C68A","PASS",""
"298040","효성중공업","soph_handoff_hyosung_heavy_industries_v1_INPUT_PACKAGE_FOR_SOPH.zip","DA164B4FC1B618C121C52F3A8F717BE4B46A9B6AB237F955521DCBE2BE9E4CD6","[효성중공업]사업보고서_IFRS(원문XBRL)(2021.03.10).zip","21EB3CF799215CD63CF383652D81CD37AEB19CEF7973FA568B832AE1CA197725","5","ifrs_for_01316245/dimensions_ifrs_for_01316245/pre_ifrs_for_01316245_2018-08-13.xml","pre_ifrs_for_01316245_2018-08-13.xml",".xml","1489898","63859","True","False","False","False","False","False","6F1E415A5608C1DF97CDAF6B95CDA72A93906B60CE63DA4AC0490B48E5C08FD1","PASS",""
"298040","효성중공업","soph_handoff_hyosung_heavy_industries_v1_INPUT_PACKAGE_FOR_SOPH.zip","DA164B4FC1B618C121C52F3A8F717BE4B46A9B6AB237F955521DCBE2BE9E4CD6","[효성중공업]사업보고서_IFRS(원문XBRL)(2021.03.10).zip","21EB3CF799215CD63CF383652D81CD37AEB19CEF7973FA568B832AE1CA197725","6","ifrs_for_01316245/dimensions_ifrs_for_01316245/role_ifrs_for_01316245-dim_2018-08-13.xsd","role_ifrs_for_01316245-dim_2018-08-13.xsd",".xsd","649","311","False","True","False","False","False","False","A8401A74F78D9E5DF87AAD861634B61B3A47B8F6A198AAA6358EFF732A5442F5","PASS",""
"298040","효성중공업","soph_handoff_hyosung_heavy_industries_v1_INPUT_PACKAGE_FOR_SOPH.zip","DA164B4FC1B618C121C52F3A8F717BE4B46A9B6AB237F955521DCBE2BE9E4CD6","[효성중공업]사업보고서_IFRS(원문XBRL)(2021.03.10).zip","21EB3CF799215CD63CF383652D81CD37AEB19CEF7973FA568B832AE1CA197725","7","labels/lab_01316245-ko_2018-08-13.xml","lab_01316245-ko_2018-08-13.xml",".xml","141729","7163","True","False","False","False","False","False","8EF611DEEC2ED018E3BE0B424FCFF2F9816009786A2090004E8EF70457CEAF70","PASS",""
"298040","효성중공업","soph_handoff_hyosung_heavy_industries_v1_INPUT_PACKAGE_FOR_SOPH.zip","DA164B4FC1B618C121C52F3A8F717BE4B46A9B6AB237F955521DCBE2BE9E4CD6","[효성중공업]사업보고서_IFRS(원문XBRL)(2021.03.10).zip","21EB3CF799215CD63CF383652D81CD37AEB19CEF7973FA568B832AE1CA197725","8","labels/lab_01316245-en_2018-08-13.xml","lab_01316245-en_2018-08-13.xml",".xml","116507","5447","True","False","False","False","False","False","E2CF2D28AE467B86AEE0DFE22E09915ABA251CAE7833F319A6C59C30CD2D18EE","PASS",""
"010120","LS일렉트릭","soph_handoff_ls_electric_v1_INPUT_PACKAGE_FOR_SOPH.zip","4EAEEB9A97FCA3B4FC406978762B81E55FF32420B761988CA4B823B8B20DDC7E","[엘에스일렉트릭][정정]사업보고서_IFRS(원문XBRL)(2024.03.26).zip","6747196A0DD2A60193F6208F77E6726D703F9AE2E8F4D8515606BAA97765C5BD","1","entity00105855_2023-12-31.xbrl","entity00105855_2023-12-31.xbrl",".xbrl","8600411","409988","True","False","False","False","False","False","A6B740CBED541A7ED42C11B2A87053906DF9006362177A989C2C4178C1233876","PASS",""
"010120","LS일렉트릭","soph_handoff_ls_electric_v1_INPUT_PACKAGE_FOR_SOPH.zip","4EAEEB9A97FCA3B4FC406978762B81E55FF32420B761988CA4B823B8B20DDC7E","[엘에스일렉트릭][정정]사업보고서_IFRS(원문XBRL)(2024.03.26).zip","6747196A0DD2A60193F6208F77E6726D703F9AE2E8F4D8515606BAA97765C5BD","2","entity00105855_2023-12-31.xsd","entity00105855_2023-12-31.xsd",".xsd","542668","33790","False","True","False","False","False","False","AF21F0A3CBCE899BD839217AD324C3C8AE4F87A87520F7816693ADA9F0724F28","PASS",""
"010120","LS일렉트릭","soph_handoff_ls_electric_v1_INPUT_PACKAGE_FOR_SOPH.zip","4EAEEB9A97FCA3B4FC406978762B81E55FF32420B761988CA4B823B8B20DDC7E","[엘에스일렉트릭][정정]사업보고서_IFRS(원문XBRL)(2024.03.26).zip","6747196A0DD2A60193F6208F77E6726D703F9AE2E8F4D8515606BAA97765C5BD","3","entity00105855_2023-12-31_def.xml","entity00105855_2023-12-31_def.xml",".xml","5574312","199433","False","False","False","False","False","True","C1BBB5F2EAB65F4C87EB93EF346987E5E0602D337232352DDB843AC3986F5E29","PASS",""
"010120","LS일렉트릭","soph_handoff_ls_electric_v1_INPUT_PACKAGE_FOR_SOPH.zip","4EAEEB9A97FCA3B4FC406978762B81E55FF32420B761988CA4B823B8B20DDC7E","[엘에스일렉트릭][정정]사업보고서_IFRS(원문XBRL)(2024.03.26).zip","6747196A0DD2A60193F6208F77E6726D703F9AE2E8F4D8515606BAA97765C5BD","4","entity00105855_2023-12-31_cal.xml","entity00105855_2023-12-31_cal.xml",".xml","313210","13973","False","False","False","False","True","False","0FB8609FE515EFD7B18C5986F046D611411742A9BE98082AED5B9C237E6C5F34","PASS",""
"010120","LS일렉트릭","soph_handoff_ls_electric_v1_INPUT_PACKAGE_FOR_SOPH.zip","4EAEEB9A97FCA3B4FC406978762B81E55FF32420B761988CA4B823B8B20DDC7E","[엘에스일렉트릭][정정]사업보고서_IFRS(원문XBRL)(2024.03.26).zip","6747196A0DD2A60193F6208F77E6726D703F9AE2E8F4D8515606BAA97765C5BD","5","entity00105855_2023-12-31_pre.xml","entity00105855_2023-12-31_pre.xml",".xml","4111295","172889","False","False","False","True","False","False","CAA0F068F7A0BBF801029CCB1B8F1534E908C283108A827CCA1D32BFC1B20920","PASS",""
"010120","LS일렉트릭","soph_handoff_ls_electric_v1_INPUT_PACKAGE_FOR_SOPH.zip","4EAEEB9A97FCA3B4FC406978762B81E55FF32420B761988CA4B823B8B20DDC7E","[엘에스일렉트릭][정정]사업보고서_IFRS(원문XBRL)(2024.03.26).zip","6747196A0DD2A60193F6208F77E6726D703F9AE2E8F4D8515606BAA97765C5BD","6","entity00105855_2023-12-31_lab-ko.xml","entity00105855_2023-12-31_lab-ko.xml",".xml","5622408","228129","False","False","True","False","False","False","903E1AC300539C9C7CC21B72F19330D36620EDE49E3C29F72B4FFDBF1082C38A","PASS",""
"010120","LS일렉트릭","soph_handoff_ls_electric_v1_INPUT_PACKAGE_FOR_SOPH.zip","4EAEEB9A97FCA3B4FC406978762B81E55FF32420B761988CA4B823B8B20DDC7E","[엘에스일렉트릭][정정]사업보고서_IFRS(원문XBRL)(2024.03.26).zip","6747196A0DD2A60193F6208F77E6726D703F9AE2E8F4D8515606BAA97765C5BD","7","entity00105855_2023-12-31_lab-en.xml","entity00105855_2023-12-31_lab-en.xml",".xml","5680131","221356","False","False","True","False","False","False","CBB67B76608DD5EC906318342B8D838C6E0A788A2B05CCC8676EE252F8E834E9","PASS",""
"010120","LS일렉트릭","soph_handoff_ls_electric_v1_INPUT_PACKAGE_FOR_SOPH.zip","4EAEEB9A97FCA3B4FC406978762B81E55FF32420B761988CA4B823B8B20DDC7E","[엘에스일렉트릭]반기보고서_IFRS(원문XBRL)(2021.08.17).zip","D13D7468A559594FADA6F76F8688D01772BFFB19317FF7A48DC56EA405B04558","1","00105855_2011-05-24.xbrl","00105855_2011-05-24.xbrl",".xbrl","363486","17851","True","False","False","False","False","False","C4687AAFF159FE194396279455DD6118F662ED3AAE53EB7B7F4AE9E71595149D","PASS",""
"010120","LS일렉트릭","soph_handoff_ls_electric_v1_INPUT_PACKAGE_FOR_SOPH.zip","4EAEEB9A97FCA3B4FC406978762B81E55FF32420B761988CA4B823B8B20DDC7E","[엘에스일렉트릭]반기보고서_IFRS(원문XBRL)(2021.08.17).zip","D13D7468A559594FADA6F76F8688D01772BFFB19317FF7A48DC56EA405B04558","2","00105855_entry_point_2011-05-24.xsd","00105855_entry_point_2011-05-24.xsd",".xsd","97333","4362","False","True","False","False","False","False","D866BCA708BE5D92F6C72AF89BC028C1643DAA8D122E3020E15488CD20F4AB62","PASS",""
"010120","LS일렉트릭","soph_handoff_ls_electric_v1_INPUT_PACKAGE_FOR_SOPH.zip","4EAEEB9A97FCA3B4FC406978762B81E55FF32420B761988CA4B823B8B20DDC7E","[엘에스일렉트릭]반기보고서_IFRS(원문XBRL)(2021.08.17).zip","D13D7468A559594FADA6F76F8688D01772BFFB19317FF7A48DC56EA405B04558","3","ifrs_for_00105855/dimensions_ifrs_for_00105855/dim_ifrs_for_00105855_2011-05-24.xml","dim_ifrs_for_00105855_2011-05-24.xml",".xml","1602438","67845","True","False","False","False","False","False","671C2B769856078C46976CC790C2B293FA55A1AEF1640A7477DB7D07921FC1A1","PASS",""
"010120","LS일렉트릭","soph_handoff_ls_electric_v1_INPUT_PACKAGE_FOR_SOPH.zip","4EAEEB9A97FCA3B4FC406978762B81E55FF32420B761988CA4B823B8B20DDC7E","[엘에스일렉트릭]반기보고서_IFRS(원문XBRL)(2021.08.17).zip","D13D7468A559594FADA6F76F8688D01772BFFB19317FF7A48DC56EA405B04558","4","ifrs_for_00105855/dimensions_ifrs_for_00105855/cal_ifrs_for_00105855_2011-05-24.xml","cal_ifrs_for_00105855_2011-05-24.xml",".xml","1599408","66749","True","False","False","False","False","False","E7426F1AE04B5C7825B891AAB39B5B9E0BE5BE31C0066BBE064D883F7043F258","PASS",""
"010120","LS일렉트릭","soph_handoff_ls_electric_v1_INPUT_PACKAGE_FOR_SOPH.zip","4EAEEB9A97FCA3B4FC406978762B81E55FF32420B761988CA4B823B8B20DDC7E","[엘에스일렉트릭]반기보고서_IFRS(원문XBRL)(2021.08.17).zip","D13D7468A559594FADA6F76F8688D01772BFFB19317FF7A48DC56EA405B04558","5","ifrs_for_00105855/dimensions_ifrs_for_00105855/pre_ifrs_for_00105855_2011-05-24.xml","pre_ifrs_for_00105855_2011-05-24.xml",".xml","1628490","68730","True","False","False","False","False","False","C93DDBCD5488C5C3DCAE85A809D336D01D662CC4E6645B75A9621F036C30521C","PASS",""
"010120","LS일렉트릭","soph_handoff_ls_electric_v1_INPUT_PACKAGE_FOR_SOPH.zip","4EAEEB9A97FCA3B4FC406978762B81E55FF32420B761988CA4B823B8B20DDC7E","[엘에스일렉트릭]반기보고서_IFRS(원문XBRL)(2021.08.17).zip","D13D7468A559594FADA6F76F8688D01772BFFB19317FF7A48DC56EA405B04558","6","ifrs_for_00105855/dimensions_ifrs_for_00105855/role_ifrs_for_00105855-dim_2011-05-24.xsd","role_ifrs_for_00105855-dim_2011-05-24.xsd",".xsd","649","311","False","True","False","False","False","False","D7939C9F2959383977CE9095A139ECA315DD305A27410E8BEB7702BCF1BF63B9","PASS",""
"010120","LS일렉트릭","soph_handoff_ls_electric_v1_INPUT_PACKAGE_FOR_SOPH.zip","4EAEEB9A97FCA3B4FC406978762B81E55FF32420B761988CA4B823B8B20DDC7E","[엘에스일렉트릭]반기보고서_IFRS(원문XBRL)(2021.08.17).zip","D13D7468A559594FADA6F76F8688D01772BFFB19317FF7A48DC56EA405B04558","7","labels/lab_00105855-ko_2011-05-24.xml","lab_00105855-ko_2011-05-24.xml",".xml","480218","17543","True","False","False","False","False","False","F268E1BF45F76D53D1D4B21E4AE54C4F69575541DFE23804830DF923048A9A6A","PASS",""
"010120","LS일렉트릭","soph_handoff_ls_electric_v1_INPUT_PACKAGE_FOR_SOPH.zip","4EAEEB9A97FCA3B4FC406978762B81E55FF32420B761988CA4B823B8B20DDC7E","[엘에스일렉트릭]반기보고서_IFRS(원문XBRL)(2021.08.17).zip","D13D7468A559594FADA6F76F8688D01772BFFB19317FF7A48DC56EA405B04558","8","labels/lab_00105855-en_2011-05-24.xml","lab_00105855-en_2011-05-24.xml",".xml","448471","15638","True","False","False","False","False","False","71ACEEA4DB1F9FC0565942C08ED19F72D7DEBB64D88DE6057C5311F17A3A9F0B","PASS",""
"010120","LS일렉트릭","soph_handoff_ls_electric_v1_INPUT_PACKAGE_FOR_SOPH.zip","4EAEEB9A97FCA3B4FC406978762B81E55FF32420B761988CA4B823B8B20DDC7E","[엘에스일렉트릭]반기보고서_IFRS(원문XBRL)(2022.08.16).zip","EC0802ED4274C765B370B7C569BD1DED2E8A201744C0F73F4A3D74F0C6505584","1","00105855_2011-05-24.xbrl","00105855_2011-05-24.xbrl",".xbrl","438889","19240","True","False","False","False","False","False","33E4E25140466498AC4A9928E9DFA012DA494034D69573DCF1C05753CAEC77D6","PASS",""
"010120","LS일렉트릭","soph_handoff_ls_electric_v1_INPUT_PACKAGE_FOR_SOPH.zip","4EAEEB9A97FCA3B4FC406978762B81E55FF32420B761988CA4B823B8B20DDC7E","[엘에스일렉트릭]반기보고서_IFRS(원문XBRL)(2022.08.16).zip","EC0802ED4274C765B370B7C569BD1DED2E8A201744C0F73F4A3D74F0C6505584","2","00105855_entry_point_2011-05-24.xsd","00105855_entry_point_2011-05-24.xsd",".xsd","98601","4437","False","True","False","False","False","False","1B7279489C2C51547D1F08D711CFC61F3E1D9CFFBE4C0EA95696A16067258AB6","PASS",""
"010120","LS일렉트릭","soph_handoff_ls_electric_v1_INPUT_PACKAGE_FOR_SOPH.zip","4EAEEB9A97FCA3B4FC406978762B81E55FF32420B761988CA4B823B8B20DDC7E","[엘에스일렉트릭]반기보고서_IFRS(원문XBRL)(2022.08.16).zip","EC0802ED4274C765B370B7C569BD1DED2E8A201744C0F73F4A3D74F0C6505584","3","ifrs_for_00105855/dimensions_ifrs_for_00105855/dim_ifrs_for_00105855_2011-05-24.xml","dim_ifrs_for_00105855_2011-05-24.xml",".xml","1604988","67941","True","False","False","False","False","False","A3B9BD3086BE3597957486ACA0D9F67BBE7BAA6E32BE35215C2715BB6CED2AA7","PASS",""
"010120","LS일렉트릭","soph_handoff_ls_electric_v1_INPUT_PACKAGE_FOR_SOPH.zip","4EAEEB9A97FCA3B4FC406978762B81E55FF32420B761988CA4B823B8B20DDC7E","[엘에스일렉트릭]반기보고서_IFRS(원문XBRL)(2022.08.16).zip","EC0802ED4274C765B370B7C569BD1DED2E8A201744C0F73F4A3D74F0C6505584","4","ifrs_for_00105855/dimensions_ifrs_for_00105855/cal_ifrs_for_00105855_2011-05-24.xml","cal_ifrs_for_00105855_2011-05-24.xml",".xml","1600258","66724","True","False","False","False","False","False","BC1F7EA64C53526B068A1B17B941C7F2C9915BC9DA97710C87ECF76AD96FB294","PASS",""
"010120","LS일렉트릭","soph_handoff_ls_electric_v1_INPUT_PACKAGE_FOR_SOPH.zip","4EAEEB9A97FCA3B4FC406978762B81E55FF32420B761988CA4B823B8B20DDC7E","[엘에스일렉트릭]반기보고서_IFRS(원문XBRL)(2022.08.16).zip","EC0802ED4274C765B370B7C569BD1DED2E8A201744C0F73F4A3D74F0C6505584","5","ifrs_for_00105855/dimensions_ifrs_for_00105855/pre_ifrs_for_00105855_2011-05-24.xml","pre_ifrs_for_00105855_2011-05-24.xml",".xml","1630999","68841","True","False","False","False","False","False","24B6A7787F4E206136EB90F3889061CE7D4BE00FF06334DE20443B53A72C8780","PASS",""
"010120","LS일렉트릭","soph_handoff_ls_electric_v1_INPUT_PACKAGE_FOR_SOPH.zip","4EAEEB9A97FCA3B4FC406978762B81E55FF32420B761988CA4B823B8B20DDC7E","[엘에스일렉트릭]반기보고서_IFRS(원문XBRL)(2022.08.16).zip","EC0802ED4274C765B370B7C569BD1DED2E8A201744C0F73F4A3D74F0C6505584","6","ifrs_for_00105855/dimensions_ifrs_for_00105855/role_ifrs_for_00105855-dim_2011-05-24.xsd","role_ifrs_for_00105855-dim_2011-05-24.xsd",".xsd","649","311","False","True","False","False","False","False","D7939C9F2959383977CE9095A139ECA315DD305A27410E8BEB7702BCF1BF63B9","PASS",""
"010120","LS일렉트릭","soph_handoff_ls_electric_v1_INPUT_PACKAGE_FOR_SOPH.zip","4EAEEB9A97FCA3B4FC406978762B81E55FF32420B761988CA4B823B8B20DDC7E","[엘에스일렉트릭]반기보고서_IFRS(원문XBRL)(2022.08.16).zip","EC0802ED4274C765B370B7C569BD1DED2E8A201744C0F73F4A3D74F0C6505584","7","labels/lab_00105855-ko_2011-05-24.xml","lab_00105855-ko_2011-05-24.xml",".xml","486279","17902","True","False","False","False","False","False","010B3DFB3417FD73713499791C3843BF6D174CED0362F288005E4BE87E4BFE21","PASS",""
"010120","LS일렉트릭","soph_handoff_ls_electric_v1_INPUT_PACKAGE_FOR_SOPH.zip","4EAEEB9A97FCA3B4FC406978762B81E55FF32420B761988CA4B823B8B20DDC7E","[엘에스일렉트릭]반기보고서_IFRS(원문XBRL)(2022.08.16).zip","EC0802ED4274C765B370B7C569BD1DED2E8A201744C0F73F4A3D74F0C6505584","8","labels/lab_00105855-en_2011-05-24.xml","lab_00105855-en_2011-05-24.xml",".xml","454640","16035","True","False","False","False","False","False","1429486F933F2FC6764B2CBEA63E4A92E364F2CFCCBDE373535DAB51754450CD","PASS",""
"010120","LS일렉트릭","soph_handoff_ls_electric_v1_INPUT_PACKAGE_FOR_SOPH.zip","4EAEEB9A97FCA3B4FC406978762B81E55FF32420B761988CA4B823B8B20DDC7E","[엘에스일렉트릭]반기보고서_IFRS(원문XBRL)(2023.08.14).zip","2005B77CCC75582759A8C89AE74696CEF6FAE47D6E115D9278724AF3030D0BFC","1","00105855_2011-05-24.xbrl","00105855_2011-05-24.xbrl",".xbrl","435654","19206","True","False","False","False","False","False","C55A4B3BC455F810FB3C819027E3CF0723F861FACF33C6CA4FA3A06A9162D6D5","PASS",""
"010120","LS일렉트릭","soph_handoff_ls_electric_v1_INPUT_PACKAGE_FOR_SOPH.zip","4EAEEB9A97FCA3B4FC406978762B81E55FF32420B761988CA4B823B8B20DDC7E","[엘에스일렉트릭]반기보고서_IFRS(원문XBRL)(2023.08.14).zip","2005B77CCC75582759A8C89AE74696CEF6FAE47D6E115D9278724AF3030D0BFC","2","00105855_entry_point_2011-05-24.xsd","00105855_entry_point_2011-05-24.xsd",".xsd","94178","4311","False","True","False","False","False","False","437FF95EC07662D0EFBEF6BA6260B0FCB8C21B6875EF96A973E744526EC691C0","PASS",""
"010120","LS일렉트릭","soph_handoff_ls_electric_v1_INPUT_PACKAGE_FOR_SOPH.zip","4EAEEB9A97FCA3B4FC406978762B81E55FF32420B761988CA4B823B8B20DDC7E","[엘에스일렉트릭]반기보고서_IFRS(원문XBRL)(2023.08.14).zip","2005B77CCC75582759A8C89AE74696CEF6FAE47D6E115D9278724AF3030D0BFC","3","ifrs_for_00105855/dimensions_ifrs_for_00105855/dim_ifrs_for_00105855_2011-05-24.xml","dim_ifrs_for_00105855_2011-05-24.xml",".xml","1596171","67728","True","False","False","False","False","False","A20F70C0BEBE3F5A67BA85071CAE1B77645A7DBB119BA82AEA7577FBA7B47D80","PASS",""
"010120","LS일렉트릭","soph_handoff_ls_electric_v1_INPUT_PACKAGE_FOR_SOPH.zip","4EAEEB9A97FCA3B4FC406978762B81E55FF32420B761988CA4B823B8B20DDC7E","[엘에스일렉트릭]반기보고서_IFRS(원문XBRL)(2023.08.14).zip","2005B77CCC75582759A8C89AE74696CEF6FAE47D6E115D9278724AF3030D0BFC","4","ifrs_for_00105855/dimensions_ifrs_for_00105855/cal_ifrs_for_00105855_2011-05-24.xml","cal_ifrs_for_00105855_2011-05-24.xml",".xml","1591955","66474","True","False","False","False","False","False","AD728C11534A75FEF6DF8E0A66DD0965A17FE833A967849B689A2AF418DE648D","PASS",""
"010120","LS일렉트릭","soph_handoff_ls_electric_v1_INPUT_PACKAGE_FOR_SOPH.zip","4EAEEB9A97FCA3B4FC406978762B81E55FF32420B761988CA4B823B8B20DDC7E","[엘에스일렉트릭]반기보고서_IFRS(원문XBRL)(2023.08.14).zip","2005B77CCC75582759A8C89AE74696CEF6FAE47D6E115D9278724AF3030D0BFC","5","ifrs_for_00105855/dimensions_ifrs_for_00105855/pre_ifrs_for_00105855_2011-05-24.xml","pre_ifrs_for_00105855_2011-05-24.xml",".xml","1622312","68623","True","False","False","False","False","False","97394B1E979C57EDA01B529103F1EA0DE0AE60C76ECA668CF33CA6A163DED816","PASS",""
"010120","LS일렉트릭","soph_handoff_ls_electric_v1_INPUT_PACKAGE_FOR_SOPH.zip","4EAEEB9A97FCA3B4FC406978762B81E55FF32420B761988CA4B823B8B20DDC7E","[엘에스일렉트릭]반기보고서_IFRS(원문XBRL)(2023.08.14).zip","2005B77CCC75582759A8C89AE74696CEF6FAE47D6E115D9278724AF3030D0BFC","6","ifrs_for_00105855/dimensions_ifrs_for_00105855/role_ifrs_for_00105855-dim_2011-05-24.xsd","role_ifrs_for_00105855-dim_2011-05-24.xsd",".xsd","649","311","False","True","False","False","False","False","D7939C9F2959383977CE9095A139ECA315DD305A27410E8BEB7702BCF1BF63B9","PASS",""
"010120","LS일렉트릭","soph_handoff_ls_electric_v1_INPUT_PACKAGE_FOR_SOPH.zip","4EAEEB9A97FCA3B4FC406978762B81E55FF32420B761988CA4B823B8B20DDC7E","[엘에스일렉트릭]반기보고서_IFRS(원문XBRL)(2023.08.14).zip","2005B77CCC75582759A8C89AE74696CEF6FAE47D6E115D9278724AF3030D0BFC","7","labels/lab_00105855-ko_2011-05-24.xml","lab_00105855-ko_2011-05-24.xml",".xml","465817","17274","True","False","False","False","False","False","898444F6695EC380EBF493749EFDCD2239FC21CCB436EB0EA104DA6BC6EF724E","PASS",""
"010120","LS일렉트릭","soph_handoff_ls_electric_v1_INPUT_PACKAGE_FOR_SOPH.zip","4EAEEB9A97FCA3B4FC406978762B81E55FF32420B761988CA4B823B8B20DDC7E","[엘에스일렉트릭]반기보고서_IFRS(원문XBRL)(2023.08.14).zip","2005B77CCC75582759A8C89AE74696CEF6FAE47D6E115D9278724AF3030D0BFC","8","labels/lab_00105855-en_2011-05-24.xml","lab_00105855-en_2011-05-24.xml",".xml","433892","15436","True","False","False","False","False","False","67577C10EF4961216CA79E0E53BB94AB4ACCA3E5CDF0A36D7A47CA30D7922FDA","PASS",""
"010120","LS일렉트릭","soph_handoff_ls_electric_v1_INPUT_PACKAGE_FOR_SOPH.zip","4EAEEB9A97FCA3B4FC406978762B81E55FF32420B761988CA4B823B8B20DDC7E","[엘에스일렉트릭]반기보고서_IFRS(원문XBRL)(2024.08.14).zip","C0EB54A0DA79A11802AD0EE1D41AF2D5BDE1A6864A54FF8D86B2600472352FC4","1","entity00105855_2024-06-30.xbrl","entity00105855_2024-06-30.xbrl",".xbrl","7470226","332302","True","False","False","False","False","False","F584D4F1C8249B151A510C42AA43E3ABC411B99B834A2B02F79862B2CEB584BB","PASS",""
"010120","LS일렉트릭","soph_handoff_ls_electric_v1_INPUT_PACKAGE_FOR_SOPH.zip","4EAEEB9A97FCA3B4FC406978762B81E55FF32420B761988CA4B823B8B20DDC7E","[엘에스일렉트릭]반기보고서_IFRS(원문XBRL)(2024.08.14).zip","C0EB54A0DA79A11802AD0EE1D41AF2D5BDE1A6864A54FF8D86B2600472352FC4","2","entity00105855_2024-06-30.xsd","entity00105855_2024-06-30.xsd",".xsd","473522","29218","False","True","False","False","False","False","A25D00B6F0B871C20B4B5D4B87BE3D5C20AACC0733F3F2D572F70117270C4B5B","PASS",""
"010120","LS일렉트릭","soph_handoff_ls_electric_v1_INPUT_PACKAGE_FOR_SOPH.zip","4EAEEB9A97FCA3B4FC406978762B81E55FF32420B761988CA4B823B8B20DDC7E","[엘에스일렉트릭]반기보고서_IFRS(원문XBRL)(2024.08.14).zip","C0EB54A0DA79A11802AD0EE1D41AF2D5BDE1A6864A54FF8D86B2600472352FC4","3","entity00105855_2024-06-30_def.xml","entity00105855_2024-06-30_def.xml",".xml","4704255","166046","False","False","False","False","False","True","A1D92282307100B1A9C37740244235A1EA5EEF78923F8F06CF369D3D5CF75586","PASS",""
"010120","LS일렉트릭","soph_handoff_ls_electric_v1_INPUT_PACKAGE_FOR_SOPH.zip","4EAEEB9A97FCA3B4FC406978762B81E55FF32420B761988CA4B823B8B20DDC7E","[엘에스일렉트릭]반기보고서_IFRS(원문XBRL)(2024.08.14).zip","C0EB54A0DA79A11802AD0EE1D41AF2D5BDE1A6864A54FF8D86B2600472352FC4","4","entity00105855_2024-06-30_cal.xml","entity00105855_2024-06-30_cal.xml",".xml","301092","13671","False","False","False","False","True","False","88248EE5C88D4DF417048BB426758332AEE8FDF9696D465AE5A6F1A6402310FA","PASS",""
"010120","LS일렉트릭","soph_handoff_ls_electric_v1_INPUT_PACKAGE_FOR_SOPH.zip","4EAEEB9A97FCA3B4FC406978762B81E55FF32420B761988CA4B823B8B20DDC7E","[엘에스일렉트릭]반기보고서_IFRS(원문XBRL)(2024.08.14).zip","C0EB54A0DA79A11802AD0EE1D41AF2D5BDE1A6864A54FF8D86B2600472352FC4","5","entity00105855_2024-06-30_pre.xml","entity00105855_2024-06-30_pre.xml",".xml","3413404","142926","False","False","False","True","False","False","93DFF9B2CA27052E73A9DC146D4B75FD47EBE7A9EC6E755516646C9B000E67E5","PASS",""
"010120","LS일렉트릭","soph_handoff_ls_electric_v1_INPUT_PACKAGE_FOR_SOPH.zip","4EAEEB9A97FCA3B4FC406978762B81E55FF32420B761988CA4B823B8B20DDC7E","[엘에스일렉트릭]반기보고서_IFRS(원문XBRL)(2024.08.14).zip","C0EB54A0DA79A11802AD0EE1D41AF2D5BDE1A6864A54FF8D86B2600472352FC4","6","entity00105855_2024-06-30_lab-ko.xml","entity00105855_2024-06-30_lab-ko.xml",".xml","4979619","200135","False","False","True","False","False","False","ED1B0FFB50322C4D6DE77DBEC34B97B20888B7F1D49C0602DE4E13993C0B04C0","PASS",""
"010120","LS일렉트릭","soph_handoff_ls_electric_v1_INPUT_PACKAGE_FOR_SOPH.zip","4EAEEB9A97FCA3B4FC406978762B81E55FF32420B761988CA4B823B8B20DDC7E","[엘에스일렉트릭]반기보고서_IFRS(원문XBRL)(2024.08.14).zip","C0EB54A0DA79A11802AD0EE1D41AF2D5BDE1A6864A54FF8D86B2600472352FC4","7","entity00105855_2024-06-30_lab-en.xml","entity00105855_2024-06-30_lab-en.xml",".xml","5035268","193524","False","False","True","False","False","False","5AA0C5405C931074E1D35872353AFF45C5B4925B87DE59B3ED848FE83DB1507E","PASS",""
"010120","LS일렉트릭","soph_handoff_ls_electric_v1_INPUT_PACKAGE_FOR_SOPH.zip","4EAEEB9A97FCA3B4FC406978762B81E55FF32420B761988CA4B823B8B20DDC7E","[엘에스일렉트릭]반기보고서_IFRS(원문XBRL)(2025.08.14).zip","09D9FDCC62A09D699ECECCDFF83B88A1764E6A591135C8883F44969A678625F9","1","entity00105855_2025-06-30.xbrl","entity00105855_2025-06-30.xbrl",".xbrl","5641066","244043","True","False","False","False","False","False","196687A4C5323358C69C796105FBC5B7F3AC17113D3A75D82659B0FC199FC07E","PASS",""
"010120","LS일렉트릭","soph_handoff_ls_electric_v1_INPUT_PACKAGE_FOR_SOPH.zip","4EAEEB9A97FCA3B4FC406978762B81E55FF32420B761988CA4B823B8B20DDC7E","[엘에스일렉트릭]반기보고서_IFRS(원문XBRL)(2025.08.14).zip","09D9FDCC62A09D699ECECCDFF83B88A1764E6A591135C8883F44969A678625F9","2","entity00105855_2025-06-30.xsd","entity00105855_2025-06-30.xsd",".xsd","505561","33799","False","True","False","False","False","False","9EA0D4CBE447E2D3E28BB68BEDEF6A95B672AB619A25CF02DCD34D132AD3D9DC","PASS",""
"010120","LS일렉트릭","soph_handoff_ls_electric_v1_INPUT_PACKAGE_FOR_SOPH.zip","4EAEEB9A97FCA3B4FC406978762B81E55FF32420B761988CA4B823B8B20DDC7E","[엘에스일렉트릭]반기보고서_IFRS(원문XBRL)(2025.08.14).zip","09D9FDCC62A09D699ECECCDFF83B88A1764E6A591135C8883F44969A678625F9","3","entity00105855_2025-06-30_def.xml","entity00105855_2025-06-30_def.xml",".xml","4382091","145402","False","False","False","False","False","True","BA80A4A2F2C7C1B090FD49E4A4CBBB1B247933B88BEAA0E4D88EFCD025E36239","PASS",""
"010120","LS일렉트릭","soph_handoff_ls_electric_v1_INPUT_PACKAGE_FOR_SOPH.zip","4EAEEB9A97FCA3B4FC406978762B81E55FF32420B761988CA4B823B8B20DDC7E","[엘에스일렉트릭]반기보고서_IFRS(원문XBRL)(2025.08.14).zip","09D9FDCC62A09D699ECECCDFF83B88A1764E6A591135C8883F44969A678625F9","4","entity00105855_2025-06-30_cal.xml","entity00105855_2025-06-30_cal.xml",".xml","309014","14293","False","False","False","False","True","False","0B0C7E499FC48D7BC7F5C5F3ED8296ED94E690CCD2FFD2DA641F38736B026506","PASS",""
"010120","LS일렉트릭","soph_handoff_ls_electric_v1_INPUT_PACKAGE_FOR_SOPH.zip","4EAEEB9A97FCA3B4FC406978762B81E55FF32420B761988CA4B823B8B20DDC7E","[엘에스일렉트릭]반기보고서_IFRS(원문XBRL)(2025.08.14).zip","09D9FDCC62A09D699ECECCDFF83B88A1764E6A591135C8883F44969A678625F9","5","entity00105855_2025-06-30_pre.xml","entity00105855_2025-06-30_pre.xml",".xml","3110745","124680","False","False","False","True","False","False","5EBE5EC6842B28BE4AC88949B6ADA3162DF06BEFE7AF860ED4EBD3291BBC45AD","PASS",""
"010120","LS일렉트릭","soph_handoff_ls_electric_v1_INPUT_PACKAGE_FOR_SOPH.zip","4EAEEB9A97FCA3B4FC406978762B81E55FF32420B761988CA4B823B8B20DDC7E","[엘에스일렉트릭]반기보고서_IFRS(원문XBRL)(2025.08.14).zip","09D9FDCC62A09D699ECECCDFF83B88A1764E6A591135C8883F44969A678625F9","6","entity00105855_2025-06-30_lab-ko.xml","entity00105855_2025-06-30_lab-ko.xml",".xml","4936891","195607","False","False","True","False","False","False","95CA89B1139A4281E2D0A193A23EB1F487E27DB88E0FD601AE64C6FE8FA2C909","PASS",""
"010120","LS일렉트릭","soph_handoff_ls_electric_v1_INPUT_PACKAGE_FOR_SOPH.zip","4EAEEB9A97FCA3B4FC406978762B81E55FF32420B761988CA4B823B8B20DDC7E","[엘에스일렉트릭]반기보고서_IFRS(원문XBRL)(2025.08.14).zip","09D9FDCC62A09D699ECECCDFF83B88A1764E6A591135C8883F44969A678625F9","7","entity00105855_2025-06-30_lab-en.xml","entity00105855_2025-06-30_lab-en.xml",".xml","4985700","187022","False","False","True","False","False","False","39E3851262B55F2952A8F56CC1F035AA8DF2AF86D67F59193A53DBE75782A688","PASS",""
"010120","LS일렉트릭","soph_handoff_ls_electric_v1_INPUT_PACKAGE_FOR_SOPH.zip","4EAEEB9A97FCA3B4FC406978762B81E55FF32420B761988CA4B823B8B20DDC7E","[엘에스일렉트릭]분기보고서_IFRS(원문XBRL)(2021.05.17).zip","BC5F0DD2FB2264AE5F86410B7810081A9BCAFCCF32F3186E10B109DF00902561","1","00105855_2011-05-24.xbrl","00105855_2011-05-24.xbrl",".xbrl","351353","16491","True","False","False","False","False","False","D10CEF7958EC2BA64FCC13E6826F5577136E4077B39406176FD887CC1CA545E4","PASS",""
"010120","LS일렉트릭","soph_handoff_ls_electric_v1_INPUT_PACKAGE_FOR_SOPH.zip","4EAEEB9A97FCA3B4FC406978762B81E55FF32420B761988CA4B823B8B20DDC7E","[엘에스일렉트릭]분기보고서_IFRS(원문XBRL)(2021.05.17).zip","BC5F0DD2FB2264AE5F86410B7810081A9BCAFCCF32F3186E10B109DF00902561","2","00105855_entry_point_2011-05-24.xsd","00105855_entry_point_2011-05-24.xsd",".xsd","90732","4121","False","True","False","False","False","False","05839546478915E5C74BB8C762386A4162C01367AF2ACD2F84262646B1525527","PASS",""
"010120","LS일렉트릭","soph_handoff_ls_electric_v1_INPUT_PACKAGE_FOR_SOPH.zip","4EAEEB9A97FCA3B4FC406978762B81E55FF32420B761988CA4B823B8B20DDC7E","[엘에스일렉트릭]분기보고서_IFRS(원문XBRL)(2021.05.17).zip","BC5F0DD2FB2264AE5F86410B7810081A9BCAFCCF32F3186E10B109DF00902561","3","ifrs_for_00105855/dimensions_ifrs_for_00105855/dim_ifrs_for_00105855_2011-05-24.xml","dim_ifrs_for_00105855_2011-05-24.xml",".xml","1589892","67396","True","False","False","False","False","False","5F99ADD06D411E9319AACB25E19F9D5CEAA6D8959DF8B88E6DB2B236F0138281","PASS",""
"010120","LS일렉트릭","soph_handoff_ls_electric_v1_INPUT_PACKAGE_FOR_SOPH.zip","4EAEEB9A97FCA3B4FC406978762B81E55FF32420B761988CA4B823B8B20DDC7E","[엘에스일렉트릭]분기보고서_IFRS(원문XBRL)(2021.05.17).zip","BC5F0DD2FB2264AE5F86410B7810081A9BCAFCCF32F3186E10B109DF00902561","4","ifrs_for_00105855/dimensions_ifrs_for_00105855/cal_ifrs_for_00105855_2011-05-24.xml","cal_ifrs_for_00105855_2011-05-24.xml",".xml","1586853","66244","True","False","False","False","False","False","4441E0787876E0A6CBC54C7906D34BBF6BDC1DD73090E573C67CB8CCCF87FC58","PASS",""
"010120","LS일렉트릭","soph_handoff_ls_electric_v1_INPUT_PACKAGE_FOR_SOPH.zip","4EAEEB9A97FCA3B4FC406978762B81E55FF32420B761988CA4B823B8B20DDC7E","[엘에스일렉트릭]분기보고서_IFRS(원문XBRL)(2021.05.17).zip","BC5F0DD2FB2264AE5F86410B7810081A9BCAFCCF32F3186E10B109DF00902561","5","ifrs_for_00105855/dimensions_ifrs_for_00105855/pre_ifrs_for_00105855_2011-05-24.xml","pre_ifrs_for_00105855_2011-05-24.xml",".xml","1616167","68295","True","False","False","False","False","False","2B4DBAA8D8970D311507DAD77D9907FEC2430198539DF3FA8E3FCB17645EBA3C","PASS",""
"010120","LS일렉트릭","soph_handoff_ls_electric_v1_INPUT_PACKAGE_FOR_SOPH.zip","4EAEEB9A97FCA3B4FC406978762B81E55FF32420B761988CA4B823B8B20DDC7E","[엘에스일렉트릭]분기보고서_IFRS(원문XBRL)(2021.05.17).zip","BC5F0DD2FB2264AE5F86410B7810081A9BCAFCCF32F3186E10B109DF00902561","6","ifrs_for_00105855/dimensions_ifrs_for_00105855/role_ifrs_for_00105855-dim_2011-05-24.xsd","role_ifrs_for_00105855-dim_2011-05-24.xsd",".xsd","649","311","False","True","False","False","False","False","D7939C9F2959383977CE9095A139ECA315DD305A27410E8BEB7702BCF1BF63B9","PASS",""
"010120","LS일렉트릭","soph_handoff_ls_electric_v1_INPUT_PACKAGE_FOR_SOPH.zip","4EAEEB9A97FCA3B4FC406978762B81E55FF32420B761988CA4B823B8B20DDC7E","[엘에스일렉트릭]분기보고서_IFRS(원문XBRL)(2021.05.17).zip","BC5F0DD2FB2264AE5F86410B7810081A9BCAFCCF32F3186E10B109DF00902561","7","labels/lab_00105855-ko_2011-05-24.xml","lab_00105855-ko_2011-05-24.xml",".xml","448977","16584","True","False","False","False","False","False","42F69994360366D2E5B90D8481ED1946CEB99B1BEC3EFC489383B881D7DD74F0","PASS",""
"010120","LS일렉트릭","soph_handoff_ls_electric_v1_INPUT_PACKAGE_FOR_SOPH.zip","4EAEEB9A97FCA3B4FC406978762B81E55FF32420B761988CA4B823B8B20DDC7E","[엘에스일렉트릭]분기보고서_IFRS(원문XBRL)(2021.05.17).zip","BC5F0DD2FB2264AE5F86410B7810081A9BCAFCCF32F3186E10B109DF00902561","8","labels/lab_00105855-en_2011-05-24.xml","lab_00105855-en_2011-05-24.xml",".xml","417070","14644","True","False","False","False","False","False","D9A0AF5D9D9EF532163606E7FD2B60F9A23109F9D9B5347D0B93AFF88D2D6A54","PASS",""
"010120","LS일렉트릭","soph_handoff_ls_electric_v1_INPUT_PACKAGE_FOR_SOPH.zip","4EAEEB9A97FCA3B4FC406978762B81E55FF32420B761988CA4B823B8B20DDC7E","[엘에스일렉트릭]분기보고서_IFRS(원문XBRL)(2021.11.15).zip","064A60C6B216C0296B2B6144152442D3CAC9F8E783A4E3199FD9C40A11377098","1","00105855_2011-05-24.xbrl","00105855_2011-05-24.xbrl",".xbrl","370742","18221","True","False","False","False","False","False","E1BAC04FAA17128D688FBE9059BA53090FF82BFBDEF59CB570B6B824680C20CC","PASS",""
"010120","LS일렉트릭","soph_handoff_ls_electric_v1_INPUT_PACKAGE_FOR_SOPH.zip","4EAEEB9A97FCA3B4FC406978762B81E55FF32420B761988CA4B823B8B20DDC7E","[엘에스일렉트릭]분기보고서_IFRS(원문XBRL)(2021.11.15).zip","064A60C6B216C0296B2B6144152442D3CAC9F8E783A4E3199FD9C40A11377098","2","00105855_entry_point_2011-05-24.xsd","00105855_entry_point_2011-05-24.xsd",".xsd","100562","4470","False","True","False","False","False","False","FC5E6E19460F6B238DDB8047AC786E3EF82F19379F3747297B5B8DF41F2E9882","PASS",""
"010120","LS일렉트릭","soph_handoff_ls_electric_v1_INPUT_PACKAGE_FOR_SOPH.zip","4EAEEB9A97FCA3B4FC406978762B81E55FF32420B761988CA4B823B8B20DDC7E","[엘에스일렉트릭]분기보고서_IFRS(원문XBRL)(2021.11.15).zip","064A60C6B216C0296B2B6144152442D3CAC9F8E783A4E3199FD9C40A11377098","3","ifrs_for_00105855/dimensions_ifrs_for_00105855/dim_ifrs_for_00105855_2011-05-24.xml","dim_ifrs_for_00105855_2011-05-24.xml",".xml","1608777","68095","True","False","False","False","False","False","49D3B507CE45E625DC4FEC884BA762B0BA20187C87E36947742559635358ED11","PASS",""
"010120","LS일렉트릭","soph_handoff_ls_electric_v1_INPUT_PACKAGE_FOR_SOPH.zip","4EAEEB9A97FCA3B4FC406978762B81E55FF32420B761988CA4B823B8B20DDC7E","[엘에스일렉트릭]분기보고서_IFRS(원문XBRL)(2021.11.15).zip","064A60C6B216C0296B2B6144152442D3CAC9F8E783A4E3199FD9C40A11377098","4","ifrs_for_00105855/dimensions_ifrs_for_00105855/cal_ifrs_for_00105855_2011-05-24.xml","cal_ifrs_for_00105855_2011-05-24.xml",".xml","1605551","66992","True","False","False","False","False","False","6B1DF762E17F994772319A77EE518AF33FDE50077D3B9C6BECA41D0A4C40596E","PASS",""
"010120","LS일렉트릭","soph_handoff_ls_electric_v1_INPUT_PACKAGE_FOR_SOPH.zip","4EAEEB9A97FCA3B4FC406978762B81E55FF32420B761988CA4B823B8B20DDC7E","[엘에스일렉트릭]분기보고서_IFRS(원문XBRL)(2021.11.15).zip","064A60C6B216C0296B2B6144152442D3CAC9F8E783A4E3199FD9C40A11377098","5","ifrs_for_00105855/dimensions_ifrs_for_00105855/pre_ifrs_for_00105855_2011-05-24.xml","pre_ifrs_for_00105855_2011-05-24.xml",".xml","1634727","68956","True","False","False","False","False","False","E0A4B2A5DB1E4DEB49CF0C10FDB06AB5AF33C64BDCD643FA3F7DB27A205B1522","PASS",""
"010120","LS일렉트릭","soph_handoff_ls_electric_v1_INPUT_PACKAGE_FOR_SOPH.zip","4EAEEB9A97FCA3B4FC406978762B81E55FF32420B761988CA4B823B8B20DDC7E","[엘에스일렉트릭]분기보고서_IFRS(원문XBRL)(2021.11.15).zip","064A60C6B216C0296B2B6144152442D3CAC9F8E783A4E3199FD9C40A11377098","6","ifrs_for_00105855/dimensions_ifrs_for_00105855/role_ifrs_for_00105855-dim_2011-05-24.xsd","role_ifrs_for_00105855-dim_2011-05-24.xsd",".xsd","649","311","False","True","False","False","False","False","D7939C9F2959383977CE9095A139ECA315DD305A27410E8BEB7702BCF1BF63B9","PASS",""
"010120","LS일렉트릭","soph_handoff_ls_electric_v1_INPUT_PACKAGE_FOR_SOPH.zip","4EAEEB9A97FCA3B4FC406978762B81E55FF32420B761988CA4B823B8B20DDC7E","[엘에스일렉트릭]분기보고서_IFRS(원문XBRL)(2021.11.15).zip","064A60C6B216C0296B2B6144152442D3CAC9F8E783A4E3199FD9C40A11377098","7","labels/lab_00105855-ko_2011-05-24.xml","lab_00105855-ko_2011-05-24.xml",".xml","494661","18001","True","False","False","False","False","False","923726C11A529CF819AEF9AAE6C087ADE17D98516EE3ED8708BF02082A456448","PASS",""
"010120","LS일렉트릭","soph_handoff_ls_electric_v1_INPUT_PACKAGE_FOR_SOPH.zip","4EAEEB9A97FCA3B4FC406978762B81E55FF32420B761988CA4B823B8B20DDC7E","[엘에스일렉트릭]분기보고서_IFRS(원문XBRL)(2021.11.15).zip","064A60C6B216C0296B2B6144152442D3CAC9F8E783A4E3199FD9C40A11377098","8","labels/lab_00105855-en_2011-05-24.xml","lab_00105855-en_2011-05-24.xml",".xml","463671","16109","True","False","False","False","False","False","EE5DE4BA59326135C58D04080D9EF74F6CFDB3245B3E12D12A3A65C6A44D80A5","PASS",""
"010120","LS일렉트릭","soph_handoff_ls_electric_v1_INPUT_PACKAGE_FOR_SOPH.zip","4EAEEB9A97FCA3B4FC406978762B81E55FF32420B761988CA4B823B8B20DDC7E","[엘에스일렉트릭]분기보고서_IFRS(원문XBRL)(2022.05.16).zip","EF009EDF18F91FCDE6D90293B6F514877B14AFE85B1154F544D04972E7F5C74C","1","00105855_2011-05-24.xbrl","00105855_2011-05-24.xbrl",".xbrl","356553","16828","True","False","False","False","False","False","FD3E9AE92177E1F57181A34480DFBAE737C2F92AC65E2DD5EC2E7B53E17FB5FE","PASS",""
"010120","LS일렉트릭","soph_handoff_ls_electric_v1_INPUT_PACKAGE_FOR_SOPH.zip","4EAEEB9A97FCA3B4FC406978762B81E55FF32420B761988CA4B823B8B20DDC7E","[엘에스일렉트릭]분기보고서_IFRS(원문XBRL)(2022.05.16).zip","EF009EDF18F91FCDE6D90293B6F514877B14AFE85B1154F544D04972E7F5C74C","2","00105855_entry_point_2011-05-24.xsd","00105855_entry_point_2011-05-24.xsd",".xsd","92566","4226","False","True","False","False","False","False","BED6ACBF97DA4DA05801E3EEB1713453685ADFAF85FBB0AB8597CEDDEA3FDC3D","PASS",""
"010120","LS일렉트릭","soph_handoff_ls_electric_v1_INPUT_PACKAGE_FOR_SOPH.zip","4EAEEB9A97FCA3B4FC406978762B81E55FF32420B761988CA4B823B8B20DDC7E","[엘에스일렉트릭]분기보고서_IFRS(원문XBRL)(2022.05.16).zip","EF009EDF18F91FCDE6D90293B6F514877B14AFE85B1154F544D04972E7F5C74C","3","ifrs_for_00105855/dimensions_ifrs_for_00105855/dim_ifrs_for_00105855_2011-05-24.xml","dim_ifrs_for_00105855_2011-05-24.xml",".xml","1593651","67559","True","False","False","False","False","False","F0227F4FCDE4BF3F8CF6B07A79FA2FC2008141B79A0FAB1C564F642E3E74A485","PASS",""
"010120","LS일렉트릭","soph_handoff_ls_electric_v1_INPUT_PACKAGE_FOR_SOPH.zip","4EAEEB9A97FCA3B4FC406978762B81E55FF32420B761988CA4B823B8B20DDC7E","[엘에스일렉트릭]분기보고서_IFRS(원문XBRL)(2022.05.16).zip","EF009EDF18F91FCDE6D90293B6F514877B14AFE85B1154F544D04972E7F5C74C","4","ifrs_for_00105855/dimensions_ifrs_for_00105855/cal_ifrs_for_00105855_2011-05-24.xml","cal_ifrs_for_00105855_2011-05-24.xml",".xml","1588939","66319","True","False","False","False","False","False","FEC1DF788FF210FD672B9AEC6BBD0BC0A338464BD57EA05DCC7E737F91C74C37","PASS",""
"010120","LS일렉트릭","soph_handoff_ls_electric_v1_INPUT_PACKAGE_FOR_SOPH.zip","4EAEEB9A97FCA3B4FC406978762B81E55FF32420B761988CA4B823B8B20DDC7E","[엘에스일렉트릭]분기보고서_IFRS(원문XBRL)(2022.05.16).zip","EF009EDF18F91FCDE6D90293B6F514877B14AFE85B1154F544D04972E7F5C74C","5","ifrs_for_00105855/dimensions_ifrs_for_00105855/pre_ifrs_for_00105855_2011-05-24.xml","pre_ifrs_for_00105855_2011-05-24.xml",".xml","1619863","68458","True","False","False","False","False","False","9CE6D031F20C0B4C5F92FDA32F9933352695AD7BC578A9018B4D4FA3B1718A3A","PASS",""
"010120","LS일렉트릭","soph_handoff_ls_electric_v1_INPUT_PACKAGE_FOR_SOPH.zip","4EAEEB9A97FCA3B4FC406978762B81E55FF32420B761988CA4B823B8B20DDC7E","[엘에스일렉트릭]분기보고서_IFRS(원문XBRL)(2022.05.16).zip","EF009EDF18F91FCDE6D90293B6F514877B14AFE85B1154F544D04972E7F5C74C","6","ifrs_for_00105855/dimensions_ifrs_for_00105855/role_ifrs_for_00105855-dim_2011-05-24.xsd","role_ifrs_for_00105855-dim_2011-05-24.xsd",".xsd","649","311","False","True","False","False","False","False","D7939C9F2959383977CE9095A139ECA315DD305A27410E8BEB7702BCF1BF63B9","PASS",""
"010120","LS일렉트릭","soph_handoff_ls_electric_v1_INPUT_PACKAGE_FOR_SOPH.zip","4EAEEB9A97FCA3B4FC406978762B81E55FF32420B761988CA4B823B8B20DDC7E","[엘에스일렉트릭]분기보고서_IFRS(원문XBRL)(2022.05.16).zip","EF009EDF18F91FCDE6D90293B6F514877B14AFE85B1154F544D04972E7F5C74C","7","labels/lab_00105855-ko_2011-05-24.xml","lab_00105855-ko_2011-05-24.xml",".xml","458230","16977","True","False","False","False","False","False","F9D39609A4AA904B0945652394477FD500C133A5C1CCE9FAB429C31BCD124481","PASS",""
"010120","LS일렉트릭","soph_handoff_ls_electric_v1_INPUT_PACKAGE_FOR_SOPH.zip","4EAEEB9A97FCA3B4FC406978762B81E55FF32420B761988CA4B823B8B20DDC7E","[엘에스일렉트릭]분기보고서_IFRS(원문XBRL)(2022.05.16).zip","EF009EDF18F91FCDE6D90293B6F514877B14AFE85B1154F544D04972E7F5C74C","8","labels/lab_00105855-en_2011-05-24.xml","lab_00105855-en_2011-05-24.xml",".xml","426369","15025","True","False","False","False","False","False","D6B1AD5FD129E48101E3A29A214FED467A36BC0DDD62EF6A716C79D68875B897","PASS",""
"010120","LS일렉트릭","soph_handoff_ls_electric_v1_INPUT_PACKAGE_FOR_SOPH.zip","4EAEEB9A97FCA3B4FC406978762B81E55FF32420B761988CA4B823B8B20DDC7E","[엘에스일렉트릭]분기보고서_IFRS(원문XBRL)(2022.11.14).zip","2FFCF40DDF912DE39877B4B7744BE22CE27FC46CC0B0600A3165EFFD8EBB2DEB","1","00105855_2011-05-24.xbrl","00105855_2011-05-24.xbrl",".xbrl","443092","19459","True","False","False","False","False","False","24BE8D717F5A3E5055D13FF892D56F8439AC353710090EF1021A8F13B17527BB","PASS",""
"010120","LS일렉트릭","soph_handoff_ls_electric_v1_INPUT_PACKAGE_FOR_SOPH.zip","4EAEEB9A97FCA3B4FC406978762B81E55FF32420B761988CA4B823B8B20DDC7E","[엘에스일렉트릭]분기보고서_IFRS(원문XBRL)(2022.11.14).zip","2FFCF40DDF912DE39877B4B7744BE22CE27FC46CC0B0600A3165EFFD8EBB2DEB","2","00105855_entry_point_2011-05-24.xsd","00105855_entry_point_2011-05-24.xsd",".xsd","100625","4539","False","True","False","False","False","False","F11165801601C9137532D82F4DE93E9F13453F081CB160A9118CFF69725AFFA7","PASS",""
"010120","LS일렉트릭","soph_handoff_ls_electric_v1_INPUT_PACKAGE_FOR_SOPH.zip","4EAEEB9A97FCA3B4FC406978762B81E55FF32420B761988CA4B823B8B20DDC7E","[엘에스일렉트릭]분기보고서_IFRS(원문XBRL)(2022.11.14).zip","2FFCF40DDF912DE39877B4B7744BE22CE27FC46CC0B0600A3165EFFD8EBB2DEB","3","ifrs_for_00105855/dimensions_ifrs_for_00105855/dim_ifrs_for_00105855_2011-05-24.xml","dim_ifrs_for_00105855_2011-05-24.xml",".xml","1608939","68161","True","False","False","False","False","False","4669D2EA8C35C98986EE4D4239364E11B65991527EB6C00FDE0D7B5996567DF0","PASS",""
"010120","LS일렉트릭","soph_handoff_ls_electric_v1_INPUT_PACKAGE_FOR_SOPH.zip","4EAEEB9A97FCA3B4FC406978762B81E55FF32420B761988CA4B823B8B20DDC7E","[엘에스일렉트릭]분기보고서_IFRS(원문XBRL)(2022.11.14).zip","2FFCF40DDF912DE39877B4B7744BE22CE27FC46CC0B0600A3165EFFD8EBB2DEB","4","ifrs_for_00105855/dimensions_ifrs_for_00105855/cal_ifrs_for_00105855_2011-05-24.xml","cal_ifrs_for_00105855_2011-05-24.xml",".xml","1604126","66960","True","False","False","False","False","False","0EAF4C1EF804E928ED85EF0B789E43D5F016D8BC8120436AC782DC6364CE2940","PASS",""
"010120","LS일렉트릭","soph_handoff_ls_electric_v1_INPUT_PACKAGE_FOR_SOPH.zip","4EAEEB9A97FCA3B4FC406978762B81E55FF32420B761988CA4B823B8B20DDC7E","[엘에스일렉트릭]분기보고서_IFRS(원문XBRL)(2022.11.14).zip","2FFCF40DDF912DE39877B4B7744BE22CE27FC46CC0B0600A3165EFFD8EBB2DEB","5","ifrs_for_00105855/dimensions_ifrs_for_00105855/pre_ifrs_for_00105855_2011-05-24.xml","pre_ifrs_for_00105855_2011-05-24.xml",".xml","1634878","69066","True","False","False","False","False","False","BAB1728AB8EE8D87E11AAF48794DCA3C405CB97FCE076C11A2F3674F625E242C","PASS",""
"010120","LS일렉트릭","soph_handoff_ls_electric_v1_INPUT_PACKAGE_FOR_SOPH.zip","4EAEEB9A97FCA3B4FC406978762B81E55FF32420B761988CA4B823B8B20DDC7E","[엘에스일렉트릭]분기보고서_IFRS(원문XBRL)(2022.11.14).zip","2FFCF40DDF912DE39877B4B7744BE22CE27FC46CC0B0600A3165EFFD8EBB2DEB","6","ifrs_for_00105855/dimensions_ifrs_for_00105855/role_ifrs_for_00105855-dim_2011-05-24.xsd","role_ifrs_for_00105855-dim_2011-05-24.xsd",".xsd","649","311","False","True","False","False","False","False","D7939C9F2959383977CE9095A139ECA315DD305A27410E8BEB7702BCF1BF63B9","PASS",""
"010120","LS일렉트릭","soph_handoff_ls_electric_v1_INPUT_PACKAGE_FOR_SOPH.zip","4EAEEB9A97FCA3B4FC406978762B81E55FF32420B761988CA4B823B8B20DDC7E","[엘에스일렉트릭]분기보고서_IFRS(원문XBRL)(2022.11.14).zip","2FFCF40DDF912DE39877B4B7744BE22CE27FC46CC0B0600A3165EFFD8EBB2DEB","7","labels/lab_00105855-ko_2011-05-24.xml","lab_00105855-ko_2011-05-24.xml",".xml","495970","18275","True","False","False","False","False","False","97F3F9BCC7CC58F2B9E89A05F8190A5B6FCB0E7CEEB5D5E8C447BD646FBF2921","PASS",""
"010120","LS일렉트릭","soph_handoff_ls_electric_v1_INPUT_PACKAGE_FOR_SOPH.zip","4EAEEB9A97FCA3B4FC406978762B81E55FF32420B761988CA4B823B8B20DDC7E","[엘에스일렉트릭]분기보고서_IFRS(원문XBRL)(2022.11.14).zip","2FFCF40DDF912DE39877B4B7744BE22CE27FC46CC0B0600A3165EFFD8EBB2DEB","8","labels/lab_00105855-en_2011-05-24.xml","lab_00105855-en_2011-05-24.xml",".xml","464486","16491","True","False","False","False","False","False","C32A843DEE3638880749823FDD4FCC35DC8DD5EF61D2A5D85CF85ABA40919B49","PASS",""
"010120","LS일렉트릭","soph_handoff_ls_electric_v1_INPUT_PACKAGE_FOR_SOPH.zip","4EAEEB9A97FCA3B4FC406978762B81E55FF32420B761988CA4B823B8B20DDC7E","[엘에스일렉트릭]분기보고서_IFRS(원문XBRL)(2023.05.15).zip","DA4F5E2EB0AD01FCBAE7FB1A59FABAA5456FA567E6EB185B879A6B5937F39972","1","00105855_2011-05-24.xbrl","00105855_2011-05-24.xbrl",".xbrl","430454","18001","True","False","False","False","False","False","A53E5CA0E42F3F38AF7D59A1F3933F15FAA3219251866FD20F8C1A94AC4F6ABC","PASS",""
"010120","LS일렉트릭","soph_handoff_ls_electric_v1_INPUT_PACKAGE_FOR_SOPH.zip","4EAEEB9A97FCA3B4FC406978762B81E55FF32420B761988CA4B823B8B20DDC7E","[엘에스일렉트릭]분기보고서_IFRS(원문XBRL)(2023.05.15).zip","DA4F5E2EB0AD01FCBAE7FB1A59FABAA5456FA567E6EB185B879A6B5937F39972","2","00105855_entry_point_2011-05-24.xsd","00105855_entry_point_2011-05-24.xsd",".xsd","89184","4147","False","True","False","False","False","False","E3C09753DC0F55A1743C2B71FBA4EEC191E8C0F5AC61CB617949D061F2499A58","PASS",""
"010120","LS일렉트릭","soph_handoff_ls_electric_v1_INPUT_PACKAGE_FOR_SOPH.zip","4EAEEB9A97FCA3B4FC406978762B81E55FF32420B761988CA4B823B8B20DDC7E","[엘에스일렉트릭]분기보고서_IFRS(원문XBRL)(2023.05.15).zip","DA4F5E2EB0AD01FCBAE7FB1A59FABAA5456FA567E6EB185B879A6B5937F39972","3","ifrs_for_00105855/dimensions_ifrs_for_00105855/dim_ifrs_for_00105855_2011-05-24.xml","dim_ifrs_for_00105855_2011-05-24.xml",".xml","1586820","67435","True","False","False","False","False","False","5EB20495EB93EC9384339B558583EDE299F4269B89BB0F54B61F4636E12B24E2","PASS",""
"010120","LS일렉트릭","soph_handoff_ls_electric_v1_INPUT_PACKAGE_FOR_SOPH.zip","4EAEEB9A97FCA3B4FC406978762B81E55FF32420B761988CA4B823B8B20DDC7E","[엘에스일렉트릭]분기보고서_IFRS(원문XBRL)(2023.05.15).zip","DA4F5E2EB0AD01FCBAE7FB1A59FABAA5456FA567E6EB185B879A6B5937F39972","4","ifrs_for_00105855/dimensions_ifrs_for_00105855/cal_ifrs_for_00105855_2011-05-24.xml","cal_ifrs_for_00105855_2011-05-24.xml",".xml","1582109","66144","True","False","False","False","False","False","C65BA20203B19418248A3B526A4E16753C80F41A79E150C15E00F5465D644EB7","PASS",""
"010120","LS일렉트릭","soph_handoff_ls_electric_v1_INPUT_PACKAGE_FOR_SOPH.zip","4EAEEB9A97FCA3B4FC406978762B81E55FF32420B761988CA4B823B8B20DDC7E","[엘에스일렉트릭]분기보고서_IFRS(원문XBRL)(2023.05.15).zip","DA4F5E2EB0AD01FCBAE7FB1A59FABAA5456FA567E6EB185B879A6B5937F39972","5","ifrs_for_00105855/dimensions_ifrs_for_00105855/pre_ifrs_for_00105855_2011-05-24.xml","pre_ifrs_for_00105855_2011-05-24.xml",".xml","1613105","68312","True","False","False","False","False","False","4FE84C6492C4FC7DFE0508976E3E64D3B1DFF6AC88FF0F68E68A726706190F41","PASS",""
"010120","LS일렉트릭","soph_handoff_ls_electric_v1_INPUT_PACKAGE_FOR_SOPH.zip","4EAEEB9A97FCA3B4FC406978762B81E55FF32420B761988CA4B823B8B20DDC7E","[엘에스일렉트릭]분기보고서_IFRS(원문XBRL)(2023.05.15).zip","DA4F5E2EB0AD01FCBAE7FB1A59FABAA5456FA567E6EB185B879A6B5937F39972","6","ifrs_for_00105855/dimensions_ifrs_for_00105855/role_ifrs_for_00105855-dim_2011-05-24.xsd","role_ifrs_for_00105855-dim_2011-05-24.xsd",".xsd","649","311","False","True","False","False","False","False","D7939C9F2959383977CE9095A139ECA315DD305A27410E8BEB7702BCF1BF63B9","PASS",""
"010120","LS일렉트릭","soph_handoff_ls_electric_v1_INPUT_PACKAGE_FOR_SOPH.zip","4EAEEB9A97FCA3B4FC406978762B81E55FF32420B761988CA4B823B8B20DDC7E","[엘에스일렉트릭]분기보고서_IFRS(원문XBRL)(2023.05.15).zip","DA4F5E2EB0AD01FCBAE7FB1A59FABAA5456FA567E6EB185B879A6B5937F39972","7","labels/lab_00105855-ko_2011-05-24.xml","lab_00105855-ko_2011-05-24.xml",".xml","442867","16575","True","False","False","False","False","False","CC18FB08E491D500847A7FED3DE629F8F45CB183D89687D76D1AF59292DC9266","PASS",""
"010120","LS일렉트릭","soph_handoff_ls_electric_v1_INPUT_PACKAGE_FOR_SOPH.zip","4EAEEB9A97FCA3B4FC406978762B81E55FF32420B761988CA4B823B8B20DDC7E","[엘에스일렉트릭]분기보고서_IFRS(원문XBRL)(2023.05.15).zip","DA4F5E2EB0AD01FCBAE7FB1A59FABAA5456FA567E6EB185B879A6B5937F39972","8","labels/lab_00105855-en_2011-05-24.xml","lab_00105855-en_2011-05-24.xml",".xml","410911","14627","True","False","False","False","False","False","B1F50EDEABCC38BE5D3642DD2D571CF91C21E47BF09E95160D8AB1D659C12E20","PASS",""
"010120","LS일렉트릭","soph_handoff_ls_electric_v1_INPUT_PACKAGE_FOR_SOPH.zip","4EAEEB9A97FCA3B4FC406978762B81E55FF32420B761988CA4B823B8B20DDC7E","[엘에스일렉트릭]분기보고서_IFRS(원문XBRL)(2023.11.14).zip","4ACAC1600D0C08083E951B0547E7A8531E0EA1C723AF9777C520DFCCC6F65220","1","entity00105855_2023-09-30.xbrl","entity00105855_2023-09-30.xbrl",".xbrl","451009","22681","True","False","False","False","False","False","07AD6EA27BE29B8FB0973C86B414A5BABCE4E861841F34DF5DBE678A87657194","PASS",""
"010120","LS일렉트릭","soph_handoff_ls_electric_v1_INPUT_PACKAGE_FOR_SOPH.zip","4EAEEB9A97FCA3B4FC406978762B81E55FF32420B761988CA4B823B8B20DDC7E","[엘에스일렉트릭]분기보고서_IFRS(원문XBRL)(2023.11.14).zip","4ACAC1600D0C08083E951B0547E7A8531E0EA1C723AF9777C520DFCCC6F65220","2","entity00105855_2023-09-30.xsd","entity00105855_2023-09-30.xsd",".xsd","103650","5250","False","True","False","False","False","False","B5425C25B0ED818511E6474693FA532C57376B1C2E31BE8A34FDC5E90794E8E0","PASS",""
"010120","LS일렉트릭","soph_handoff_ls_electric_v1_INPUT_PACKAGE_FOR_SOPH.zip","4EAEEB9A97FCA3B4FC406978762B81E55FF32420B761988CA4B823B8B20DDC7E","[엘에스일렉트릭]분기보고서_IFRS(원문XBRL)(2023.11.14).zip","4ACAC1600D0C08083E951B0547E7A8531E0EA1C723AF9777C520DFCCC6F65220","3","entity00105855_2023-09-30_def.xml","entity00105855_2023-09-30_def.xml",".xml","441311","17269","False","False","False","False","False","True","E49B74ECD727DF55488F983D39F1F2F6D4966DC728C7E8E42A88596DA700AB7D","PASS",""
"010120","LS일렉트릭","soph_handoff_ls_electric_v1_INPUT_PACKAGE_FOR_SOPH.zip","4EAEEB9A97FCA3B4FC406978762B81E55FF32420B761988CA4B823B8B20DDC7E","[엘에스일렉트릭]분기보고서_IFRS(원문XBRL)(2023.11.14).zip","4ACAC1600D0C08083E951B0547E7A8531E0EA1C723AF9777C520DFCCC6F65220","4","entity00105855_2023-09-30_cal.xml","entity00105855_2023-09-30_cal.xml",".xml","347738","12897","False","False","False","False","True","False","46883849905B2E55E74F7E6CD318006E26E721E44D27A10AAF8CDAFE3EBE35F0","PASS",""
"010120","LS일렉트릭","soph_handoff_ls_electric_v1_INPUT_PACKAGE_FOR_SOPH.zip","4EAEEB9A97FCA3B4FC406978762B81E55FF32420B761988CA4B823B8B20DDC7E","[엘에스일렉트릭]분기보고서_IFRS(원문XBRL)(2023.11.14).zip","4ACAC1600D0C08083E951B0547E7A8531E0EA1C723AF9777C520DFCCC6F65220","5","entity00105855_2023-09-30_pre.xml","entity00105855_2023-09-30_pre.xml",".xml","431644","16756","False","False","False","True","False","False","3C11F2CC26A9711FA8F58E2CF139EFDB7D2B22CA0E6B7125DBFB59E148D80C99","PASS",""
"010120","LS일렉트릭","soph_handoff_ls_electric_v1_INPUT_PACKAGE_FOR_SOPH.zip","4EAEEB9A97FCA3B4FC406978762B81E55FF32420B761988CA4B823B8B20DDC7E","[엘에스일렉트릭]분기보고서_IFRS(원문XBRL)(2023.11.14).zip","4ACAC1600D0C08083E951B0547E7A8531E0EA1C723AF9777C520DFCCC6F65220","6","entity00105855_2023-09-30_lab-ko.xml","entity00105855_2023-09-30_lab-ko.xml",".xml","626809","27751","False","False","True","False","False","False","C993B1F187D0B8B88B92834738A0ECF094FABF0972AD893CD47656A5ED20F32C","PASS",""
"010120","LS일렉트릭","soph_handoff_ls_electric_v1_INPUT_PACKAGE_FOR_SOPH.zip","4EAEEB9A97FCA3B4FC406978762B81E55FF32420B761988CA4B823B8B20DDC7E","[엘에스일렉트릭]분기보고서_IFRS(원문XBRL)(2023.11.14).zip","4ACAC1600D0C08083E951B0547E7A8531E0EA1C723AF9777C520DFCCC6F65220","7","entity00105855_2023-09-30_lab-en.xml","entity00105855_2023-09-30_lab-en.xml",".xml","633739","27672","False","False","True","False","False","False","B606979045DF004C5D9123411C60739B1917DE02F0556517CE35F9E038AF74E2","PASS",""
"010120","LS일렉트릭","soph_handoff_ls_electric_v1_INPUT_PACKAGE_FOR_SOPH.zip","4EAEEB9A97FCA3B4FC406978762B81E55FF32420B761988CA4B823B8B20DDC7E","[엘에스일렉트릭]분기보고서_IFRS(원문XBRL)(2024.05.14).zip","7F0E66CC20CD4A5731DF550B47902E62E4DFB3F7B582C345365B3964A6B85F0B","1","entity00105855_2024-03-31.xbrl","entity00105855_2024-03-31.xbrl",".xbrl","7215748","310737","True","False","False","False","False","False","8049F3B0D11C853B9F06BAE62271E27EF2DBCA00D7701ADF8D6EEA84F1405F91","PASS",""
"010120","LS일렉트릭","soph_handoff_ls_electric_v1_INPUT_PACKAGE_FOR_SOPH.zip","4EAEEB9A97FCA3B4FC406978762B81E55FF32420B761988CA4B823B8B20DDC7E","[엘에스일렉트릭]분기보고서_IFRS(원문XBRL)(2024.05.14).zip","7F0E66CC20CD4A5731DF550B47902E62E4DFB3F7B582C345365B3964A6B85F0B","2","entity00105855_2024-03-31.xsd","entity00105855_2024-03-31.xsd",".xsd","423127","26424","False","True","False","False","False","False","B5E5FD0CA8ED61FFD13D36662412B64950F5D66D65433D59C25AF46A4404DA82","PASS",""
"010120","LS일렉트릭","soph_handoff_ls_electric_v1_INPUT_PACKAGE_FOR_SOPH.zip","4EAEEB9A97FCA3B4FC406978762B81E55FF32420B761988CA4B823B8B20DDC7E","[엘에스일렉트릭]분기보고서_IFRS(원문XBRL)(2024.05.14).zip","7F0E66CC20CD4A5731DF550B47902E62E4DFB3F7B582C345365B3964A6B85F0B","3","entity00105855_2024-03-31_def.xml","entity00105855_2024-03-31_def.xml",".xml","4401810","156483","False","False","False","False","False","True","A743B272D9C30B0B7514CBBBE9A6B38AD30BBD74E6572DB5CC188F996C63FC85","PASS",""
"010120","LS일렉트릭","soph_handoff_ls_electric_v1_INPUT_PACKAGE_FOR_SOPH.zip","4EAEEB9A97FCA3B4FC406978762B81E55FF32420B761988CA4B823B8B20DDC7E","[엘에스일렉트릭]분기보고서_IFRS(원문XBRL)(2024.05.14).zip","7F0E66CC20CD4A5731DF550B47902E62E4DFB3F7B582C345365B3964A6B85F0B","4","entity00105855_2024-03-31_cal.xml","entity00105855_2024-03-31_cal.xml",".xml","281449","12834","False","False","False","False","True","False","2C66EFFA005C9019C4BD91A1FF729553B58A5697D96B086D5539E318E8ABCC23","PASS",""
"010120","LS일렉트릭","soph_handoff_ls_electric_v1_INPUT_PACKAGE_FOR_SOPH.zip","4EAEEB9A97FCA3B4FC406978762B81E55FF32420B761988CA4B823B8B20DDC7E","[엘에스일렉트릭]분기보고서_IFRS(원문XBRL)(2024.05.14).zip","7F0E66CC20CD4A5731DF550B47902E62E4DFB3F7B582C345365B3964A6B85F0B","5","entity00105855_2024-03-31_pre.xml","entity00105855_2024-03-31_pre.xml",".xml","3226225","135427","False","False","False","True","False","False","7065E2226A737FD457ED4E1B9617265DEDB70E047F3C7AF941608AA5E47E6E78","PASS",""
"010120","LS일렉트릭","soph_handoff_ls_electric_v1_INPUT_PACKAGE_FOR_SOPH.zip","4EAEEB9A97FCA3B4FC406978762B81E55FF32420B761988CA4B823B8B20DDC7E","[엘에스일렉트릭]분기보고서_IFRS(원문XBRL)(2024.05.14).zip","7F0E66CC20CD4A5731DF550B47902E62E4DFB3F7B582C345365B3964A6B85F0B","6","entity00105855_2024-03-31_lab-ko.xml","entity00105855_2024-03-31_lab-ko.xml",".xml","4476135","182620","False","False","True","False","False","False","47F6A4EA35CA84014374D545C322646F2A7BE8DC97F4B3F61F19D771CE051CFC","PASS",""
"010120","LS일렉트릭","soph_handoff_ls_electric_v1_INPUT_PACKAGE_FOR_SOPH.zip","4EAEEB9A97FCA3B4FC406978762B81E55FF32420B761988CA4B823B8B20DDC7E","[엘에스일렉트릭]분기보고서_IFRS(원문XBRL)(2024.05.14).zip","7F0E66CC20CD4A5731DF550B47902E62E4DFB3F7B582C345365B3964A6B85F0B","7","entity00105855_2024-03-31_lab-en.xml","entity00105855_2024-03-31_lab-en.xml",".xml","4525641","177314","False","False","True","False","False","False","33D1391F1333D306A1C545E7A6B4A7B2FB32B08218842A04487049D9A690856E","PASS",""
"010120","LS일렉트릭","soph_handoff_ls_electric_v1_INPUT_PACKAGE_FOR_SOPH.zip","4EAEEB9A97FCA3B4FC406978762B81E55FF32420B761988CA4B823B8B20DDC7E","[엘에스일렉트릭]분기보고서_IFRS(원문XBRL)(2024.11.14).zip","6CEC61BA82BE94AA9CED1E5B4F76C4ED46C1D0F8D29036BE9BC70AD5CB9BE68A","1","entity00105855_2024-09-30.xbrl","entity00105855_2024-09-30.xbrl",".xbrl","7365239","329641","True","False","False","False","False","False","58FE3AB0F79BF9FE8258E301E9904280E2047740153688E71D37761938D8A0CB","PASS",""
"010120","LS일렉트릭","soph_handoff_ls_electric_v1_INPUT_PACKAGE_FOR_SOPH.zip","4EAEEB9A97FCA3B4FC406978762B81E55FF32420B761988CA4B823B8B20DDC7E","[엘에스일렉트릭]분기보고서_IFRS(원문XBRL)(2024.11.14).zip","6CEC61BA82BE94AA9CED1E5B4F76C4ED46C1D0F8D29036BE9BC70AD5CB9BE68A","2","entity00105855_2024-09-30.xsd","entity00105855_2024-09-30.xsd",".xsd","523774","31415","False","True","False","False","False","False","B3C4BF1FE6746A9775CBBED15BF5596E1FCF58099D4FAA354EF1E082D668646C","PASS",""
"010120","LS일렉트릭","soph_handoff_ls_electric_v1_INPUT_PACKAGE_FOR_SOPH.zip","4EAEEB9A97FCA3B4FC406978762B81E55FF32420B761988CA4B823B8B20DDC7E","[엘에스일렉트릭]분기보고서_IFRS(원문XBRL)(2024.11.14).zip","6CEC61BA82BE94AA9CED1E5B4F76C4ED46C1D0F8D29036BE9BC70AD5CB9BE68A","3","entity00105855_2024-09-30_def.xml","entity00105855_2024-09-30_def.xml",".xml","5046751","164843","False","False","False","False","False","True","2220E1E62079B6B8638AA141BD053FEFF0D48A89BDB772CBB7622DFE6CFECE03","PASS",""
"010120","LS일렉트릭","soph_handoff_ls_electric_v1_INPUT_PACKAGE_FOR_SOPH.zip","4EAEEB9A97FCA3B4FC406978762B81E55FF32420B761988CA4B823B8B20DDC7E","[엘에스일렉트릭]분기보고서_IFRS(원문XBRL)(2024.11.14).zip","6CEC61BA82BE94AA9CED1E5B4F76C4ED46C1D0F8D29036BE9BC70AD5CB9BE68A","4","entity00105855_2024-09-30_cal.xml","entity00105855_2024-09-30_cal.xml",".xml","318889","14504","False","False","False","False","True","False","E5D02F644277F06D7DB89099CF054095ADDB25F54A23155F7546FC7848CD33A7","PASS",""
"010120","LS일렉트릭","soph_handoff_ls_electric_v1_INPUT_PACKAGE_FOR_SOPH.zip","4EAEEB9A97FCA3B4FC406978762B81E55FF32420B761988CA4B823B8B20DDC7E","[엘에스일렉트릭]분기보고서_IFRS(원문XBRL)(2024.11.14).zip","6CEC61BA82BE94AA9CED1E5B4F76C4ED46C1D0F8D29036BE9BC70AD5CB9BE68A","5","entity00105855_2024-09-30_pre.xml","entity00105855_2024-09-30_pre.xml",".xml","3593339","145163","False","False","False","True","False","False","CA420F63204E619FB5F4DF96649F83598F23E776F0A0334F926C4FC920B656EA","PASS",""
"010120","LS일렉트릭","soph_handoff_ls_electric_v1_INPUT_PACKAGE_FOR_SOPH.zip","4EAEEB9A97FCA3B4FC406978762B81E55FF32420B761988CA4B823B8B20DDC7E","[엘에스일렉트릭]분기보고서_IFRS(원문XBRL)(2024.11.14).zip","6CEC61BA82BE94AA9CED1E5B4F76C4ED46C1D0F8D29036BE9BC70AD5CB9BE68A","6","entity00105855_2024-09-30_lab-ko.xml","entity00105855_2024-09-30_lab-ko.xml",".xml","5333916","216132","False","False","True","False","False","False","086F93FD70FE97E490FCFBF6E23752EAE23BF5FAB6AD576265BB4C3B34765CFC","PASS",""
"010120","LS일렉트릭","soph_handoff_ls_electric_v1_INPUT_PACKAGE_FOR_SOPH.zip","4EAEEB9A97FCA3B4FC406978762B81E55FF32420B761988CA4B823B8B20DDC7E","[엘에스일렉트릭]분기보고서_IFRS(원문XBRL)(2024.11.14).zip","6CEC61BA82BE94AA9CED1E5B4F76C4ED46C1D0F8D29036BE9BC70AD5CB9BE68A","7","entity00105855_2024-09-30_lab-en.xml","entity00105855_2024-09-30_lab-en.xml",".xml","5391623","207656","False","False","True","False","False","False","0805D229507EC990642A5E016C028D87285AC6791E8E7959259A80E8B8ED47A8","PASS",""
"010120","LS일렉트릭","soph_handoff_ls_electric_v1_INPUT_PACKAGE_FOR_SOPH.zip","4EAEEB9A97FCA3B4FC406978762B81E55FF32420B761988CA4B823B8B20DDC7E","[엘에스일렉트릭]분기보고서_IFRS(원문XBRL)(2025.05.15).zip","E800CDF59ED463F9CDE8B16CF36B30CFE224974A242999E255EB0B0769444DCF","1","entity00105855_2025-03-31.xbrl","entity00105855_2025-03-31.xbrl",".xbrl","5092035","235002","True","False","False","False","False","False","98CCB3D001C18B410264B42982783F2DF688B37AAA8CC4599E8DD89162ED9CCE","PASS",""
"010120","LS일렉트릭","soph_handoff_ls_electric_v1_INPUT_PACKAGE_FOR_SOPH.zip","4EAEEB9A97FCA3B4FC406978762B81E55FF32420B761988CA4B823B8B20DDC7E","[엘에스일렉트릭]분기보고서_IFRS(원문XBRL)(2025.05.15).zip","E800CDF59ED463F9CDE8B16CF36B30CFE224974A242999E255EB0B0769444DCF","2","entity00105855_2025-03-31.xsd","entity00105855_2025-03-31.xsd",".xsd","487164","29663","False","True","False","False","False","False","0428A0C25B79E6BA9283DFF7BFB7EA72CB666F1A0BB9120301A37620A82284BD","PASS",""
"010120","LS일렉트릭","soph_handoff_ls_electric_v1_INPUT_PACKAGE_FOR_SOPH.zip","4EAEEB9A97FCA3B4FC406978762B81E55FF32420B761988CA4B823B8B20DDC7E","[엘에스일렉트릭]분기보고서_IFRS(원문XBRL)(2025.05.15).zip","E800CDF59ED463F9CDE8B16CF36B30CFE224974A242999E255EB0B0769444DCF","3","entity00105855_2025-03-31_def.xml","entity00105855_2025-03-31_def.xml",".xml","4351418","143033","False","False","False","False","False","True","F4320DA16D9D0545AA345F716DBAEDE22FA9B7170F6349D85F72A93248F3B610","PASS",""
"010120","LS일렉트릭","soph_handoff_ls_electric_v1_INPUT_PACKAGE_FOR_SOPH.zip","4EAEEB9A97FCA3B4FC406978762B81E55FF32420B761988CA4B823B8B20DDC7E","[엘에스일렉트릭]분기보고서_IFRS(원문XBRL)(2025.05.15).zip","E800CDF59ED463F9CDE8B16CF36B30CFE224974A242999E255EB0B0769444DCF","4","entity00105855_2025-03-31_cal.xml","entity00105855_2025-03-31_cal.xml",".xml","304591","14095","False","False","False","False","True","False","7454AFBAF91128E630467ECB954F02E6C95D77919D9D90BB4AC463B4688C0FD8","PASS",""
"010120","LS일렉트릭","soph_handoff_ls_electric_v1_INPUT_PACKAGE_FOR_SOPH.zip","4EAEEB9A97FCA3B4FC406978762B81E55FF32420B761988CA4B823B8B20DDC7E","[엘에스일렉트릭]분기보고서_IFRS(원문XBRL)(2025.05.15).zip","E800CDF59ED463F9CDE8B16CF36B30CFE224974A242999E255EB0B0769444DCF","5","entity00105855_2025-03-31_pre.xml","entity00105855_2025-03-31_pre.xml",".xml","3069930","123151","False","False","False","True","False","False","CC78A25475A084C20E4B4679270682ADAAFD635838E833345A1EB7A733A1C1F0","PASS",""
"010120","LS일렉트릭","soph_handoff_ls_electric_v1_INPUT_PACKAGE_FOR_SOPH.zip","4EAEEB9A97FCA3B4FC406978762B81E55FF32420B761988CA4B823B8B20DDC7E","[엘에스일렉트릭]분기보고서_IFRS(원문XBRL)(2025.05.15).zip","E800CDF59ED463F9CDE8B16CF36B30CFE224974A242999E255EB0B0769444DCF","6","entity00105855_2025-03-31_lab-ko.xml","entity00105855_2025-03-31_lab-ko.xml",".xml","4771650","191248","False","False","True","False","False","False","7A6A0B0B603C2FAE5AC5A709B8FB599E71EFA29A44EACEE7D39AF1D01117A806","PASS",""
"010120","LS일렉트릭","soph_handoff_ls_electric_v1_INPUT_PACKAGE_FOR_SOPH.zip","4EAEEB9A97FCA3B4FC406978762B81E55FF32420B761988CA4B823B8B20DDC7E","[엘에스일렉트릭]분기보고서_IFRS(원문XBRL)(2025.05.15).zip","E800CDF59ED463F9CDE8B16CF36B30CFE224974A242999E255EB0B0769444DCF","7","entity00105855_2025-03-31_lab-en.xml","entity00105855_2025-03-31_lab-en.xml",".xml","4821221","183194","False","False","True","False","False","False","E9CA0EDD4CB9F007970BDEC964234C04F1B6FB65EA0F5D37B9B096B25BA2D523","PASS",""
"010120","LS일렉트릭","soph_handoff_ls_electric_v1_INPUT_PACKAGE_FOR_SOPH.zip","4EAEEB9A97FCA3B4FC406978762B81E55FF32420B761988CA4B823B8B20DDC7E","[엘에스일렉트릭]분기보고서_IFRS(원문XBRL)(2025.11.14).zip","9F365DA06DC9B953AC60977E4DC80B6DD5B999A02C1212C494A87DBAA97DAF0D","1","entity00105855_2025-09-30.xbrl","entity00105855_2025-09-30.xbrl",".xbrl","5522992","243102","True","False","False","False","False","False","4385BA87E3A16FB6FC60146CC24B91785ADD2903579413E8C908DB02816EC0B0","PASS",""
"010120","LS일렉트릭","soph_handoff_ls_electric_v1_INPUT_PACKAGE_FOR_SOPH.zip","4EAEEB9A97FCA3B4FC406978762B81E55FF32420B761988CA4B823B8B20DDC7E","[엘에스일렉트릭]분기보고서_IFRS(원문XBRL)(2025.11.14).zip","9F365DA06DC9B953AC60977E4DC80B6DD5B999A02C1212C494A87DBAA97DAF0D","2","entity00105855_2025-09-30.xsd","entity00105855_2025-09-30.xsd",".xsd","533296","35244","False","True","False","False","False","False","3393F025BD6CBD376AA535453FA783818FB6CFE6B5E1D9E7A2C92844B648794C","PASS",""
"010120","LS일렉트릭","soph_handoff_ls_electric_v1_INPUT_PACKAGE_FOR_SOPH.zip","4EAEEB9A97FCA3B4FC406978762B81E55FF32420B761988CA4B823B8B20DDC7E","[엘에스일렉트릭]분기보고서_IFRS(원문XBRL)(2025.11.14).zip","9F365DA06DC9B953AC60977E4DC80B6DD5B999A02C1212C494A87DBAA97DAF0D","3","entity00105855_2025-09-30_def.xml","entity00105855_2025-09-30_def.xml",".xml","4510716","147758","False","False","False","False","False","True","AF9F8B856A81210854B10EC8A9A7EC57FCE40D93C7424BFD9751F24D0A754C60","PASS",""
"010120","LS일렉트릭","soph_handoff_ls_electric_v1_INPUT_PACKAGE_FOR_SOPH.zip","4EAEEB9A97FCA3B4FC406978762B81E55FF32420B761988CA4B823B8B20DDC7E","[엘에스일렉트릭]분기보고서_IFRS(원문XBRL)(2025.11.14).zip","9F365DA06DC9B953AC60977E4DC80B6DD5B999A02C1212C494A87DBAA97DAF0D","4","entity00105855_2025-09-30_cal.xml","entity00105855_2025-09-30_cal.xml",".xml","315882","14639","False","False","False","False","True","False","1B87AB106BD3FC6A51224B11D8E04D075AE40131F23F95E31F40EC953D0DC4A9","PASS",""
"010120","LS일렉트릭","soph_handoff_ls_electric_v1_INPUT_PACKAGE_FOR_SOPH.zip","4EAEEB9A97FCA3B4FC406978762B81E55FF32420B761988CA4B823B8B20DDC7E","[엘에스일렉트릭]분기보고서_IFRS(원문XBRL)(2025.11.14).zip","9F365DA06DC9B953AC60977E4DC80B6DD5B999A02C1212C494A87DBAA97DAF0D","5","entity00105855_2025-09-30_pre.xml","entity00105855_2025-09-30_pre.xml",".xml","3235429","128260","False","False","False","True","False","False","1708F968DCE8BD64CE88085D0272AC8D9F64C89886EE9F0E1BDB74E4F4783D69","PASS",""
"010120","LS일렉트릭","soph_handoff_ls_electric_v1_INPUT_PACKAGE_FOR_SOPH.zip","4EAEEB9A97FCA3B4FC406978762B81E55FF32420B761988CA4B823B8B20DDC7E","[엘에스일렉트릭]분기보고서_IFRS(원문XBRL)(2025.11.14).zip","9F365DA06DC9B953AC60977E4DC80B6DD5B999A02C1212C494A87DBAA97DAF0D","6","entity00105855_2025-09-30_lab-ko.xml","entity00105855_2025-09-30_lab-ko.xml",".xml","5311204","205160","False","False","True","False","False","False","94B4C995447D8A91A2620C39EFA0442FC689C65E2615F52B4C25B8BD4C834D0F","PASS",""
"010120","LS일렉트릭","soph_handoff_ls_electric_v1_INPUT_PACKAGE_FOR_SOPH.zip","4EAEEB9A97FCA3B4FC406978762B81E55FF32420B761988CA4B823B8B20DDC7E","[엘에스일렉트릭]분기보고서_IFRS(원문XBRL)(2025.11.14).zip","9F365DA06DC9B953AC60977E4DC80B6DD5B999A02C1212C494A87DBAA97DAF0D","7","entity00105855_2025-09-30_lab-en.xml","entity00105855_2025-09-30_lab-en.xml",".xml","5369254","196818","False","False","True","False","False","False","0DD952C3F49D3E25C5016A28172DA8E7986CFE0E89800992618E46FB87923BE9","PASS",""
"010120","LS일렉트릭","soph_handoff_ls_electric_v1_INPUT_PACKAGE_FOR_SOPH.zip","4EAEEB9A97FCA3B4FC406978762B81E55FF32420B761988CA4B823B8B20DDC7E","[엘에스일렉트릭]분기보고서_IFRS(원문XBRL)(2026.05.14).zip","14B39137AEE7BEB2BB6958D967C6F9CE13C8CDE9441641F27D63E9FB6CB30920","1","entity00105855_2026-03-31.xbrl","entity00105855_2026-03-31.xbrl",".xbrl","5522702","272251","True","False","False","False","False","False","22FEFA7E8A8D96598F191F8AE8292D2D38934BCC781BD43B80015EE5EE8363C1","PASS",""
"010120","LS일렉트릭","soph_handoff_ls_electric_v1_INPUT_PACKAGE_FOR_SOPH.zip","4EAEEB9A97FCA3B4FC406978762B81E55FF32420B761988CA4B823B8B20DDC7E","[엘에스일렉트릭]분기보고서_IFRS(원문XBRL)(2026.05.14).zip","14B39137AEE7BEB2BB6958D967C6F9CE13C8CDE9441641F27D63E9FB6CB30920","2","entity00105855_2026-03-31.xsd","entity00105855_2026-03-31.xsd",".xsd","476474","32117","False","True","False","False","False","False","F9E20DEC0550ADDE8AD1441D9CF71E72CEEBBA784B4D0687BD522E85FFD9CC8A","PASS",""
"010120","LS일렉트릭","soph_handoff_ls_electric_v1_INPUT_PACKAGE_FOR_SOPH.zip","4EAEEB9A97FCA3B4FC406978762B81E55FF32420B761988CA4B823B8B20DDC7E","[엘에스일렉트릭]분기보고서_IFRS(원문XBRL)(2026.05.14).zip","14B39137AEE7BEB2BB6958D967C6F9CE13C8CDE9441641F27D63E9FB6CB30920","3","entity00105855_2026-03-31_def.xml","entity00105855_2026-03-31_def.xml",".xml","4579029","150468","False","False","False","False","False","True","21D6C32E655243FEE905B461991D682C58C28C0C38768262ED0EA927E15C78A6","PASS",""
"010120","LS일렉트릭","soph_handoff_ls_electric_v1_INPUT_PACKAGE_FOR_SOPH.zip","4EAEEB9A97FCA3B4FC406978762B81E55FF32420B761988CA4B823B8B20DDC7E","[엘에스일렉트릭]분기보고서_IFRS(원문XBRL)(2026.05.14).zip","14B39137AEE7BEB2BB6958D967C6F9CE13C8CDE9441641F27D63E9FB6CB30920","4","entity00105855_2026-03-31_cal.xml","entity00105855_2026-03-31_cal.xml",".xml","277401","12426","False","False","False","False","True","False","B8A43BC1860C02B0966740F9BD30DD4FC6A5A2986A4BBEADE805F8EB915EB08B","PASS",""
"010120","LS일렉트릭","soph_handoff_ls_electric_v1_INPUT_PACKAGE_FOR_SOPH.zip","4EAEEB9A97FCA3B4FC406978762B81E55FF32420B761988CA4B823B8B20DDC7E","[엘에스일렉트릭]분기보고서_IFRS(원문XBRL)(2026.05.14).zip","14B39137AEE7BEB2BB6958D967C6F9CE13C8CDE9441641F27D63E9FB6CB30920","5","entity00105855_2026-03-31_pre.xml","entity00105855_2026-03-31_pre.xml",".xml","3183299","127473","False","False","False","True","False","False","5EF2438FD352A58FE687CF8675A1948D0CCA0A45D773200A226C973D6340E050","PASS",""
"010120","LS일렉트릭","soph_handoff_ls_electric_v1_INPUT_PACKAGE_FOR_SOPH.zip","4EAEEB9A97FCA3B4FC406978762B81E55FF32420B761988CA4B823B8B20DDC7E","[엘에스일렉트릭]분기보고서_IFRS(원문XBRL)(2026.05.14).zip","14B39137AEE7BEB2BB6958D967C6F9CE13C8CDE9441641F27D63E9FB6CB30920","6","entity00105855_2026-03-31_lab-ko.xml","entity00105855_2026-03-31_lab-ko.xml",".xml","4849722","189896","False","False","True","False","False","False","2AC62F5E783C1DA79569A5BABBF64A518077A6CF833D960CB0C0DF5619317C30","PASS",""
"010120","LS일렉트릭","soph_handoff_ls_electric_v1_INPUT_PACKAGE_FOR_SOPH.zip","4EAEEB9A97FCA3B4FC406978762B81E55FF32420B761988CA4B823B8B20DDC7E","[엘에스일렉트릭]분기보고서_IFRS(원문XBRL)(2026.05.14).zip","14B39137AEE7BEB2BB6958D967C6F9CE13C8CDE9441641F27D63E9FB6CB30920","7","entity00105855_2026-03-31_lab-en.xml","entity00105855_2026-03-31_lab-en.xml",".xml","4908946","183270","False","False","True","False","False","False","F65A83B9E596DB55956786449ED050295537E1FE82F01467A19EA52082811F26","PASS",""
"010120","LS일렉트릭","soph_handoff_ls_electric_v1_INPUT_PACKAGE_FOR_SOPH.zip","4EAEEB9A97FCA3B4FC406978762B81E55FF32420B761988CA4B823B8B20DDC7E","[엘에스일렉트릭]사업보고서_IFRS(원문XBRL)(2021.03.19).zip","7202FB233483A07A108709630D1796C55D6DDCD6BA97CE008BE30D64AF68FEC0","1","00105855_2011-05-24.xbrl","00105855_2011-05-24.xbrl",".xbrl","489331","21921","True","False","False","False","False","False","E9873ABC896A78C15B6EB2A213FCBA4C5A04EE09B2F75243E3157B539B8348E4","PASS",""
"010120","LS일렉트릭","soph_handoff_ls_electric_v1_INPUT_PACKAGE_FOR_SOPH.zip","4EAEEB9A97FCA3B4FC406978762B81E55FF32420B761988CA4B823B8B20DDC7E","[엘에스일렉트릭]사업보고서_IFRS(원문XBRL)(2021.03.19).zip","7202FB233483A07A108709630D1796C55D6DDCD6BA97CE008BE30D64AF68FEC0","2","00105855_entry_point_2011-05-24.xsd","00105855_entry_point_2011-05-24.xsd",".xsd","103486","4530","False","True","False","False","False","False","E6DD125A554751F7CC29C949D4B3AFD4E37A587E4AD0C1CC8A351C547C020D20","PASS",""
"010120","LS일렉트릭","soph_handoff_ls_electric_v1_INPUT_PACKAGE_FOR_SOPH.zip","4EAEEB9A97FCA3B4FC406978762B81E55FF32420B761988CA4B823B8B20DDC7E","[엘에스일렉트릭]사업보고서_IFRS(원문XBRL)(2021.03.19).zip","7202FB233483A07A108709630D1796C55D6DDCD6BA97CE008BE30D64AF68FEC0","3","ifrs_for_00105855/dimensions_ifrs_for_00105855/dim_ifrs_for_00105855_2011-05-24.xml","dim_ifrs_for_00105855_2011-05-24.xml",".xml","1614095","68231","True","False","False","False","False","False","80BB5986FB458A1FE3BD9E6B1FA5A18A224FA046B41CDAB06189A3098FAD2075","PASS",""
"010120","LS일렉트릭","soph_handoff_ls_electric_v1_INPUT_PACKAGE_FOR_SOPH.zip","4EAEEB9A97FCA3B4FC406978762B81E55FF32420B761988CA4B823B8B20DDC7E","[엘에스일렉트릭]사업보고서_IFRS(원문XBRL)(2021.03.19).zip","7202FB233483A07A108709630D1796C55D6DDCD6BA97CE008BE30D64AF68FEC0","4","ifrs_for_00105855/dimensions_ifrs_for_00105855/cal_ifrs_for_00105855_2011-05-24.xml","cal_ifrs_for_00105855_2011-05-24.xml",".xml","1609961","66991","True","False","False","False","False","False","508B969B68B760F7CB366BC798F1557BABFAA05F5B14B55857CD934D82D9A092","PASS",""
"010120","LS일렉트릭","soph_handoff_ls_electric_v1_INPUT_PACKAGE_FOR_SOPH.zip","4EAEEB9A97FCA3B4FC406978762B81E55FF32420B761988CA4B823B8B20DDC7E","[엘에스일렉트릭]사업보고서_IFRS(원문XBRL)(2021.03.19).zip","7202FB233483A07A108709630D1796C55D6DDCD6BA97CE008BE30D64AF68FEC0","5","ifrs_for_00105855/dimensions_ifrs_for_00105855/pre_ifrs_for_00105855_2011-05-24.xml","pre_ifrs_for_00105855_2011-05-24.xml",".xml","1639941","69058","True","False","False","False","False","False","FBF68CA0B1D189F717926B4DFEF16D28B44D32B7A171E0E49B3CCE0D68271C88","PASS",""
"010120","LS일렉트릭","soph_handoff_ls_electric_v1_INPUT_PACKAGE_FOR_SOPH.zip","4EAEEB9A97FCA3B4FC406978762B81E55FF32420B761988CA4B823B8B20DDC7E","[엘에스일렉트릭]사업보고서_IFRS(원문XBRL)(2021.03.19).zip","7202FB233483A07A108709630D1796C55D6DDCD6BA97CE008BE30D64AF68FEC0","6","ifrs_for_00105855/dimensions_ifrs_for_00105855/role_ifrs_for_00105855-dim_2011-05-24.xsd","role_ifrs_for_00105855-dim_2011-05-24.xsd",".xsd","649","311","False","True","False","False","False","False","D7939C9F2959383977CE9095A139ECA315DD305A27410E8BEB7702BCF1BF63B9","PASS",""
"010120","LS일렉트릭","soph_handoff_ls_electric_v1_INPUT_PACKAGE_FOR_SOPH.zip","4EAEEB9A97FCA3B4FC406978762B81E55FF32420B761988CA4B823B8B20DDC7E","[엘에스일렉트릭]사업보고서_IFRS(원문XBRL)(2021.03.19).zip","7202FB233483A07A108709630D1796C55D6DDCD6BA97CE008BE30D64AF68FEC0","7","labels/lab_00105855-ko_2011-05-24.xml","lab_00105855-ko_2011-05-24.xml",".xml","511566","18648","True","False","False","False","False","False","DF075AE44C15E1583178A5873EA09B947DFE8BD1C11D167DB5A0AE2EE681F097","PASS",""
"010120","LS일렉트릭","soph_handoff_ls_electric_v1_INPUT_PACKAGE_FOR_SOPH.zip","4EAEEB9A97FCA3B4FC406978762B81E55FF32420B761988CA4B823B8B20DDC7E","[엘에스일렉트릭]사업보고서_IFRS(원문XBRL)(2021.03.19).zip","7202FB233483A07A108709630D1796C55D6DDCD6BA97CE008BE30D64AF68FEC0","8","labels/lab_00105855-en_2011-05-24.xml","lab_00105855-en_2011-05-24.xml",".xml","478502","16590","True","False","False","False","False","False","7F299E1720047829EE805EE3A9AF47E20DBA6A663C59E35198B27C400E42D106","PASS",""
"010120","LS일렉트릭","soph_handoff_ls_electric_v1_INPUT_PACKAGE_FOR_SOPH.zip","4EAEEB9A97FCA3B4FC406978762B81E55FF32420B761988CA4B823B8B20DDC7E","[엘에스일렉트릭]사업보고서_IFRS(원문XBRL)(2022.03.18).zip","D4AFB0A52B0EE54A1BF37344515AA5F5720CE37D7B2936BB2203833A21C56492","1","00105855_2011-05-24.xbrl","00105855_2011-05-24.xbrl",".xbrl","489091","21878","True","False","False","False","False","False","89E674AFB1A87A3D5C8A835DD80EC93804DC2891A6681D5C7A1F7A09A922129A","PASS",""
"010120","LS일렉트릭","soph_handoff_ls_electric_v1_INPUT_PACKAGE_FOR_SOPH.zip","4EAEEB9A97FCA3B4FC406978762B81E55FF32420B761988CA4B823B8B20DDC7E","[엘에스일렉트릭]사업보고서_IFRS(원문XBRL)(2022.03.18).zip","D4AFB0A52B0EE54A1BF37344515AA5F5720CE37D7B2936BB2203833A21C56492","2","00105855_entry_point_2011-05-24.xsd","00105855_entry_point_2011-05-24.xsd",".xsd","103190","4592","False","True","False","False","False","False","7BBDFB92D6579FD4D7F9072D297FD6C2EE68BA065F9902F44322617D5D5E7B69","PASS",""
"010120","LS일렉트릭","soph_handoff_ls_electric_v1_INPUT_PACKAGE_FOR_SOPH.zip","4EAEEB9A97FCA3B4FC406978762B81E55FF32420B761988CA4B823B8B20DDC7E","[엘에스일렉트릭]사업보고서_IFRS(원문XBRL)(2022.03.18).zip","D4AFB0A52B0EE54A1BF37344515AA5F5720CE37D7B2936BB2203833A21C56492","3","ifrs_for_00105855/dimensions_ifrs_for_00105855/dim_ifrs_for_00105855_2011-05-24.xml","dim_ifrs_for_00105855_2011-05-24.xml",".xml","1613736","68325","True","False","False","False","False","False","A7F6CE00F8A14FA7760DB002798A5E954F80F5B606052121C689BB1B9345C30D","PASS",""
"010120","LS일렉트릭","soph_handoff_ls_electric_v1_INPUT_PACKAGE_FOR_SOPH.zip","4EAEEB9A97FCA3B4FC406978762B81E55FF32420B761988CA4B823B8B20DDC7E","[엘에스일렉트릭]사업보고서_IFRS(원문XBRL)(2022.03.18).zip","D4AFB0A52B0EE54A1BF37344515AA5F5720CE37D7B2936BB2203833A21C56492","4","ifrs_for_00105855/dimensions_ifrs_for_00105855/cal_ifrs_for_00105855_2011-05-24.xml","cal_ifrs_for_00105855_2011-05-24.xml",".xml","1610031","67224","True","False","False","False","False","False","EEB9BDC30AFE35C17E097D61E02F8478650A202D4306F6CD5757DD337B1A47EB","PASS",""
"010120","LS일렉트릭","soph_handoff_ls_electric_v1_INPUT_PACKAGE_FOR_SOPH.zip","4EAEEB9A97FCA3B4FC406978762B81E55FF32420B761988CA4B823B8B20DDC7E","[엘에스일렉트릭]사업보고서_IFRS(원문XBRL)(2022.03.18).zip","D4AFB0A52B0EE54A1BF37344515AA5F5720CE37D7B2936BB2203833A21C56492","5","ifrs_for_00105855/dimensions_ifrs_for_00105855/pre_ifrs_for_00105855_2011-05-24.xml","pre_ifrs_for_00105855_2011-05-24.xml",".xml","1639566","69236","True","False","False","False","False","False","E8A506AA56CA8BAA9EF6B49A5D3D63BBB74E07913CEDB59DC8F0E864C536A5D2","PASS",""
"010120","LS일렉트릭","soph_handoff_ls_electric_v1_INPUT_PACKAGE_FOR_SOPH.zip","4EAEEB9A97FCA3B4FC406978762B81E55FF32420B761988CA4B823B8B20DDC7E","[엘에스일렉트릭]사업보고서_IFRS(원문XBRL)(2022.03.18).zip","D4AFB0A52B0EE54A1BF37344515AA5F5720CE37D7B2936BB2203833A21C56492","6","ifrs_for_00105855/dimensions_ifrs_for_00105855/role_ifrs_for_00105855-dim_2011-05-24.xsd","role_ifrs_for_00105855-dim_2011-05-24.xsd",".xsd","649","311","False","True","False","False","False","False","D7939C9F2959383977CE9095A139ECA315DD305A27410E8BEB7702BCF1BF63B9","PASS",""
"010120","LS일렉트릭","soph_handoff_ls_electric_v1_INPUT_PACKAGE_FOR_SOPH.zip","4EAEEB9A97FCA3B4FC406978762B81E55FF32420B761988CA4B823B8B20DDC7E","[엘에스일렉트릭]사업보고서_IFRS(원문XBRL)(2022.03.18).zip","D4AFB0A52B0EE54A1BF37344515AA5F5720CE37D7B2936BB2203833A21C56492","7","labels/lab_00105855-ko_2011-05-24.xml","lab_00105855-ko_2011-05-24.xml",".xml","508117","18499","True","False","False","False","False","False","B959A2436F1789F9FAD3848DD4DF0D8FAF552CEABC9A8EDF78DFCC6EE59B4A17","PASS",""
"010120","LS일렉트릭","soph_handoff_ls_electric_v1_INPUT_PACKAGE_FOR_SOPH.zip","4EAEEB9A97FCA3B4FC406978762B81E55FF32420B761988CA4B823B8B20DDC7E","[엘에스일렉트릭]사업보고서_IFRS(원문XBRL)(2022.03.18).zip","D4AFB0A52B0EE54A1BF37344515AA5F5720CE37D7B2936BB2203833A21C56492","8","labels/lab_00105855-en_2011-05-24.xml","lab_00105855-en_2011-05-24.xml",".xml","476794","16728","True","False","False","False","False","False","D9991371830F6A6B4FADA5C01962D3D4CB9BB7C6DD182764ED99B978A5B606DC","PASS",""
"010120","LS일렉트릭","soph_handoff_ls_electric_v1_INPUT_PACKAGE_FOR_SOPH.zip","4EAEEB9A97FCA3B4FC406978762B81E55FF32420B761988CA4B823B8B20DDC7E","[엘에스일렉트릭]사업보고서_IFRS(원문XBRL)(2023.03.20).zip","5E757900B8066F3BB94761337D2379D524A9404DF0E43879323C4769F09AFFCA","1","00105855_2011-05-24.xbrl","00105855_2011-05-24.xbrl",".xbrl","623161","24069","True","False","False","False","False","False","D7F5D38D15E250032885BADD404986B51089C9E2EDEAD9B9C3E455987A4B8C97","PASS",""
"010120","LS일렉트릭","soph_handoff_ls_electric_v1_INPUT_PACKAGE_FOR_SOPH.zip","4EAEEB9A97FCA3B4FC406978762B81E55FF32420B761988CA4B823B8B20DDC7E","[엘에스일렉트릭]사업보고서_IFRS(원문XBRL)(2023.03.20).zip","5E757900B8066F3BB94761337D2379D524A9404DF0E43879323C4769F09AFFCA","2","00105855_entry_point_2011-05-24.xsd","00105855_entry_point_2011-05-24.xsd",".xsd","104786","4670","False","True","False","False","False","False","78052D643E32D10BB789F4CE9A8950524BCEBFF272FF01A957982820EB2E8147","PASS",""
"010120","LS일렉트릭","soph_handoff_ls_electric_v1_INPUT_PACKAGE_FOR_SOPH.zip","4EAEEB9A97FCA3B4FC406978762B81E55FF32420B761988CA4B823B8B20DDC7E","[엘에스일렉트릭]사업보고서_IFRS(원문XBRL)(2023.03.20).zip","5E757900B8066F3BB94761337D2379D524A9404DF0E43879323C4769F09AFFCA","3","ifrs_for_00105855/dimensions_ifrs_for_00105855/dim_ifrs_for_00105855_2011-05-24.xml","dim_ifrs_for_00105855_2011-05-24.xml",".xml","1616506","68438","True","False","False","False","False","False","A56F7D1BCE28B21E32C33F800A07477B37A34DC603BA0AE7563D2A1E8AF9A57C","PASS",""
"010120","LS일렉트릭","soph_handoff_ls_electric_v1_INPUT_PACKAGE_FOR_SOPH.zip","4EAEEB9A97FCA3B4FC406978762B81E55FF32420B761988CA4B823B8B20DDC7E","[엘에스일렉트릭]사업보고서_IFRS(원문XBRL)(2023.03.20).zip","5E757900B8066F3BB94761337D2379D524A9404DF0E43879323C4769F09AFFCA","4","ifrs_for_00105855/dimensions_ifrs_for_00105855/cal_ifrs_for_00105855_2011-05-24.xml","cal_ifrs_for_00105855_2011-05-24.xml",".xml","1611682","67266","True","False","False","False","False","False","12D311B8AE8FE399FF7D25C21044BB42471CA9408485EE60C66681FA0A24B88F","PASS",""
"010120","LS일렉트릭","soph_handoff_ls_electric_v1_INPUT_PACKAGE_FOR_SOPH.zip","4EAEEB9A97FCA3B4FC406978762B81E55FF32420B761988CA4B823B8B20DDC7E","[엘에스일렉트릭]사업보고서_IFRS(원문XBRL)(2023.03.20).zip","5E757900B8066F3BB94761337D2379D524A9404DF0E43879323C4769F09AFFCA","5","ifrs_for_00105855/dimensions_ifrs_for_00105855/pre_ifrs_for_00105855_2011-05-24.xml","pre_ifrs_for_00105855_2011-05-24.xml",".xml","1642300","69361","True","False","False","False","False","False","A355F915A66DB52D8F90327B064C16DEC6FC9AE62322C0AF20563DE54EE2DEAA","PASS",""
"010120","LS일렉트릭","soph_handoff_ls_electric_v1_INPUT_PACKAGE_FOR_SOPH.zip","4EAEEB9A97FCA3B4FC406978762B81E55FF32420B761988CA4B823B8B20DDC7E","[엘에스일렉트릭]사업보고서_IFRS(원문XBRL)(2023.03.20).zip","5E757900B8066F3BB94761337D2379D524A9404DF0E43879323C4769F09AFFCA","6","ifrs_for_00105855/dimensions_ifrs_for_00105855/role_ifrs_for_00105855-dim_2011-05-24.xsd","role_ifrs_for_00105855-dim_2011-05-24.xsd",".xsd","649","311","False","True","False","False","False","False","D7939C9F2959383977CE9095A139ECA315DD305A27410E8BEB7702BCF1BF63B9","PASS",""
"010120","LS일렉트릭","soph_handoff_ls_electric_v1_INPUT_PACKAGE_FOR_SOPH.zip","4EAEEB9A97FCA3B4FC406978762B81E55FF32420B761988CA4B823B8B20DDC7E","[엘에스일렉트릭]사업보고서_IFRS(원문XBRL)(2023.03.20).zip","5E757900B8066F3BB94761337D2379D524A9404DF0E43879323C4769F09AFFCA","7","labels/lab_00105855-ko_2011-05-24.xml","lab_00105855-ko_2011-05-24.xml",".xml","516113","18791","True","False","False","False","False","False","42DB724230BB3B7925AAD150AB9E0348DD9811834D03ACCAE28495EAE5E5B1EA","PASS",""
"010120","LS일렉트릭","soph_handoff_ls_electric_v1_INPUT_PACKAGE_FOR_SOPH.zip","4EAEEB9A97FCA3B4FC406978762B81E55FF32420B761988CA4B823B8B20DDC7E","[엘에스일렉트릭]사업보고서_IFRS(원문XBRL)(2023.03.20).zip","5E757900B8066F3BB94761337D2379D524A9404DF0E43879323C4769F09AFFCA","8","labels/lab_00105855-en_2011-05-24.xml","lab_00105855-en_2011-05-24.xml",".xml","484843","17002","True","False","False","False","False","False","6ADD6A72452AAB15FE4705810654A8E469BAA95441CD040E97FB4722E9371428","PASS",""
"010120","LS일렉트릭","soph_handoff_ls_electric_v1_INPUT_PACKAGE_FOR_SOPH.zip","4EAEEB9A97FCA3B4FC406978762B81E55FF32420B761988CA4B823B8B20DDC7E","[엘에스일렉트릭]사업보고서_IFRS(원문XBRL)(2025.03.17).zip","2C3DE5A96A11D9E2E04C1A6B2E4105BB477195473693FB07A9FEB90706B5C2BC","1","entity00105855_2024-12-31.xbrl","entity00105855_2024-12-31.xbrl",".xbrl","7364790","318451","True","False","False","False","False","False","76BF344361FB6278AEB53292BC59236EB8416989FF8C4F3D15644F7CA8E4BBB4","PASS",""
"010120","LS일렉트릭","soph_handoff_ls_electric_v1_INPUT_PACKAGE_FOR_SOPH.zip","4EAEEB9A97FCA3B4FC406978762B81E55FF32420B761988CA4B823B8B20DDC7E","[엘에스일렉트릭]사업보고서_IFRS(원문XBRL)(2025.03.17).zip","2C3DE5A96A11D9E2E04C1A6B2E4105BB477195473693FB07A9FEB90706B5C2BC","2","entity00105855_2024-12-31.xsd","entity00105855_2024-12-31.xsd",".xsd","687789","40804","False","True","False","False","False","False","3653B01415EEC0A062EBA0648B7EE226948EA22C8E99FCF0AF26E0EBF649B634","PASS",""
"010120","LS일렉트릭","soph_handoff_ls_electric_v1_INPUT_PACKAGE_FOR_SOPH.zip","4EAEEB9A97FCA3B4FC406978762B81E55FF32420B761988CA4B823B8B20DDC7E","[엘에스일렉트릭]사업보고서_IFRS(원문XBRL)(2025.03.17).zip","2C3DE5A96A11D9E2E04C1A6B2E4105BB477195473693FB07A9FEB90706B5C2BC","3","entity00105855_2024-12-31_def.xml","entity00105855_2024-12-31_def.xml",".xml","6118803","205587","False","False","False","False","False","True","62106EB1827AC2F16677B5B5ECF25E350EF123E59A37B41CE689E4B5847DDB43","PASS",""
"010120","LS일렉트릭","soph_handoff_ls_electric_v1_INPUT_PACKAGE_FOR_SOPH.zip","4EAEEB9A97FCA3B4FC406978762B81E55FF32420B761988CA4B823B8B20DDC7E","[엘에스일렉트릭]사업보고서_IFRS(원문XBRL)(2025.03.17).zip","2C3DE5A96A11D9E2E04C1A6B2E4105BB477195473693FB07A9FEB90706B5C2BC","4","entity00105855_2024-12-31_cal.xml","entity00105855_2024-12-31_cal.xml",".xml","327491","15008","False","False","False","False","True","False","41AAA63ACE10527B9CBD992E5A9B3215198352904173121F37BA55BFDD29F697","PASS",""
"010120","LS일렉트릭","soph_handoff_ls_electric_v1_INPUT_PACKAGE_FOR_SOPH.zip","4EAEEB9A97FCA3B4FC406978762B81E55FF32420B761988CA4B823B8B20DDC7E","[엘에스일렉트릭]사업보고서_IFRS(원문XBRL)(2025.03.17).zip","2C3DE5A96A11D9E2E04C1A6B2E4105BB477195473693FB07A9FEB90706B5C2BC","5","entity00105855_2024-12-31_pre.xml","entity00105855_2024-12-31_pre.xml",".xml","4330004","175348","False","False","False","True","False","False","9B95CEE8122E7C726D73B2C294CA7643532CF0CCABFFB7D2DC34B1F0D8BE16ED","PASS",""
"010120","LS일렉트릭","soph_handoff_ls_electric_v1_INPUT_PACKAGE_FOR_SOPH.zip","4EAEEB9A97FCA3B4FC406978762B81E55FF32420B761988CA4B823B8B20DDC7E","[엘에스일렉트릭]사업보고서_IFRS(원문XBRL)(2025.03.17).zip","2C3DE5A96A11D9E2E04C1A6B2E4105BB477195473693FB07A9FEB90706B5C2BC","6","entity00105855_2024-12-31_lab-ko.xml","entity00105855_2024-12-31_lab-ko.xml",".xml","6848004","267189","False","False","True","False","False","False","FED955D632E572C0EF2BE60D567E3EB050804AD007D84F43515142775415F14A","PASS",""
"010120","LS일렉트릭","soph_handoff_ls_electric_v1_INPUT_PACKAGE_FOR_SOPH.zip","4EAEEB9A97FCA3B4FC406978762B81E55FF32420B761988CA4B823B8B20DDC7E","[엘에스일렉트릭]사업보고서_IFRS(원문XBRL)(2025.03.17).zip","2C3DE5A96A11D9E2E04C1A6B2E4105BB477195473693FB07A9FEB90706B5C2BC","7","entity00105855_2024-12-31_lab-en.xml","entity00105855_2024-12-31_lab-en.xml",".xml","6925249","256674","False","False","True","False","False","False","F4A670E3D43FF0A2B2177EA8CC3376C36E27B43828E29CD10645A01918E1C3FF","PASS",""
"010120","LS일렉트릭","soph_handoff_ls_electric_v1_INPUT_PACKAGE_FOR_SOPH.zip","4EAEEB9A97FCA3B4FC406978762B81E55FF32420B761988CA4B823B8B20DDC7E","[엘에스일렉트릭]사업보고서_IFRS(원문XBRL)(2026.03.18).zip","294B8CF7DE026FEAE369D68147C7A793EA7D4B9031EDD5C1828A0B2AD8848AF4","1","entity00105855_2025-12-31.xbrl","entity00105855_2025-12-31.xbrl",".xbrl","7160608","375686","True","False","False","False","False","False","E9A916325588499ACC9D208AF5032AAB789E466EFC4CE87C33902CD71296B680","PASS",""
"010120","LS일렉트릭","soph_handoff_ls_electric_v1_INPUT_PACKAGE_FOR_SOPH.zip","4EAEEB9A97FCA3B4FC406978762B81E55FF32420B761988CA4B823B8B20DDC7E","[엘에스일렉트릭]사업보고서_IFRS(원문XBRL)(2026.03.18).zip","294B8CF7DE026FEAE369D68147C7A793EA7D4B9031EDD5C1828A0B2AD8848AF4","2","entity00105855_2025-12-31.xsd","entity00105855_2025-12-31.xsd",".xsd","638416","43835","False","True","False","False","False","False","417B6C7A566A34F45D2F1176017A105B0357DFA91E056801F50EBABB8F9FFDFA","PASS",""
"010120","LS일렉트릭","soph_handoff_ls_electric_v1_INPUT_PACKAGE_FOR_SOPH.zip","4EAEEB9A97FCA3B4FC406978762B81E55FF32420B761988CA4B823B8B20DDC7E","[엘에스일렉트릭]사업보고서_IFRS(원문XBRL)(2026.03.18).zip","294B8CF7DE026FEAE369D68147C7A793EA7D4B9031EDD5C1828A0B2AD8848AF4","3","entity00105855_2025-12-31_def.xml","entity00105855_2025-12-31_def.xml",".xml","5866167","195941","False","False","False","False","False","True","17466F580C3A121800B722AC96E0EE0E10E1EA1B8FF11E26777F31B8D0AF907B","PASS",""
"010120","LS일렉트릭","soph_handoff_ls_electric_v1_INPUT_PACKAGE_FOR_SOPH.zip","4EAEEB9A97FCA3B4FC406978762B81E55FF32420B761988CA4B823B8B20DDC7E","[엘에스일렉트릭]사업보고서_IFRS(원문XBRL)(2026.03.18).zip","294B8CF7DE026FEAE369D68147C7A793EA7D4B9031EDD5C1828A0B2AD8848AF4","4","entity00105855_2025-12-31_cal.xml","entity00105855_2025-12-31_cal.xml",".xml","330695","14469","False","False","False","False","True","False","443DF641DC2C395CA2965FEB850A4F8E2D032B1DD3183835B23DA323D04F0C23","PASS",""
"010120","LS일렉트릭","soph_handoff_ls_electric_v1_INPUT_PACKAGE_FOR_SOPH.zip","4EAEEB9A97FCA3B4FC406978762B81E55FF32420B761988CA4B823B8B20DDC7E","[엘에스일렉트릭]사업보고서_IFRS(원문XBRL)(2026.03.18).zip","294B8CF7DE026FEAE369D68147C7A793EA7D4B9031EDD5C1828A0B2AD8848AF4","5","entity00105855_2025-12-31_pre.xml","entity00105855_2025-12-31_pre.xml",".xml","4188027","168585","False","False","False","True","False","False","AE4294E9D2D54645B174EA6BA65FBBCA4BFDE68E2B1B2E5207BDD22EC63333BC","PASS",""
"010120","LS일렉트릭","soph_handoff_ls_electric_v1_INPUT_PACKAGE_FOR_SOPH.zip","4EAEEB9A97FCA3B4FC406978762B81E55FF32420B761988CA4B823B8B20DDC7E","[엘에스일렉트릭]사업보고서_IFRS(원문XBRL)(2026.03.18).zip","294B8CF7DE026FEAE369D68147C7A793EA7D4B9031EDD5C1828A0B2AD8848AF4","6","entity00105855_2025-12-31_lab-ko.xml","entity00105855_2025-12-31_lab-ko.xml",".xml","6643876","255877","False","False","True","False","False","False","D69D5159FC4F23FF90B5F09C415186BEA62463F62FB9ED2596B8E5DCFD290F4E","PASS",""
"010120","LS일렉트릭","soph_handoff_ls_electric_v1_INPUT_PACKAGE_FOR_SOPH.zip","4EAEEB9A97FCA3B4FC406978762B81E55FF32420B761988CA4B823B8B20DDC7E","[엘에스일렉트릭]사업보고서_IFRS(원문XBRL)(2026.03.18).zip","294B8CF7DE026FEAE369D68147C7A793EA7D4B9031EDD5C1828A0B2AD8848AF4","7","entity00105855_2025-12-31_lab-en.xml","entity00105855_2025-12-31_lab-en.xml",".xml","6739677","247755","False","False","True","False","False","False","6EB5EBE720237F307B1E478A40B445680A784502F197A7C553F57D4848CBD1BF","PASS",""
"267260","HD현대일렉트릭","soph_handoff_hd_hyundai_electric_v1_INPUT_PACKAGE_FOR_SOPH.zip","F510D02C8FB81F084EB9FF87D3355868D8FD3A000B9C905BCF4BAC76C781794A","[HD현대일렉트릭][정정]사업보고서_IFRS(원문XBRL)(2025.03.20).zip","F30A6FEE5DB6DCF4E39B4C9B655AE04327B8B5BBAC3E9581774FDE2B8E1A8920","1","entity01205851_2024-12-31.xbrl","entity01205851_2024-12-31.xbrl",".xbrl","6250423","259247","True","False","False","False","False","False","311C901A23589B5EA083877FB96ACC7F4AC71F7572AAFCBA94D43C7C7936CC90","PASS",""
"267260","HD현대일렉트릭","soph_handoff_hd_hyundai_electric_v1_INPUT_PACKAGE_FOR_SOPH.zip","F510D02C8FB81F084EB9FF87D3355868D8FD3A000B9C905BCF4BAC76C781794A","[HD현대일렉트릭][정정]사업보고서_IFRS(원문XBRL)(2025.03.20).zip","F30A6FEE5DB6DCF4E39B4C9B655AE04327B8B5BBAC3E9581774FDE2B8E1A8920","2","entity01205851_2024-12-31.xsd","entity01205851_2024-12-31.xsd",".xsd","656511","37425","False","True","False","False","False","False","7A1E013F1B99BA9C2F3CB626F375C7CC365CFC60E84FBB90AE97B51CCBC2D426","PASS",""
"267260","HD현대일렉트릭","soph_handoff_hd_hyundai_electric_v1_INPUT_PACKAGE_FOR_SOPH.zip","F510D02C8FB81F084EB9FF87D3355868D8FD3A000B9C905BCF4BAC76C781794A","[HD현대일렉트릭][정정]사업보고서_IFRS(원문XBRL)(2025.03.20).zip","F30A6FEE5DB6DCF4E39B4C9B655AE04327B8B5BBAC3E9581774FDE2B8E1A8920","3","entity01205851_2024-12-31_def.xml","entity01205851_2024-12-31_def.xml",".xml","5975274","193893","False","False","False","False","False","True","FF91BBC0688363948BFCDB81A0260EF53BC4EBE184330D749D97C22D925F9878","PASS",""
"267260","HD현대일렉트릭","soph_handoff_hd_hyundai_electric_v1_INPUT_PACKAGE_FOR_SOPH.zip","F510D02C8FB81F084EB9FF87D3355868D8FD3A000B9C905BCF4BAC76C781794A","[HD현대일렉트릭][정정]사업보고서_IFRS(원문XBRL)(2025.03.20).zip","F30A6FEE5DB6DCF4E39B4C9B655AE04327B8B5BBAC3E9581774FDE2B8E1A8920","4","entity01205851_2024-12-31_cal.xml","entity01205851_2024-12-31_cal.xml",".xml","155688","6825","False","False","False","False","True","False","0FF5C30FE858B205A844E51C6E7FAB7EFD967D5CB65092BDEF5846BC8E751525","PASS",""
"267260","HD현대일렉트릭","soph_handoff_hd_hyundai_electric_v1_INPUT_PACKAGE_FOR_SOPH.zip","F510D02C8FB81F084EB9FF87D3355868D8FD3A000B9C905BCF4BAC76C781794A","[HD현대일렉트릭][정정]사업보고서_IFRS(원문XBRL)(2025.03.20).zip","F30A6FEE5DB6DCF4E39B4C9B655AE04327B8B5BBAC3E9581774FDE2B8E1A8920","5","entity01205851_2024-12-31_pre.xml","entity01205851_2024-12-31_pre.xml",".xml","4221575","166419","False","False","False","True","False","False","B40D3C1B70E30D2206657A621E82AB0C0C11388132CC0320B556E738C3A383AA","PASS",""
"267260","HD현대일렉트릭","soph_handoff_hd_hyundai_electric_v1_INPUT_PACKAGE_FOR_SOPH.zip","F510D02C8FB81F084EB9FF87D3355868D8FD3A000B9C905BCF4BAC76C781794A","[HD현대일렉트릭][정정]사업보고서_IFRS(원문XBRL)(2025.03.20).zip","F30A6FEE5DB6DCF4E39B4C9B655AE04327B8B5BBAC3E9581774FDE2B8E1A8920","6","entity01205851_2024-12-31_lab-ko.xml","entity01205851_2024-12-31_lab-ko.xml",".xml","6100103","233816","False","False","True","False","False","False","1A005F17D8C00032810CB3FFB9FE4A6C2F53D4D6D79811D2522E817B699657D7","PASS",""
"267260","HD현대일렉트릭","soph_handoff_hd_hyundai_electric_v1_INPUT_PACKAGE_FOR_SOPH.zip","F510D02C8FB81F084EB9FF87D3355868D8FD3A000B9C905BCF4BAC76C781794A","[HD현대일렉트릭][정정]사업보고서_IFRS(원문XBRL)(2025.03.20).zip","F30A6FEE5DB6DCF4E39B4C9B655AE04327B8B5BBAC3E9581774FDE2B8E1A8920","7","entity01205851_2024-12-31_lab-en.xml","entity01205851_2024-12-31_lab-en.xml",".xml","6173564","221330","False","False","True","False","False","False","ABCB9B3BB9C67518868A9E20B4B1F419F1149A779E1B39303C176F4519BADECB","PASS",""
"267260","HD현대일렉트릭","soph_handoff_hd_hyundai_electric_v1_INPUT_PACKAGE_FOR_SOPH.zip","F510D02C8FB81F084EB9FF87D3355868D8FD3A000B9C905BCF4BAC76C781794A","[HD현대일렉트릭]반기보고서_IFRS(원문XBRL)(2020.08.14).zip","2E6D5C46B11CCB52CD839FA0C452440323260601170C9B27C85E8D5ABD4DAC68","1","01205851_2017-06-30.xbrl","01205851_2017-06-30.xbrl",".xbrl","214116","11650","True","False","False","False","False","False","A347697B3C5A6721287D9ECFD02064E769F0EC6FC7AE9EB5D1F1512BE43617AC","PASS",""
"267260","HD현대일렉트릭","soph_handoff_hd_hyundai_electric_v1_INPUT_PACKAGE_FOR_SOPH.zip","F510D02C8FB81F084EB9FF87D3355868D8FD3A000B9C905BCF4BAC76C781794A","[HD현대일렉트릭]반기보고서_IFRS(원문XBRL)(2020.08.14).zip","2E6D5C46B11CCB52CD839FA0C452440323260601170C9B27C85E8D5ABD4DAC68","2","01205851_entry_point_2017-06-30.xsd","01205851_entry_point_2017-06-30.xsd",".xsd","5788","1085","False","True","False","False","False","False","F3DC57587E323D4921C379637617E995A2FD8A74ACF8ECF276BD0D1AD70DED9A","PASS",""
"267260","HD현대일렉트릭","soph_handoff_hd_hyundai_electric_v1_INPUT_PACKAGE_FOR_SOPH.zip","F510D02C8FB81F084EB9FF87D3355868D8FD3A000B9C905BCF4BAC76C781794A","[HD현대일렉트릭]반기보고서_IFRS(원문XBRL)(2020.08.14).zip","2E6D5C46B11CCB52CD839FA0C452440323260601170C9B27C85E8D5ABD4DAC68","3","ifrs_for_01205851/dimensions_ifrs_for_01205851/dim_ifrs_for_01205851_2017-06-30.xml","dim_ifrs_for_01205851_2017-06-30.xml",".xml","1444052","61952","True","False","False","False","False","False","5DCCFECD977A8B0046D28F3FF94C47706960A4FB05D7180B0997A3EFA98C53CF","PASS",""
"267260","HD현대일렉트릭","soph_handoff_hd_hyundai_electric_v1_INPUT_PACKAGE_FOR_SOPH.zip","F510D02C8FB81F084EB9FF87D3355868D8FD3A000B9C905BCF4BAC76C781794A","[HD현대일렉트릭]반기보고서_IFRS(원문XBRL)(2020.08.14).zip","2E6D5C46B11CCB52CD839FA0C452440323260601170C9B27C85E8D5ABD4DAC68","4","ifrs_for_01205851/dimensions_ifrs_for_01205851/cal_ifrs_for_01205851_2017-06-30.xml","cal_ifrs_for_01205851_2017-06-30.xml",".xml","1397954","58368","True","False","False","False","False","False","67B905DA820BFA769709521DA5EEFAA7EE6F875117B1C348AB273D3A60A8557D","PASS",""
"267260","HD현대일렉트릭","soph_handoff_hd_hyundai_electric_v1_INPUT_PACKAGE_FOR_SOPH.zip","F510D02C8FB81F084EB9FF87D3355868D8FD3A000B9C905BCF4BAC76C781794A","[HD현대일렉트릭]반기보고서_IFRS(원문XBRL)(2020.08.14).zip","2E6D5C46B11CCB52CD839FA0C452440323260601170C9B27C85E8D5ABD4DAC68","5","ifrs_for_01205851/dimensions_ifrs_for_01205851/pre_ifrs_for_01205851_2017-06-30.xml","pre_ifrs_for_01205851_2017-06-30.xml",".xml","1473791","62891","True","False","False","False","False","False","0D8BBA0EAD72541099C79C87FC756318FAEFC0D5F7883DB2822A264A8C20A12F","PASS",""
"267260","HD현대일렉트릭","soph_handoff_hd_hyundai_electric_v1_INPUT_PACKAGE_FOR_SOPH.zip","F510D02C8FB81F084EB9FF87D3355868D8FD3A000B9C905BCF4BAC76C781794A","[HD현대일렉트릭]반기보고서_IFRS(원문XBRL)(2020.08.14).zip","2E6D5C46B11CCB52CD839FA0C452440323260601170C9B27C85E8D5ABD4DAC68","6","ifrs_for_01205851/dimensions_ifrs_for_01205851/role_ifrs_for_01205851-dim_2017-06-30.xsd","role_ifrs_for_01205851-dim_2017-06-30.xsd",".xsd","649","311","False","True","False","False","False","False","3A7256DC12A06C5184404A90A821EDF315B531BB669150B822326C543AAFFB96","PASS",""
"267260","HD현대일렉트릭","soph_handoff_hd_hyundai_electric_v1_INPUT_PACKAGE_FOR_SOPH.zip","F510D02C8FB81F084EB9FF87D3355868D8FD3A000B9C905BCF4BAC76C781794A","[HD현대일렉트릭]반기보고서_IFRS(원문XBRL)(2020.08.14).zip","2E6D5C46B11CCB52CD839FA0C452440323260601170C9B27C85E8D5ABD4DAC68","7","labels/lab_01205851-ko_2017-06-30.xml","lab_01205851-ko_2017-06-30.xml",".xml","63269","4363","True","False","False","False","False","False","A36AEECFB0E7F7D68F7D2ACDB77E146CB33339F6BBFED61F73F1AB1A49524208","PASS",""
"267260","HD현대일렉트릭","soph_handoff_hd_hyundai_electric_v1_INPUT_PACKAGE_FOR_SOPH.zip","F510D02C8FB81F084EB9FF87D3355868D8FD3A000B9C905BCF4BAC76C781794A","[HD현대일렉트릭]반기보고서_IFRS(원문XBRL)(2020.08.14).zip","2E6D5C46B11CCB52CD839FA0C452440323260601170C9B27C85E8D5ABD4DAC68","8","labels/lab_01205851-en_2017-06-30.xml","lab_01205851-en_2017-06-30.xml",".xml","10648","1009","True","False","False","False","False","False","F889BA86270ADCEEDA810479DD5D3764DCF440AE606EA9436C33CF8301A4E7DF","PASS",""
"267260","HD현대일렉트릭","soph_handoff_hd_hyundai_electric_v1_INPUT_PACKAGE_FOR_SOPH.zip","F510D02C8FB81F084EB9FF87D3355868D8FD3A000B9C905BCF4BAC76C781794A","[HD현대일렉트릭]반기보고서_IFRS(원문XBRL)(2021.08.17).zip","C5DB3FD33F241D1B26AF7D59B3E83A3B7B3D6E8E75480E0E8414804EC1A38996","1","01205851_2017-06-30.xbrl","01205851_2017-06-30.xbrl",".xbrl","206475","11287","True","False","False","False","False","False","CBB995ABD5978FA03E8307F461D48D19DF147ED5953D49A6B5FEDA5DEAAF75C4","PASS",""
"267260","HD현대일렉트릭","soph_handoff_hd_hyundai_electric_v1_INPUT_PACKAGE_FOR_SOPH.zip","F510D02C8FB81F084EB9FF87D3355868D8FD3A000B9C905BCF4BAC76C781794A","[HD현대일렉트릭]반기보고서_IFRS(원문XBRL)(2021.08.17).zip","C5DB3FD33F241D1B26AF7D59B3E83A3B7B3D6E8E75480E0E8414804EC1A38996","2","01205851_entry_point_2017-06-30.xsd","01205851_entry_point_2017-06-30.xsd",".xsd","4580","961","False","True","False","False","False","False","2BEE68811C4904F4483FEF7D22E9CE4DB68A28F7005FB0A8506D4820939414D0","PASS",""
"267260","HD현대일렉트릭","soph_handoff_hd_hyundai_electric_v1_INPUT_PACKAGE_FOR_SOPH.zip","F510D02C8FB81F084EB9FF87D3355868D8FD3A000B9C905BCF4BAC76C781794A","[HD현대일렉트릭]반기보고서_IFRS(원문XBRL)(2021.08.17).zip","C5DB3FD33F241D1B26AF7D59B3E83A3B7B3D6E8E75480E0E8414804EC1A38996","3","ifrs_for_01205851/dimensions_ifrs_for_01205851/dim_ifrs_for_01205851_2017-06-30.xml","dim_ifrs_for_01205851_2017-06-30.xml",".xml","1443575","61880","True","False","False","False","False","False","369778C6802FE60B7F53A8369A76E1CE1DC90C22B0ADEC6AE8494B2A6C1AD22C","PASS",""
"267260","HD현대일렉트릭","soph_handoff_hd_hyundai_electric_v1_INPUT_PACKAGE_FOR_SOPH.zip","F510D02C8FB81F084EB9FF87D3355868D8FD3A000B9C905BCF4BAC76C781794A","[HD현대일렉트릭]반기보고서_IFRS(원문XBRL)(2021.08.17).zip","C5DB3FD33F241D1B26AF7D59B3E83A3B7B3D6E8E75480E0E8414804EC1A38996","4","ifrs_for_01205851/dimensions_ifrs_for_01205851/cal_ifrs_for_01205851_2017-06-30.xml","cal_ifrs_for_01205851_2017-06-30.xml",".xml","1396876","58276","True","False","False","False","False","False","DADC8FDD861E12E35C6BA0AEC7C601B54414393384047CC70493C2547E99235E","PASS",""
"267260","HD현대일렉트릭","soph_handoff_hd_hyundai_electric_v1_INPUT_PACKAGE_FOR_SOPH.zip","F510D02C8FB81F084EB9FF87D3355868D8FD3A000B9C905BCF4BAC76C781794A","[HD현대일렉트릭]반기보고서_IFRS(원문XBRL)(2021.08.17).zip","C5DB3FD33F241D1B26AF7D59B3E83A3B7B3D6E8E75480E0E8414804EC1A38996","5","ifrs_for_01205851/dimensions_ifrs_for_01205851/pre_ifrs_for_01205851_2017-06-30.xml","pre_ifrs_for_01205851_2017-06-30.xml",".xml","1473506","62840","True","False","False","False","False","False","E7512E2FC020F655ABBE30E6454CC7A1F78E3A304D605706A534F4CD796C7786","PASS",""
"267260","HD현대일렉트릭","soph_handoff_hd_hyundai_electric_v1_INPUT_PACKAGE_FOR_SOPH.zip","F510D02C8FB81F084EB9FF87D3355868D8FD3A000B9C905BCF4BAC76C781794A","[HD현대일렉트릭]반기보고서_IFRS(원문XBRL)(2021.08.17).zip","C5DB3FD33F241D1B26AF7D59B3E83A3B7B3D6E8E75480E0E8414804EC1A38996","6","ifrs_for_01205851/dimensions_ifrs_for_01205851/role_ifrs_for_01205851-dim_2017-06-30.xsd","role_ifrs_for_01205851-dim_2017-06-30.xsd",".xsd","649","311","False","True","False","False","False","False","3A7256DC12A06C5184404A90A821EDF315B531BB669150B822326C543AAFFB96","PASS",""
"267260","HD현대일렉트릭","soph_handoff_hd_hyundai_electric_v1_INPUT_PACKAGE_FOR_SOPH.zip","F510D02C8FB81F084EB9FF87D3355868D8FD3A000B9C905BCF4BAC76C781794A","[HD현대일렉트릭]반기보고서_IFRS(원문XBRL)(2021.08.17).zip","C5DB3FD33F241D1B26AF7D59B3E83A3B7B3D6E8E75480E0E8414804EC1A38996","7","labels/lab_01205851-ko_2017-06-30.xml","lab_01205851-ko_2017-06-30.xml",".xml","57061","4074","True","False","False","False","False","False","C3A221AFB7EE89482700C226734B1495BD897DBA002B7705A77E056E22EADC3B","PASS",""
"267260","HD현대일렉트릭","soph_handoff_hd_hyundai_electric_v1_INPUT_PACKAGE_FOR_SOPH.zip","F510D02C8FB81F084EB9FF87D3355868D8FD3A000B9C905BCF4BAC76C781794A","[HD현대일렉트릭]반기보고서_IFRS(원문XBRL)(2021.08.17).zip","C5DB3FD33F241D1B26AF7D59B3E83A3B7B3D6E8E75480E0E8414804EC1A38996","8","labels/lab_01205851-en_2017-06-30.xml","lab_01205851-en_2017-06-30.xml",".xml","4942","746","True","False","False","False","False","False","0BC31B9873BD31787DC45912653A0BFF3C4D4BA0EC1F5394FF4CFAFF766A168F","PASS",""
"267260","HD현대일렉트릭","soph_handoff_hd_hyundai_electric_v1_INPUT_PACKAGE_FOR_SOPH.zip","F510D02C8FB81F084EB9FF87D3355868D8FD3A000B9C905BCF4BAC76C781794A","[HD현대일렉트릭]반기보고서_IFRS(원문XBRL)(2022.08.16).zip","F8A41EA26ADBA959E691546719EFF1D404B4CD1FCEB5B3C7493838A41B41E3CA","1","01205851_2017-06-30.xbrl","01205851_2017-06-30.xbrl",".xbrl","209158","11429","True","False","False","False","False","False","5A18A64A82B286A1AD192A3F2936177EE13B1900669537C79D1E613D3D4225FA","PASS",""
"267260","HD현대일렉트릭","soph_handoff_hd_hyundai_electric_v1_INPUT_PACKAGE_FOR_SOPH.zip","F510D02C8FB81F084EB9FF87D3355868D8FD3A000B9C905BCF4BAC76C781794A","[HD현대일렉트릭]반기보고서_IFRS(원문XBRL)(2022.08.16).zip","F8A41EA26ADBA959E691546719EFF1D404B4CD1FCEB5B3C7493838A41B41E3CA","2","01205851_entry_point_2017-06-30.xsd","01205851_entry_point_2017-06-30.xsd",".xsd","5759","1061","False","True","False","False","False","False","80D04D8BDA3B88C92087B2F088D3B0EE7D0EFE58F2D4EE6E639245991D9CCD5C","PASS",""
"267260","HD현대일렉트릭","soph_handoff_hd_hyundai_electric_v1_INPUT_PACKAGE_FOR_SOPH.zip","F510D02C8FB81F084EB9FF87D3355868D8FD3A000B9C905BCF4BAC76C781794A","[HD현대일렉트릭]반기보고서_IFRS(원문XBRL)(2022.08.16).zip","F8A41EA26ADBA959E691546719EFF1D404B4CD1FCEB5B3C7493838A41B41E3CA","3","ifrs_for_01205851/dimensions_ifrs_for_01205851/dim_ifrs_for_01205851_2017-06-30.xml","dim_ifrs_for_01205851_2017-06-30.xml",".xml","1445718","62146","True","False","False","False","False","False","C7646FFA09C331CF6C434BA4939A52301EB7C5B94A82BF6B130AA488A1644BF6","PASS",""
"267260","HD현대일렉트릭","soph_handoff_hd_hyundai_electric_v1_INPUT_PACKAGE_FOR_SOPH.zip","F510D02C8FB81F084EB9FF87D3355868D8FD3A000B9C905BCF4BAC76C781794A","[HD현대일렉트릭]반기보고서_IFRS(원문XBRL)(2022.08.16).zip","F8A41EA26ADBA959E691546719EFF1D404B4CD1FCEB5B3C7493838A41B41E3CA","4","ifrs_for_01205851/dimensions_ifrs_for_01205851/cal_ifrs_for_01205851_2017-06-30.xml","cal_ifrs_for_01205851_2017-06-30.xml",".xml","1396515","58345","True","False","False","False","False","False","941E3152A9C8689DE075905C996348C0FBB116BEF9D23B657986A010A722CA98","PASS",""
"267260","HD현대일렉트릭","soph_handoff_hd_hyundai_electric_v1_INPUT_PACKAGE_FOR_SOPH.zip","F510D02C8FB81F084EB9FF87D3355868D8FD3A000B9C905BCF4BAC76C781794A","[HD현대일렉트릭]반기보고서_IFRS(원문XBRL)(2022.08.16).zip","F8A41EA26ADBA959E691546719EFF1D404B4CD1FCEB5B3C7493838A41B41E3CA","5","ifrs_for_01205851/dimensions_ifrs_for_01205851/pre_ifrs_for_01205851_2017-06-30.xml","pre_ifrs_for_01205851_2017-06-30.xml",".xml","1475776","63105","True","False","False","False","False","False","DDC9FCA5EAFEA357E0E4D7B80FD34E8CAC10A3CD366EC31D54BEADAA7881758D","PASS",""
"267260","HD현대일렉트릭","soph_handoff_hd_hyundai_electric_v1_INPUT_PACKAGE_FOR_SOPH.zip","F510D02C8FB81F084EB9FF87D3355868D8FD3A000B9C905BCF4BAC76C781794A","[HD현대일렉트릭]반기보고서_IFRS(원문XBRL)(2022.08.16).zip","F8A41EA26ADBA959E691546719EFF1D404B4CD1FCEB5B3C7493838A41B41E3CA","6","ifrs_for_01205851/dimensions_ifrs_for_01205851/role_ifrs_for_01205851-dim_2017-06-30.xsd","role_ifrs_for_01205851-dim_2017-06-30.xsd",".xsd","649","311","False","True","False","False","False","False","3A7256DC12A06C5184404A90A821EDF315B531BB669150B822326C543AAFFB96","PASS",""
"267260","HD현대일렉트릭","soph_handoff_hd_hyundai_electric_v1_INPUT_PACKAGE_FOR_SOPH.zip","F510D02C8FB81F084EB9FF87D3355868D8FD3A000B9C905BCF4BAC76C781794A","[HD현대일렉트릭]반기보고서_IFRS(원문XBRL)(2022.08.16).zip","F8A41EA26ADBA959E691546719EFF1D404B4CD1FCEB5B3C7493838A41B41E3CA","7","labels/lab_01205851-ko_2017-06-30.xml","lab_01205851-ko_2017-06-30.xml",".xml","67444","4659","True","False","False","False","False","False","4E98E87EE17CF465A6B99B1ADA10A90C13E3021C0898A3B16A56A2F8C9684D8A","PASS",""
"267260","HD현대일렉트릭","soph_handoff_hd_hyundai_electric_v1_INPUT_PACKAGE_FOR_SOPH.zip","F510D02C8FB81F084EB9FF87D3355868D8FD3A000B9C905BCF4BAC76C781794A","[HD현대일렉트릭]반기보고서_IFRS(원문XBRL)(2022.08.16).zip","F8A41EA26ADBA959E691546719EFF1D404B4CD1FCEB5B3C7493838A41B41E3CA","8","labels/lab_01205851-en_2017-06-30.xml","lab_01205851-en_2017-06-30.xml",".xml","11549","1176","True","False","False","False","False","False","FAB854A506F12221FB88AA3FFB3FDBA291A242CCDFB8B0675A37350242AA640D","PASS",""
"267260","HD현대일렉트릭","soph_handoff_hd_hyundai_electric_v1_INPUT_PACKAGE_FOR_SOPH.zip","F510D02C8FB81F084EB9FF87D3355868D8FD3A000B9C905BCF4BAC76C781794A","[HD현대일렉트릭]반기보고서_IFRS(원문XBRL)(2023.08.14).zip","69F5D94C6C130F0241FD4FB5C701A0A3815452C672C1727C5D2D628BCA66BC36","1","01205851_2017-06-30.xbrl","01205851_2017-06-30.xbrl",".xbrl","216632","11798","True","False","False","False","False","False","0B1E4303ED9A199029C730421278320BECE835C4D8F48EB7319AB3154A2D20D3","PASS",""
"267260","HD현대일렉트릭","soph_handoff_hd_hyundai_electric_v1_INPUT_PACKAGE_FOR_SOPH.zip","F510D02C8FB81F084EB9FF87D3355868D8FD3A000B9C905BCF4BAC76C781794A","[HD현대일렉트릭]반기보고서_IFRS(원문XBRL)(2023.08.14).zip","69F5D94C6C130F0241FD4FB5C701A0A3815452C672C1727C5D2D628BCA66BC36","2","01205851_entry_point_2017-06-30.xsd","01205851_entry_point_2017-06-30.xsd",".xsd","6068","1110","False","True","False","False","False","False","DA55F81D10B59857717F4E977A07D04BEDD55A8406D18181B521835706CE961C","PASS",""
"267260","HD현대일렉트릭","soph_handoff_hd_hyundai_electric_v1_INPUT_PACKAGE_FOR_SOPH.zip","F510D02C8FB81F084EB9FF87D3355868D8FD3A000B9C905BCF4BAC76C781794A","[HD현대일렉트릭]반기보고서_IFRS(원문XBRL)(2023.08.14).zip","69F5D94C6C130F0241FD4FB5C701A0A3815452C672C1727C5D2D628BCA66BC36","3","ifrs_for_01205851/dimensions_ifrs_for_01205851/dim_ifrs_for_01205851_2017-06-30.xml","dim_ifrs_for_01205851_2017-06-30.xml",".xml","1447304","62286","True","False","False","False","False","False","618E3E7967A74A04FEFCD4FDD42E9EB6774B853EADFD6B9E76C7C4C55AB28029","PASS",""
"267260","HD현대일렉트릭","soph_handoff_hd_hyundai_electric_v1_INPUT_PACKAGE_FOR_SOPH.zip","F510D02C8FB81F084EB9FF87D3355868D8FD3A000B9C905BCF4BAC76C781794A","[HD현대일렉트릭]반기보고서_IFRS(원문XBRL)(2023.08.14).zip","69F5D94C6C130F0241FD4FB5C701A0A3815452C672C1727C5D2D628BCA66BC36","4","ifrs_for_01205851/dimensions_ifrs_for_01205851/cal_ifrs_for_01205851_2017-06-30.xml","cal_ifrs_for_01205851_2017-06-30.xml",".xml","1393978","58330","True","False","False","False","False","False","00F749CE90C483F4428FF8C273D331257F7FB5337A2D95A2E79AE350FABFA3E7","PASS",""
"267260","HD현대일렉트릭","soph_handoff_hd_hyundai_electric_v1_INPUT_PACKAGE_FOR_SOPH.zip","F510D02C8FB81F084EB9FF87D3355868D8FD3A000B9C905BCF4BAC76C781794A","[HD현대일렉트릭]반기보고서_IFRS(원문XBRL)(2023.08.14).zip","69F5D94C6C130F0241FD4FB5C701A0A3815452C672C1727C5D2D628BCA66BC36","5","ifrs_for_01205851/dimensions_ifrs_for_01205851/pre_ifrs_for_01205851_2017-06-30.xml","pre_ifrs_for_01205851_2017-06-30.xml",".xml","1477175","63253","True","False","False","False","False","False","759F98D5FCB9CD6A0F6FDDE6B90C6BBF0BB879B67FAFF1F5F498F057BDA84A5E","PASS",""
"267260","HD현대일렉트릭","soph_handoff_hd_hyundai_electric_v1_INPUT_PACKAGE_FOR_SOPH.zip","F510D02C8FB81F084EB9FF87D3355868D8FD3A000B9C905BCF4BAC76C781794A","[HD현대일렉트릭]반기보고서_IFRS(원문XBRL)(2023.08.14).zip","69F5D94C6C130F0241FD4FB5C701A0A3815452C672C1727C5D2D628BCA66BC36","6","ifrs_for_01205851/dimensions_ifrs_for_01205851/role_ifrs_for_01205851-dim_2017-06-30.xsd","role_ifrs_for_01205851-dim_2017-06-30.xsd",".xsd","649","311","False","True","False","False","False","False","3A7256DC12A06C5184404A90A821EDF315B531BB669150B822326C543AAFFB96","PASS",""
"267260","HD현대일렉트릭","soph_handoff_hd_hyundai_electric_v1_INPUT_PACKAGE_FOR_SOPH.zip","F510D02C8FB81F084EB9FF87D3355868D8FD3A000B9C905BCF4BAC76C781794A","[HD현대일렉트릭]반기보고서_IFRS(원문XBRL)(2023.08.14).zip","69F5D94C6C130F0241FD4FB5C701A0A3815452C672C1727C5D2D628BCA66BC36","7","labels/lab_01205851-ko_2017-06-30.xml","lab_01205851-ko_2017-06-30.xml",".xml","71554","4862","True","False","False","False","False","False","336A2E5972183B1943C78F4766F1A12724B9561B0361DF8A7C379097CC071D9E","PASS",""
"267260","HD현대일렉트릭","soph_handoff_hd_hyundai_electric_v1_INPUT_PACKAGE_FOR_SOPH.zip","F510D02C8FB81F084EB9FF87D3355868D8FD3A000B9C905BCF4BAC76C781794A","[HD현대일렉트릭]반기보고서_IFRS(원문XBRL)(2023.08.14).zip","69F5D94C6C130F0241FD4FB5C701A0A3815452C672C1727C5D2D628BCA66BC36","8","labels/lab_01205851-en_2017-06-30.xml","lab_01205851-en_2017-06-30.xml",".xml","12968","1279","True","False","False","False","False","False","C2462E202FCD9D7BA0E3D60C72886D37DFB06EF7066E961D5CD01EE69890E24A","PASS",""
"267260","HD현대일렉트릭","soph_handoff_hd_hyundai_electric_v1_INPUT_PACKAGE_FOR_SOPH.zip","F510D02C8FB81F084EB9FF87D3355868D8FD3A000B9C905BCF4BAC76C781794A","[HD현대일렉트릭]반기보고서_IFRS(원문XBRL)(2024.08.14).zip","3ED049186161464DEAA8961730F98A05E0E26ACF9E4028002D70581D9AFBE643","1","entity01205851_2024-06-30.xbrl","entity01205851_2024-06-30.xbrl",".xbrl","5340251","213151","True","False","False","False","False","False","DE238FCECB2D88F7A1074BF0E0101C37E92233521D929D975E8CA5E6A498A0E3","PASS",""
"267260","HD현대일렉트릭","soph_handoff_hd_hyundai_electric_v1_INPUT_PACKAGE_FOR_SOPH.zip","F510D02C8FB81F084EB9FF87D3355868D8FD3A000B9C905BCF4BAC76C781794A","[HD현대일렉트릭]반기보고서_IFRS(원문XBRL)(2024.08.14).zip","3ED049186161464DEAA8961730F98A05E0E26ACF9E4028002D70581D9AFBE643","2","entity01205851_2024-06-30.xsd","entity01205851_2024-06-30.xsd",".xsd","527788","32181","False","True","False","False","False","False","D160A7E82AF9B88E71298544F148079DBFE9DF01DBE846477EE6A78D742A12F2","PASS",""
"267260","HD현대일렉트릭","soph_handoff_hd_hyundai_electric_v1_INPUT_PACKAGE_FOR_SOPH.zip","F510D02C8FB81F084EB9FF87D3355868D8FD3A000B9C905BCF4BAC76C781794A","[HD현대일렉트릭]반기보고서_IFRS(원문XBRL)(2024.08.14).zip","3ED049186161464DEAA8961730F98A05E0E26ACF9E4028002D70581D9AFBE643","3","entity01205851_2024-06-30_def.xml","entity01205851_2024-06-30_def.xml",".xml","4250505","142139","False","False","False","False","False","True","7DB00A545CF1A480ECCBCB0487C2C78E2BF98EF8B3A030310230690FD00D808E","PASS",""
"267260","HD현대일렉트릭","soph_handoff_hd_hyundai_electric_v1_INPUT_PACKAGE_FOR_SOPH.zip","F510D02C8FB81F084EB9FF87D3355868D8FD3A000B9C905BCF4BAC76C781794A","[HD현대일렉트릭]반기보고서_IFRS(원문XBRL)(2024.08.14).zip","3ED049186161464DEAA8961730F98A05E0E26ACF9E4028002D70581D9AFBE643","4","entity01205851_2024-06-30_cal.xml","entity01205851_2024-06-30_cal.xml",".xml","138457","5926","False","False","False","False","True","False","3977A6808B29C4303A8D7BC6A38705B4B0D78F565F004CD029CA8A69C3DA4D25","PASS",""
"267260","HD현대일렉트릭","soph_handoff_hd_hyundai_electric_v1_INPUT_PACKAGE_FOR_SOPH.zip","F510D02C8FB81F084EB9FF87D3355868D8FD3A000B9C905BCF4BAC76C781794A","[HD현대일렉트릭]반기보고서_IFRS(원문XBRL)(2024.08.14).zip","3ED049186161464DEAA8961730F98A05E0E26ACF9E4028002D70581D9AFBE643","5","entity01205851_2024-06-30_pre.xml","entity01205851_2024-06-30_pre.xml",".xml","3122312","122931","False","False","False","True","False","False","A6FFD0DE07C0BF8D2A9BAC0445B64F510262FFE484158B7ECAB273699679E9B1","PASS",""
"267260","HD현대일렉트릭","soph_handoff_hd_hyundai_electric_v1_INPUT_PACKAGE_FOR_SOPH.zip","F510D02C8FB81F084EB9FF87D3355868D8FD3A000B9C905BCF4BAC76C781794A","[HD현대일렉트릭]반기보고서_IFRS(원문XBRL)(2024.08.14).zip","3ED049186161464DEAA8961730F98A05E0E26ACF9E4028002D70581D9AFBE643","6","entity01205851_2024-06-30_lab-ko.xml","entity01205851_2024-06-30_lab-ko.xml",".xml","4997529","183333","False","False","True","False","False","False","FAA6CFA92B4D7DF93B51A15DF8B966C766C5B3BB0B757733613AE7CAFAC13EF1","PASS",""
"267260","HD현대일렉트릭","soph_handoff_hd_hyundai_electric_v1_INPUT_PACKAGE_FOR_SOPH.zip","F510D02C8FB81F084EB9FF87D3355868D8FD3A000B9C905BCF4BAC76C781794A","[HD현대일렉트릭]반기보고서_IFRS(원문XBRL)(2024.08.14).zip","3ED049186161464DEAA8961730F98A05E0E26ACF9E4028002D70581D9AFBE643","7","entity01205851_2024-06-30_lab-en.xml","entity01205851_2024-06-30_lab-en.xml",".xml","5042664","172304","False","False","True","False","False","False","A978B692EBB19A625E52F2DE7E05BE7BE899B13E2CEB426A4A33F9B9FADF0BB0","PASS",""
"267260","HD현대일렉트릭","soph_handoff_hd_hyundai_electric_v1_INPUT_PACKAGE_FOR_SOPH.zip","F510D02C8FB81F084EB9FF87D3355868D8FD3A000B9C905BCF4BAC76C781794A","[HD현대일렉트릭]반기보고서_IFRS(원문XBRL)(2025.08.14).zip","F0B5A252E9BE0CE0AE3B5087FAECAEE7547AD4BA23EB75C02DDA26779F19D5AD","1","entity01205851_2025-06-30.xbrl","entity01205851_2025-06-30.xbrl",".xbrl","4172426","176889","True","False","False","False","False","False","650FEB1939B869DE1377D42A76E659F3AB14F07784558AEE825CE357EE71E13C","PASS",""
"267260","HD현대일렉트릭","soph_handoff_hd_hyundai_electric_v1_INPUT_PACKAGE_FOR_SOPH.zip","F510D02C8FB81F084EB9FF87D3355868D8FD3A000B9C905BCF4BAC76C781794A","[HD현대일렉트릭]반기보고서_IFRS(원문XBRL)(2025.08.14).zip","F0B5A252E9BE0CE0AE3B5087FAECAEE7547AD4BA23EB75C02DDA26779F19D5AD","2","entity01205851_2025-06-30.xsd","entity01205851_2025-06-30.xsd",".xsd","391737","28270","False","True","False","False","False","False","651410553E23C13AC61A967DC395E9C8544659D7144362EF717DBCA271F39BD5","PASS",""
"267260","HD현대일렉트릭","soph_handoff_hd_hyundai_electric_v1_INPUT_PACKAGE_FOR_SOPH.zip","F510D02C8FB81F084EB9FF87D3355868D8FD3A000B9C905BCF4BAC76C781794A","[HD현대일렉트릭]반기보고서_IFRS(원문XBRL)(2025.08.14).zip","F0B5A252E9BE0CE0AE3B5087FAECAEE7547AD4BA23EB75C02DDA26779F19D5AD","3","entity01205851_2025-06-30_def.xml","entity01205851_2025-06-30_def.xml",".xml","4015864","126514","False","False","False","False","False","True","9A2FA7DD3779C412AA81F0BB771673BF9CBC8078E2C5222872569892F6E59924","PASS",""
"267260","HD현대일렉트릭","soph_handoff_hd_hyundai_electric_v1_INPUT_PACKAGE_FOR_SOPH.zip","F510D02C8FB81F084EB9FF87D3355868D8FD3A000B9C905BCF4BAC76C781794A","[HD현대일렉트릭]반기보고서_IFRS(원문XBRL)(2025.08.14).zip","F0B5A252E9BE0CE0AE3B5087FAECAEE7547AD4BA23EB75C02DDA26779F19D5AD","4","entity01205851_2025-06-30_cal.xml","entity01205851_2025-06-30_cal.xml",".xml","140317","5919","False","False","False","False","True","False","5CED23281D645BA313C0A9F38D0D5BFC52F21393C25C7A38A23F1FEF2DA1122F","PASS",""
"267260","HD현대일렉트릭","soph_handoff_hd_hyundai_electric_v1_INPUT_PACKAGE_FOR_SOPH.zip","F510D02C8FB81F084EB9FF87D3355868D8FD3A000B9C905BCF4BAC76C781794A","[HD현대일렉트릭]반기보고서_IFRS(원문XBRL)(2025.08.14).zip","F0B5A252E9BE0CE0AE3B5087FAECAEE7547AD4BA23EB75C02DDA26779F19D5AD","5","entity01205851_2025-06-30_pre.xml","entity01205851_2025-06-30_pre.xml",".xml","2871923","109981","False","False","False","True","False","False","DB398D9B3A3B5E6C69C3D0932DB8443086C2191BC8B437E6C09F76788874A9F0","PASS",""
"267260","HD현대일렉트릭","soph_handoff_hd_hyundai_electric_v1_INPUT_PACKAGE_FOR_SOPH.zip","F510D02C8FB81F084EB9FF87D3355868D8FD3A000B9C905BCF4BAC76C781794A","[HD현대일렉트릭]반기보고서_IFRS(원문XBRL)(2025.08.14).zip","F0B5A252E9BE0CE0AE3B5087FAECAEE7547AD4BA23EB75C02DDA26779F19D5AD","6","entity01205851_2025-06-30_lab-ko.xml","entity01205851_2025-06-30_lab-ko.xml",".xml","3671958","147296","False","False","True","False","False","False","C4D1A119E088E356DD125D036B69D69C580791C1B42AFD01AE81494916D11A7F","PASS",""
"267260","HD현대일렉트릭","soph_handoff_hd_hyundai_electric_v1_INPUT_PACKAGE_FOR_SOPH.zip","F510D02C8FB81F084EB9FF87D3355868D8FD3A000B9C905BCF4BAC76C781794A","[HD현대일렉트릭]반기보고서_IFRS(원문XBRL)(2025.08.14).zip","F0B5A252E9BE0CE0AE3B5087FAECAEE7547AD4BA23EB75C02DDA26779F19D5AD","7","entity01205851_2025-06-30_lab-en.xml","entity01205851_2025-06-30_lab-en.xml",".xml","3716211","139940","False","False","True","False","False","False","B4958F31A5DED2961B42F32AE1821E31B999CEE85853FDDF82F273ECE6C8623B","PASS",""
"267260","HD현대일렉트릭","soph_handoff_hd_hyundai_electric_v1_INPUT_PACKAGE_FOR_SOPH.zip","F510D02C8FB81F084EB9FF87D3355868D8FD3A000B9C905BCF4BAC76C781794A","[HD현대일렉트릭]분기보고서_IFRS(원문XBRL)(2020.11.16).zip","24B39D45427F15295023E809616B4B4FEA9DC25E917777EC8243F07F903968D7","1","01205851_2017-06-30.xbrl","01205851_2017-06-30.xbrl",".xbrl","217518","11777","True","False","False","False","False","False","4E5DDBB40A73A451045B66887ADFDDDA0A4578F15B96EC2AB718B7C989B9D2E8","PASS",""
"267260","HD현대일렉트릭","soph_handoff_hd_hyundai_electric_v1_INPUT_PACKAGE_FOR_SOPH.zip","F510D02C8FB81F084EB9FF87D3355868D8FD3A000B9C905BCF4BAC76C781794A","[HD현대일렉트릭]분기보고서_IFRS(원문XBRL)(2020.11.16).zip","24B39D45427F15295023E809616B4B4FEA9DC25E917777EC8243F07F903968D7","2","01205851_entry_point_2017-06-30.xsd","01205851_entry_point_2017-06-30.xsd",".xsd","5788","1085","False","True","False","False","False","False","F3DC57587E323D4921C379637617E995A2FD8A74ACF8ECF276BD0D1AD70DED9A","PASS",""
"267260","HD현대일렉트릭","soph_handoff_hd_hyundai_electric_v1_INPUT_PACKAGE_FOR_SOPH.zip","F510D02C8FB81F084EB9FF87D3355868D8FD3A000B9C905BCF4BAC76C781794A","[HD현대일렉트릭]분기보고서_IFRS(원문XBRL)(2020.11.16).zip","24B39D45427F15295023E809616B4B4FEA9DC25E917777EC8243F07F903968D7","3","ifrs_for_01205851/dimensions_ifrs_for_01205851/dim_ifrs_for_01205851_2017-06-30.xml","dim_ifrs_for_01205851_2017-06-30.xml",".xml","1445872","62118","True","False","False","False","False","False","2940814CCC05C13D0232003B37E0B117D78381615512B7870003B9FA2623627C","PASS",""
"267260","HD현대일렉트릭","soph_handoff_hd_hyundai_electric_v1_INPUT_PACKAGE_FOR_SOPH.zip","F510D02C8FB81F084EB9FF87D3355868D8FD3A000B9C905BCF4BAC76C781794A","[HD현대일렉트릭]분기보고서_IFRS(원문XBRL)(2020.11.16).zip","24B39D45427F15295023E809616B4B4FEA9DC25E917777EC8243F07F903968D7","4","ifrs_for_01205851/dimensions_ifrs_for_01205851/cal_ifrs_for_01205851_2017-06-30.xml","cal_ifrs_for_01205851_2017-06-30.xml",".xml","1397280","58361","True","False","False","False","False","False","18224A4E7898349F826D4C019074970CBC2E27803B766D0726603BE28CE03027","PASS",""
"267260","HD현대일렉트릭","soph_handoff_hd_hyundai_electric_v1_INPUT_PACKAGE_FOR_SOPH.zip","F510D02C8FB81F084EB9FF87D3355868D8FD3A000B9C905BCF4BAC76C781794A","[HD현대일렉트릭]분기보고서_IFRS(원문XBRL)(2020.11.16).zip","24B39D45427F15295023E809616B4B4FEA9DC25E917777EC8243F07F903968D7","5","ifrs_for_01205851/dimensions_ifrs_for_01205851/pre_ifrs_for_01205851_2017-06-30.xml","pre_ifrs_for_01205851_2017-06-30.xml",".xml","1475609","63025","True","False","False","False","False","False","B36A94D8B38ECE6AFB6FE5CB0495D1F6F2574D66A1B3A14480DF6AAEA9C41D25","PASS",""
"267260","HD현대일렉트릭","soph_handoff_hd_hyundai_electric_v1_INPUT_PACKAGE_FOR_SOPH.zip","F510D02C8FB81F084EB9FF87D3355868D8FD3A000B9C905BCF4BAC76C781794A","[HD현대일렉트릭]분기보고서_IFRS(원문XBRL)(2020.11.16).zip","24B39D45427F15295023E809616B4B4FEA9DC25E917777EC8243F07F903968D7","6","ifrs_for_01205851/dimensions_ifrs_for_01205851/role_ifrs_for_01205851-dim_2017-06-30.xsd","role_ifrs_for_01205851-dim_2017-06-30.xsd",".xsd","649","311","False","True","False","False","False","False","3A7256DC12A06C5184404A90A821EDF315B531BB669150B822326C543AAFFB96","PASS",""
"267260","HD현대일렉트릭","soph_handoff_hd_hyundai_electric_v1_INPUT_PACKAGE_FOR_SOPH.zip","F510D02C8FB81F084EB9FF87D3355868D8FD3A000B9C905BCF4BAC76C781794A","[HD현대일렉트릭]분기보고서_IFRS(원문XBRL)(2020.11.16).zip","24B39D45427F15295023E809616B4B4FEA9DC25E917777EC8243F07F903968D7","7","labels/lab_01205851-ko_2017-06-30.xml","lab_01205851-ko_2017-06-30.xml",".xml","64812","4420","True","False","False","False","False","False","56DF3449FA14D91FD4A44FFB00CE34D6C39E1834F7F143A520640D984973BB22","PASS",""
"267260","HD현대일렉트릭","soph_handoff_hd_hyundai_electric_v1_INPUT_PACKAGE_FOR_SOPH.zip","F510D02C8FB81F084EB9FF87D3355868D8FD3A000B9C905BCF4BAC76C781794A","[HD현대일렉트릭]분기보고서_IFRS(원문XBRL)(2020.11.16).zip","24B39D45427F15295023E809616B4B4FEA9DC25E917777EC8243F07F903968D7","8","labels/lab_01205851-en_2017-06-30.xml","lab_01205851-en_2017-06-30.xml",".xml","10648","1009","True","False","False","False","False","False","F889BA86270ADCEEDA810479DD5D3764DCF440AE606EA9436C33CF8301A4E7DF","PASS",""
"267260","HD현대일렉트릭","soph_handoff_hd_hyundai_electric_v1_INPUT_PACKAGE_FOR_SOPH.zip","F510D02C8FB81F084EB9FF87D3355868D8FD3A000B9C905BCF4BAC76C781794A","[HD현대일렉트릭]분기보고서_IFRS(원문XBRL)(2021.05.17).zip","1B4AF2E284DB39F104B5172B837A4038F4914BE7B9BD9F456AE0CA2F883D7A1A","1","01205851_2017-06-30.xbrl","01205851_2017-06-30.xbrl",".xbrl","204755","10531","True","False","False","False","False","False","228670869F68CF483A311B2BB494789016CADB80EDCCD71906CD52A3E4879588","PASS",""
"267260","HD현대일렉트릭","soph_handoff_hd_hyundai_electric_v1_INPUT_PACKAGE_FOR_SOPH.zip","F510D02C8FB81F084EB9FF87D3355868D8FD3A000B9C905BCF4BAC76C781794A","[HD현대일렉트릭]분기보고서_IFRS(원문XBRL)(2021.05.17).zip","1B4AF2E284DB39F104B5172B837A4038F4914BE7B9BD9F456AE0CA2F883D7A1A","2","01205851_entry_point_2017-06-30.xsd","01205851_entry_point_2017-06-30.xsd",".xsd","4580","961","False","True","False","False","False","False","2BEE68811C4904F4483FEF7D22E9CE4DB68A28F7005FB0A8506D4820939414D0","PASS",""
"267260","HD현대일렉트릭","soph_handoff_hd_hyundai_electric_v1_INPUT_PACKAGE_FOR_SOPH.zip","F510D02C8FB81F084EB9FF87D3355868D8FD3A000B9C905BCF4BAC76C781794A","[HD현대일렉트릭]분기보고서_IFRS(원문XBRL)(2021.05.17).zip","1B4AF2E284DB39F104B5172B837A4038F4914BE7B9BD9F456AE0CA2F883D7A1A","3","ifrs_for_01205851/dimensions_ifrs_for_01205851/dim_ifrs_for_01205851_2017-06-30.xml","dim_ifrs_for_01205851_2017-06-30.xml",".xml","1441798","61739","True","False","False","False","False","False","9762C1CEDED2C5B640754C71D26B34B622E747D6DFF34F2D82BEAB58F38CB2A6","PASS",""
"267260","HD현대일렉트릭","soph_handoff_hd_hyundai_electric_v1_INPUT_PACKAGE_FOR_SOPH.zip","F510D02C8FB81F084EB9FF87D3355868D8FD3A000B9C905BCF4BAC76C781794A","[HD현대일렉트릭]분기보고서_IFRS(원문XBRL)(2021.05.17).zip","1B4AF2E284DB39F104B5172B837A4038F4914BE7B9BD9F456AE0CA2F883D7A1A","4","ifrs_for_01205851/dimensions_ifrs_for_01205851/cal_ifrs_for_01205851_2017-06-30.xml","cal_ifrs_for_01205851_2017-06-30.xml",".xml","1398657","58319","True","False","False","False","False","False","EC9577E0DFE95A8013FF50B0410E4F560FC3399DCF2C888367F238241669BEEF","PASS",""
"267260","HD현대일렉트릭","soph_handoff_hd_hyundai_electric_v1_INPUT_PACKAGE_FOR_SOPH.zip","F510D02C8FB81F084EB9FF87D3355868D8FD3A000B9C905BCF4BAC76C781794A","[HD현대일렉트릭]분기보고서_IFRS(원문XBRL)(2021.05.17).zip","1B4AF2E284DB39F104B5172B837A4038F4914BE7B9BD9F456AE0CA2F883D7A1A","5","ifrs_for_01205851/dimensions_ifrs_for_01205851/pre_ifrs_for_01205851_2017-06-30.xml","pre_ifrs_for_01205851_2017-06-30.xml",".xml","1471473","62657","True","False","False","False","False","False","A88D35F9809D22E1A23E441CA9F0383C589233A4CEC7C741598182289E591F95","PASS",""
"267260","HD현대일렉트릭","soph_handoff_hd_hyundai_electric_v1_INPUT_PACKAGE_FOR_SOPH.zip","F510D02C8FB81F084EB9FF87D3355868D8FD3A000B9C905BCF4BAC76C781794A","[HD현대일렉트릭]분기보고서_IFRS(원문XBRL)(2021.05.17).zip","1B4AF2E284DB39F104B5172B837A4038F4914BE7B9BD9F456AE0CA2F883D7A1A","6","ifrs_for_01205851/dimensions_ifrs_for_01205851/role_ifrs_for_01205851-dim_2017-06-30.xsd","role_ifrs_for_01205851-dim_2017-06-30.xsd",".xsd","649","311","False","True","False","False","False","False","3A7256DC12A06C5184404A90A821EDF315B531BB669150B822326C543AAFFB96","PASS",""
"267260","HD현대일렉트릭","soph_handoff_hd_hyundai_electric_v1_INPUT_PACKAGE_FOR_SOPH.zip","F510D02C8FB81F084EB9FF87D3355868D8FD3A000B9C905BCF4BAC76C781794A","[HD현대일렉트릭]분기보고서_IFRS(원문XBRL)(2021.05.17).zip","1B4AF2E284DB39F104B5172B837A4038F4914BE7B9BD9F456AE0CA2F883D7A1A","7","labels/lab_01205851-ko_2017-06-30.xml","lab_01205851-ko_2017-06-30.xml",".xml","53811","3874","True","False","False","False","False","False","F2F76DC024D32935E83E7A8D6F029F3CB89A0C51CA11D5819AF50B4DEEB238C5","PASS",""
"267260","HD현대일렉트릭","soph_handoff_hd_hyundai_electric_v1_INPUT_PACKAGE_FOR_SOPH.zip","F510D02C8FB81F084EB9FF87D3355868D8FD3A000B9C905BCF4BAC76C781794A","[HD현대일렉트릭]분기보고서_IFRS(원문XBRL)(2021.05.17).zip","1B4AF2E284DB39F104B5172B837A4038F4914BE7B9BD9F456AE0CA2F883D7A1A","8","labels/lab_01205851-en_2017-06-30.xml","lab_01205851-en_2017-06-30.xml",".xml","4942","746","True","False","False","False","False","False","0BC31B9873BD31787DC45912653A0BFF3C4D4BA0EC1F5394FF4CFAFF766A168F","PASS",""
"267260","HD현대일렉트릭","soph_handoff_hd_hyundai_electric_v1_INPUT_PACKAGE_FOR_SOPH.zip","F510D02C8FB81F084EB9FF87D3355868D8FD3A000B9C905BCF4BAC76C781794A","[HD현대일렉트릭]분기보고서_IFRS(원문XBRL)(2021.11.15).zip","F31D0FCF11FB935D6230C206CAA8C286DF001C6CD09FBF8545F7446AF61E9C97","1","01205851_2017-06-30.xbrl","01205851_2017-06-30.xbrl",".xbrl","209072","11417","True","False","False","False","False","False","120547392F25B017F4BD9D3AFA4EF244F5DD49C7E88A78E2FE6CCCB17434212F","PASS",""
"267260","HD현대일렉트릭","soph_handoff_hd_hyundai_electric_v1_INPUT_PACKAGE_FOR_SOPH.zip","F510D02C8FB81F084EB9FF87D3355868D8FD3A000B9C905BCF4BAC76C781794A","[HD현대일렉트릭]분기보고서_IFRS(원문XBRL)(2021.11.15).zip","F31D0FCF11FB935D6230C206CAA8C286DF001C6CD09FBF8545F7446AF61E9C97","2","01205851_entry_point_2017-06-30.xsd","01205851_entry_point_2017-06-30.xsd",".xsd","4580","961","False","True","False","False","False","False","2BEE68811C4904F4483FEF7D22E9CE4DB68A28F7005FB0A8506D4820939414D0","PASS",""
"267260","HD현대일렉트릭","soph_handoff_hd_hyundai_electric_v1_INPUT_PACKAGE_FOR_SOPH.zip","F510D02C8FB81F084EB9FF87D3355868D8FD3A000B9C905BCF4BAC76C781794A","[HD현대일렉트릭]분기보고서_IFRS(원문XBRL)(2021.11.15).zip","F31D0FCF11FB935D6230C206CAA8C286DF001C6CD09FBF8545F7446AF61E9C97","3","ifrs_for_01205851/dimensions_ifrs_for_01205851/dim_ifrs_for_01205851_2017-06-30.xml","dim_ifrs_for_01205851_2017-06-30.xml",".xml","1447377","62048","True","False","False","False","False","False","35E00E4C5EE75FFC4DD11042A453BA28BD465C35483E51D2890EFA8DA4502859","PASS",""
"267260","HD현대일렉트릭","soph_handoff_hd_hyundai_electric_v1_INPUT_PACKAGE_FOR_SOPH.zip","F510D02C8FB81F084EB9FF87D3355868D8FD3A000B9C905BCF4BAC76C781794A","[HD현대일렉트릭]분기보고서_IFRS(원문XBRL)(2021.11.15).zip","F31D0FCF11FB935D6230C206CAA8C286DF001C6CD09FBF8545F7446AF61E9C97","4","ifrs_for_01205851/dimensions_ifrs_for_01205851/cal_ifrs_for_01205851_2017-06-30.xml","cal_ifrs_for_01205851_2017-06-30.xml",".xml","1393421","58145","True","False","False","False","False","False","90162CCC4A65B3F0526A252053E1F889AF95177FFD1238E241D31A1AA92B7E97","PASS",""
"267260","HD현대일렉트릭","soph_handoff_hd_hyundai_electric_v1_INPUT_PACKAGE_FOR_SOPH.zip","F510D02C8FB81F084EB9FF87D3355868D8FD3A000B9C905BCF4BAC76C781794A","[HD현대일렉트릭]분기보고서_IFRS(원문XBRL)(2021.11.15).zip","F31D0FCF11FB935D6230C206CAA8C286DF001C6CD09FBF8545F7446AF61E9C97","5","ifrs_for_01205851/dimensions_ifrs_for_01205851/pre_ifrs_for_01205851_2017-06-30.xml","pre_ifrs_for_01205851_2017-06-30.xml",".xml","1477320","63025","True","False","False","False","False","False","41975B96E0DCFE6E2891BF15CFCF6446924932BED5ECBFED2EC91BF79A890145","PASS",""
"267260","HD현대일렉트릭","soph_handoff_hd_hyundai_electric_v1_INPUT_PACKAGE_FOR_SOPH.zip","F510D02C8FB81F084EB9FF87D3355868D8FD3A000B9C905BCF4BAC76C781794A","[HD현대일렉트릭]분기보고서_IFRS(원문XBRL)(2021.11.15).zip","F31D0FCF11FB935D6230C206CAA8C286DF001C6CD09FBF8545F7446AF61E9C97","6","ifrs_for_01205851/dimensions_ifrs_for_01205851/role_ifrs_for_01205851-dim_2017-06-30.xsd","role_ifrs_for_01205851-dim_2017-06-30.xsd",".xsd","649","311","False","True","False","False","False","False","3A7256DC12A06C5184404A90A821EDF315B531BB669150B822326C543AAFFB96","PASS",""
"267260","HD현대일렉트릭","soph_handoff_hd_hyundai_electric_v1_INPUT_PACKAGE_FOR_SOPH.zip","F510D02C8FB81F084EB9FF87D3355868D8FD3A000B9C905BCF4BAC76C781794A","[HD현대일렉트릭]분기보고서_IFRS(원문XBRL)(2021.11.15).zip","F31D0FCF11FB935D6230C206CAA8C286DF001C6CD09FBF8545F7446AF61E9C97","7","labels/lab_01205851-ko_2017-06-30.xml","lab_01205851-ko_2017-06-30.xml",".xml","61889","4358","True","False","False","False","False","False","0A9129252B5B401564FAF0C7BF2CDF20EED1841D68AF9D8C62B3E3676B61784F","PASS",""
"267260","HD현대일렉트릭","soph_handoff_hd_hyundai_electric_v1_INPUT_PACKAGE_FOR_SOPH.zip","F510D02C8FB81F084EB9FF87D3355868D8FD3A000B9C905BCF4BAC76C781794A","[HD현대일렉트릭]분기보고서_IFRS(원문XBRL)(2021.11.15).zip","F31D0FCF11FB935D6230C206CAA8C286DF001C6CD09FBF8545F7446AF61E9C97","8","labels/lab_01205851-en_2017-06-30.xml","lab_01205851-en_2017-06-30.xml",".xml","4942","746","True","False","False","False","False","False","0BC31B9873BD31787DC45912653A0BFF3C4D4BA0EC1F5394FF4CFAFF766A168F","PASS",""
"267260","HD현대일렉트릭","soph_handoff_hd_hyundai_electric_v1_INPUT_PACKAGE_FOR_SOPH.zip","F510D02C8FB81F084EB9FF87D3355868D8FD3A000B9C905BCF4BAC76C781794A","[HD현대일렉트릭]분기보고서_IFRS(원문XBRL)(2022.05.16).zip","95014CE74D6017195EDDD88826B8A14FB8F019A15414D644722E79A4DA641E88","1","01205851_2017-06-30.xbrl","01205851_2017-06-30.xbrl",".xbrl","199459","10203","True","False","False","False","False","False","A86170F43D8140E6E99951CF4026577FAD9396456A394F956D71047B5D898BA8","PASS",""
"267260","HD현대일렉트릭","soph_handoff_hd_hyundai_electric_v1_INPUT_PACKAGE_FOR_SOPH.zip","F510D02C8FB81F084EB9FF87D3355868D8FD3A000B9C905BCF4BAC76C781794A","[HD현대일렉트릭]분기보고서_IFRS(원문XBRL)(2022.05.16).zip","95014CE74D6017195EDDD88826B8A14FB8F019A15414D644722E79A4DA641E88","2","01205851_entry_point_2017-06-30.xsd","01205851_entry_point_2017-06-30.xsd",".xsd","5154","1014","False","True","False","False","False","False","C9429EB44F52CC4B13BD3CB2CD57717FE7A9852A03B91969320B8A9685CBE2C6","PASS",""
"267260","HD현대일렉트릭","soph_handoff_hd_hyundai_electric_v1_INPUT_PACKAGE_FOR_SOPH.zip","F510D02C8FB81F084EB9FF87D3355868D8FD3A000B9C905BCF4BAC76C781794A","[HD현대일렉트릭]분기보고서_IFRS(원문XBRL)(2022.05.16).zip","95014CE74D6017195EDDD88826B8A14FB8F019A15414D644722E79A4DA641E88","3","ifrs_for_01205851/dimensions_ifrs_for_01205851/dim_ifrs_for_01205851_2017-06-30.xml","dim_ifrs_for_01205851_2017-06-30.xml",".xml","1441658","61798","True","False","False","False","False","False","05CE379E3029315D0E0CCA1632AA80B3C5C91C8724C6BC8B32305475C5C26F77","PASS",""
"267260","HD현대일렉트릭","soph_handoff_hd_hyundai_electric_v1_INPUT_PACKAGE_FOR_SOPH.zip","F510D02C8FB81F084EB9FF87D3355868D8FD3A000B9C905BCF4BAC76C781794A","[HD현대일렉트릭]분기보고서_IFRS(원문XBRL)(2022.05.16).zip","95014CE74D6017195EDDD88826B8A14FB8F019A15414D644722E79A4DA641E88","4","ifrs_for_01205851/dimensions_ifrs_for_01205851/cal_ifrs_for_01205851_2017-06-30.xml","cal_ifrs_for_01205851_2017-06-30.xml",".xml","1400373","58332","True","False","False","False","False","False","CB5E6886F2F2EA32B5836397700EA8C6EABACE2DB073E4DAB79DDB6D4545DD0A","PASS",""
"267260","HD현대일렉트릭","soph_handoff_hd_hyundai_electric_v1_INPUT_PACKAGE_FOR_SOPH.zip","F510D02C8FB81F084EB9FF87D3355868D8FD3A000B9C905BCF4BAC76C781794A","[HD현대일렉트릭]분기보고서_IFRS(원문XBRL)(2022.05.16).zip","95014CE74D6017195EDDD88826B8A14FB8F019A15414D644722E79A4DA641E88","5","ifrs_for_01205851/dimensions_ifrs_for_01205851/pre_ifrs_for_01205851_2017-06-30.xml","pre_ifrs_for_01205851_2017-06-30.xml",".xml","1471497","62721","True","False","False","False","False","False","319A81574AF355E334470532616F1266279AA8807C800936972362F3DD68AE43","PASS",""
"267260","HD현대일렉트릭","soph_handoff_hd_hyundai_electric_v1_INPUT_PACKAGE_FOR_SOPH.zip","F510D02C8FB81F084EB9FF87D3355868D8FD3A000B9C905BCF4BAC76C781794A","[HD현대일렉트릭]분기보고서_IFRS(원문XBRL)(2022.05.16).zip","95014CE74D6017195EDDD88826B8A14FB8F019A15414D644722E79A4DA641E88","6","ifrs_for_01205851/dimensions_ifrs_for_01205851/role_ifrs_for_01205851-dim_2017-06-30.xsd","role_ifrs_for_01205851-dim_2017-06-30.xsd",".xsd","649","311","False","True","False","False","False","False","3A7256DC12A06C5184404A90A821EDF315B531BB669150B822326C543AAFFB96","PASS",""
"267260","HD현대일렉트릭","soph_handoff_hd_hyundai_electric_v1_INPUT_PACKAGE_FOR_SOPH.zip","F510D02C8FB81F084EB9FF87D3355868D8FD3A000B9C905BCF4BAC76C781794A","[HD현대일렉트릭]분기보고서_IFRS(원문XBRL)(2022.05.16).zip","95014CE74D6017195EDDD88826B8A14FB8F019A15414D644722E79A4DA641E88","7","labels/lab_01205851-ko_2017-06-30.xml","lab_01205851-ko_2017-06-30.xml",".xml","58432","4157","True","False","False","False","False","False","6007B40DEDDCCB91E4623D00885DA95E979150AC702E88060D0FE30149F3444D","PASS",""
"267260","HD현대일렉트릭","soph_handoff_hd_hyundai_electric_v1_INPUT_PACKAGE_FOR_SOPH.zip","F510D02C8FB81F084EB9FF87D3355868D8FD3A000B9C905BCF4BAC76C781794A","[HD현대일렉트릭]분기보고서_IFRS(원문XBRL)(2022.05.16).zip","95014CE74D6017195EDDD88826B8A14FB8F019A15414D644722E79A4DA641E88","8","labels/lab_01205851-en_2017-06-30.xml","lab_01205851-en_2017-06-30.xml",".xml","8608","994","True","False","False","False","False","False","F91EEF6B2ABE838FDBCB3D74F19332BA114A113D4B5E51695A3B56CCF5BC1F51","PASS",""
"267260","HD현대일렉트릭","soph_handoff_hd_hyundai_electric_v1_INPUT_PACKAGE_FOR_SOPH.zip","F510D02C8FB81F084EB9FF87D3355868D8FD3A000B9C905BCF4BAC76C781794A","[HD현대일렉트릭]분기보고서_IFRS(원문XBRL)(2022.11.14).zip","A2E302014E185DC9711A2822C249DA956CF258D0332C987CC5A18F3B249771B0","1","01205851_2017-06-30.xbrl","01205851_2017-06-30.xbrl",".xbrl","210571","11540","True","False","False","False","False","False","CD9F042AE0244242B487188B170028431FEF508250CFDDE0335DBBB14FE5F192","PASS",""
"267260","HD현대일렉트릭","soph_handoff_hd_hyundai_electric_v1_INPUT_PACKAGE_FOR_SOPH.zip","F510D02C8FB81F084EB9FF87D3355868D8FD3A000B9C905BCF4BAC76C781794A","[HD현대일렉트릭]분기보고서_IFRS(원문XBRL)(2022.11.14).zip","A2E302014E185DC9711A2822C249DA956CF258D0332C987CC5A18F3B249771B0","2","01205851_entry_point_2017-06-30.xsd","01205851_entry_point_2017-06-30.xsd",".xsd","5759","1061","False","True","False","False","False","False","80D04D8BDA3B88C92087B2F088D3B0EE7D0EFE58F2D4EE6E639245991D9CCD5C","PASS",""
"267260","HD현대일렉트릭","soph_handoff_hd_hyundai_electric_v1_INPUT_PACKAGE_FOR_SOPH.zip","F510D02C8FB81F084EB9FF87D3355868D8FD3A000B9C905BCF4BAC76C781794A","[HD현대일렉트릭]분기보고서_IFRS(원문XBRL)(2022.11.14).zip","A2E302014E185DC9711A2822C249DA956CF258D0332C987CC5A18F3B249771B0","3","ifrs_for_01205851/dimensions_ifrs_for_01205851/dim_ifrs_for_01205851_2017-06-30.xml","dim_ifrs_for_01205851_2017-06-30.xml",".xml","1446317","62222","True","False","False","False","False","False","DA2DA2C9BC84EAA8D63583DEDF828B9F4221946D40C09F823F54BD12669DE92C","PASS",""
"267260","HD현대일렉트릭","soph_handoff_hd_hyundai_electric_v1_INPUT_PACKAGE_FOR_SOPH.zip","F510D02C8FB81F084EB9FF87D3355868D8FD3A000B9C905BCF4BAC76C781794A","[HD현대일렉트릭]분기보고서_IFRS(원문XBRL)(2022.11.14).zip","A2E302014E185DC9711A2822C249DA956CF258D0332C987CC5A18F3B249771B0","4","ifrs_for_01205851/dimensions_ifrs_for_01205851/cal_ifrs_for_01205851_2017-06-30.xml","cal_ifrs_for_01205851_2017-06-30.xml",".xml","1395387","58324","True","False","False","False","False","False","76F0AE9B284507F8CDCC2E86446779A01F3A9785A0AC6594362ACD5FCC4DBAED","PASS",""
"267260","HD현대일렉트릭","soph_handoff_hd_hyundai_electric_v1_INPUT_PACKAGE_FOR_SOPH.zip","F510D02C8FB81F084EB9FF87D3355868D8FD3A000B9C905BCF4BAC76C781794A","[HD현대일렉트릭]분기보고서_IFRS(원문XBRL)(2022.11.14).zip","A2E302014E185DC9711A2822C249DA956CF258D0332C987CC5A18F3B249771B0","5","ifrs_for_01205851/dimensions_ifrs_for_01205851/pre_ifrs_for_01205851_2017-06-30.xml","pre_ifrs_for_01205851_2017-06-30.xml",".xml","1476437","63190","True","False","False","False","False","False","F3D01AF42C36DF613CA441C340CD479940AD4B0A98C21A42E2D9C43B72B5344D","PASS",""
"267260","HD현대일렉트릭","soph_handoff_hd_hyundai_electric_v1_INPUT_PACKAGE_FOR_SOPH.zip","F510D02C8FB81F084EB9FF87D3355868D8FD3A000B9C905BCF4BAC76C781794A","[HD현대일렉트릭]분기보고서_IFRS(원문XBRL)(2022.11.14).zip","A2E302014E185DC9711A2822C249DA956CF258D0332C987CC5A18F3B249771B0","6","ifrs_for_01205851/dimensions_ifrs_for_01205851/role_ifrs_for_01205851-dim_2017-06-30.xsd","role_ifrs_for_01205851-dim_2017-06-30.xsd",".xsd","649","311","False","True","False","False","False","False","3A7256DC12A06C5184404A90A821EDF315B531BB669150B822326C543AAFFB96","PASS",""
"267260","HD현대일렉트릭","soph_handoff_hd_hyundai_electric_v1_INPUT_PACKAGE_FOR_SOPH.zip","F510D02C8FB81F084EB9FF87D3355868D8FD3A000B9C905BCF4BAC76C781794A","[HD현대일렉트릭]분기보고서_IFRS(원문XBRL)(2022.11.14).zip","A2E302014E185DC9711A2822C249DA956CF258D0332C987CC5A18F3B249771B0","7","labels/lab_01205851-ko_2017-06-30.xml","lab_01205851-ko_2017-06-30.xml",".xml","68242","4683","True","False","False","False","False","False","B5CFAD23AC9D309477644F267D087ACEECC6D74A0740C8AB637A23E3CF9AFFAD","PASS",""
"267260","HD현대일렉트릭","soph_handoff_hd_hyundai_electric_v1_INPUT_PACKAGE_FOR_SOPH.zip","F510D02C8FB81F084EB9FF87D3355868D8FD3A000B9C905BCF4BAC76C781794A","[HD현대일렉트릭]분기보고서_IFRS(원문XBRL)(2022.11.14).zip","A2E302014E185DC9711A2822C249DA956CF258D0332C987CC5A18F3B249771B0","8","labels/lab_01205851-en_2017-06-30.xml","lab_01205851-en_2017-06-30.xml",".xml","11549","1176","True","False","False","False","False","False","FAB854A506F12221FB88AA3FFB3FDBA291A242CCDFB8B0675A37350242AA640D","PASS",""
"267260","HD현대일렉트릭","soph_handoff_hd_hyundai_electric_v1_INPUT_PACKAGE_FOR_SOPH.zip","F510D02C8FB81F084EB9FF87D3355868D8FD3A000B9C905BCF4BAC76C781794A","[HD현대일렉트릭]분기보고서_IFRS(원문XBRL)(2023.05.15).zip","468CCD14BC26680F76FEA7C847AEF851CE3739FE72ABFB97BF4A0938341DCA6C","1","01205851_2017-06-30.xbrl","01205851_2017-06-30.xbrl",".xbrl","206932","10644","True","False","False","False","False","False","9CAE653DFE15009C3B0B7C8B4CF352E0A4C3E8504BDBE254D1EC21B725E6A2E1","PASS",""
"267260","HD현대일렉트릭","soph_handoff_hd_hyundai_electric_v1_INPUT_PACKAGE_FOR_SOPH.zip","F510D02C8FB81F084EB9FF87D3355868D8FD3A000B9C905BCF4BAC76C781794A","[HD현대일렉트릭]분기보고서_IFRS(원문XBRL)(2023.05.15).zip","468CCD14BC26680F76FEA7C847AEF851CE3739FE72ABFB97BF4A0938341DCA6C","2","01205851_entry_point_2017-06-30.xsd","01205851_entry_point_2017-06-30.xsd",".xsd","5471","1047","False","True","False","False","False","False","5CAB14726275FC37EE6C431A3B8E21D54124251179CE696DE6AE2C5819FA5FB2","PASS",""
"267260","HD현대일렉트릭","soph_handoff_hd_hyundai_electric_v1_INPUT_PACKAGE_FOR_SOPH.zip","F510D02C8FB81F084EB9FF87D3355868D8FD3A000B9C905BCF4BAC76C781794A","[HD현대일렉트릭]분기보고서_IFRS(원문XBRL)(2023.05.15).zip","468CCD14BC26680F76FEA7C847AEF851CE3739FE72ABFB97BF4A0938341DCA6C","3","ifrs_for_01205851/dimensions_ifrs_for_01205851/dim_ifrs_for_01205851_2017-06-30.xml","dim_ifrs_for_01205851_2017-06-30.xml",".xml","1442409","61896","True","False","False","False","False","False","8881E09B7439789DFB27A31EE30A1B96B10F4841D08B5A29F4C1F0C325984B42","PASS",""
"267260","HD현대일렉트릭","soph_handoff_hd_hyundai_electric_v1_INPUT_PACKAGE_FOR_SOPH.zip","F510D02C8FB81F084EB9FF87D3355868D8FD3A000B9C905BCF4BAC76C781794A","[HD현대일렉트릭]분기보고서_IFRS(원문XBRL)(2023.05.15).zip","468CCD14BC26680F76FEA7C847AEF851CE3739FE72ABFB97BF4A0938341DCA6C","4","ifrs_for_01205851/dimensions_ifrs_for_01205851/cal_ifrs_for_01205851_2017-06-30.xml","cal_ifrs_for_01205851_2017-06-30.xml",".xml","1401000","58490","True","False","False","False","False","False","C82D05785D66C1B7C1E15855B139581D8C81D49FA016651574AE90A636DCC659","PASS",""
"267260","HD현대일렉트릭","soph_handoff_hd_hyundai_electric_v1_INPUT_PACKAGE_FOR_SOPH.zip","F510D02C8FB81F084EB9FF87D3355868D8FD3A000B9C905BCF4BAC76C781794A","[HD현대일렉트릭]분기보고서_IFRS(원문XBRL)(2023.05.15).zip","468CCD14BC26680F76FEA7C847AEF851CE3739FE72ABFB97BF4A0938341DCA6C","5","ifrs_for_01205851/dimensions_ifrs_for_01205851/pre_ifrs_for_01205851_2017-06-30.xml","pre_ifrs_for_01205851_2017-06-30.xml",".xml","1472235","62875","True","False","False","False","False","False","732624D041939FF94FD353F29654E1C6FE94080EBF816D95230D121947BCDC81","PASS",""
"267260","HD현대일렉트릭","soph_handoff_hd_hyundai_electric_v1_INPUT_PACKAGE_FOR_SOPH.zip","F510D02C8FB81F084EB9FF87D3355868D8FD3A000B9C905BCF4BAC76C781794A","[HD현대일렉트릭]분기보고서_IFRS(원문XBRL)(2023.05.15).zip","468CCD14BC26680F76FEA7C847AEF851CE3739FE72ABFB97BF4A0938341DCA6C","6","ifrs_for_01205851/dimensions_ifrs_for_01205851/role_ifrs_for_01205851-dim_2017-06-30.xsd","role_ifrs_for_01205851-dim_2017-06-30.xsd",".xsd","649","311","False","True","False","False","False","False","3A7256DC12A06C5184404A90A821EDF315B531BB669150B822326C543AAFFB96","PASS",""
"267260","HD현대일렉트릭","soph_handoff_hd_hyundai_electric_v1_INPUT_PACKAGE_FOR_SOPH.zip","F510D02C8FB81F084EB9FF87D3355868D8FD3A000B9C905BCF4BAC76C781794A","[HD현대일렉트릭]분기보고서_IFRS(원문XBRL)(2023.05.15).zip","468CCD14BC26680F76FEA7C847AEF851CE3739FE72ABFB97BF4A0938341DCA6C","7","labels/lab_01205851-ko_2017-06-30.xml","lab_01205851-ko_2017-06-30.xml",".xml","63080","4383","True","False","False","False","False","False","B4253246C68BAEAD258641DE1978A7A51DEAEA7C83087DEA694CC7614A548D8F","PASS",""
"267260","HD현대일렉트릭","soph_handoff_hd_hyundai_electric_v1_INPUT_PACKAGE_FOR_SOPH.zip","F510D02C8FB81F084EB9FF87D3355868D8FD3A000B9C905BCF4BAC76C781794A","[HD현대일렉트릭]분기보고서_IFRS(원문XBRL)(2023.05.15).zip","468CCD14BC26680F76FEA7C847AEF851CE3739FE72ABFB97BF4A0938341DCA6C","8","labels/lab_01205851-en_2017-06-30.xml","lab_01205851-en_2017-06-30.xml",".xml","9289","998","True","False","False","False","False","False","1577A532232920119BFF969E3DA96B95FC1C1ABA459429BCCE6CDAED331183D2","PASS",""
"267260","HD현대일렉트릭","soph_handoff_hd_hyundai_electric_v1_INPUT_PACKAGE_FOR_SOPH.zip","F510D02C8FB81F084EB9FF87D3355868D8FD3A000B9C905BCF4BAC76C781794A","[HD현대일렉트릭]분기보고서_IFRS(원문XBRL)(2023.11.14).zip","65D979468704C594C73CB2CEDC1B5E08CC73C2D3EE96C7ECD738483B5B5A51BE","1","entity01205851_2023-09-30.xbrl","entity01205851_2023-09-30.xbrl",".xbrl","223972","13963","True","False","False","False","False","False","EA751558BC4B7DC794122761977497142251706F93BA14F01B1CCEA7FD1DC2EA","PASS",""
"267260","HD현대일렉트릭","soph_handoff_hd_hyundai_electric_v1_INPUT_PACKAGE_FOR_SOPH.zip","F510D02C8FB81F084EB9FF87D3355868D8FD3A000B9C905BCF4BAC76C781794A","[HD현대일렉트릭]분기보고서_IFRS(원문XBRL)(2023.11.14).zip","65D979468704C594C73CB2CEDC1B5E08CC73C2D3EE96C7ECD738483B5B5A51BE","2","entity01205851_2023-09-30.xsd","entity01205851_2023-09-30.xsd",".xsd","12283","1770","False","True","False","False","False","False","BF808E4B5E57D0F35EE31A04D81B9CBE47B772578627CCAAC866CF06BD3B30E9","PASS",""
"267260","HD현대일렉트릭","soph_handoff_hd_hyundai_electric_v1_INPUT_PACKAGE_FOR_SOPH.zip","F510D02C8FB81F084EB9FF87D3355868D8FD3A000B9C905BCF4BAC76C781794A","[HD현대일렉트릭]분기보고서_IFRS(원문XBRL)(2023.11.14).zip","65D979468704C594C73CB2CEDC1B5E08CC73C2D3EE96C7ECD738483B5B5A51BE","3","entity01205851_2023-09-30_def.xml","entity01205851_2023-09-30_def.xml",".xml","225622","10171","False","False","False","False","False","True","3EF3486912698B5B003757AD525575832AC34B0FB1F926B0D240F23413383BFB","PASS",""
"267260","HD현대일렉트릭","soph_handoff_hd_hyundai_electric_v1_INPUT_PACKAGE_FOR_SOPH.zip","F510D02C8FB81F084EB9FF87D3355868D8FD3A000B9C905BCF4BAC76C781794A","[HD현대일렉트릭]분기보고서_IFRS(원문XBRL)(2023.11.14).zip","65D979468704C594C73CB2CEDC1B5E08CC73C2D3EE96C7ECD738483B5B5A51BE","4","entity01205851_2023-09-30_cal.xml","entity01205851_2023-09-30_cal.xml",".xml","159942","6761","False","False","False","False","True","False","82B7F274187D4FEBE262A50F800D671A851A776211B0D5EEBB6EC6EDE84E6963","PASS",""
"267260","HD현대일렉트릭","soph_handoff_hd_hyundai_electric_v1_INPUT_PACKAGE_FOR_SOPH.zip","F510D02C8FB81F084EB9FF87D3355868D8FD3A000B9C905BCF4BAC76C781794A","[HD현대일렉트릭]분기보고서_IFRS(원문XBRL)(2023.11.14).zip","65D979468704C594C73CB2CEDC1B5E08CC73C2D3EE96C7ECD738483B5B5A51BE","5","entity01205851_2023-09-30_pre.xml","entity01205851_2023-09-30_pre.xml",".xml","218596","9944","False","False","False","True","False","False","53E95A1C1C5ADEC61FEBB2B3554095D405838AF3A660B402B3BCB910FBB1366F","PASS",""
"267260","HD현대일렉트릭","soph_handoff_hd_hyundai_electric_v1_INPUT_PACKAGE_FOR_SOPH.zip","F510D02C8FB81F084EB9FF87D3355868D8FD3A000B9C905BCF4BAC76C781794A","[HD현대일렉트릭]분기보고서_IFRS(원문XBRL)(2023.11.14).zip","65D979468704C594C73CB2CEDC1B5E08CC73C2D3EE96C7ECD738483B5B5A51BE","6","entity01205851_2023-09-30_lab-ko.xml","entity01205851_2023-09-30_lab-ko.xml",".xml","310107","16887","False","False","True","False","False","False","DBBCF77EDFBEBBFE598680190385FC48F51D8C36F5EFAD4E6C000CA7A7931DB4","PASS",""
"267260","HD현대일렉트릭","soph_handoff_hd_hyundai_electric_v1_INPUT_PACKAGE_FOR_SOPH.zip","F510D02C8FB81F084EB9FF87D3355868D8FD3A000B9C905BCF4BAC76C781794A","[HD현대일렉트릭]분기보고서_IFRS(원문XBRL)(2023.11.14).zip","65D979468704C594C73CB2CEDC1B5E08CC73C2D3EE96C7ECD738483B5B5A51BE","7","entity01205851_2023-09-30_lab-en.xml","entity01205851_2023-09-30_lab-en.xml",".xml","316570","15987","False","False","True","False","False","False","5C20168FA5FB9645BFB413133607C35132B7500F063FA64821C4F9A6C9575620","PASS",""
"267260","HD현대일렉트릭","soph_handoff_hd_hyundai_electric_v1_INPUT_PACKAGE_FOR_SOPH.zip","F510D02C8FB81F084EB9FF87D3355868D8FD3A000B9C905BCF4BAC76C781794A","[HD현대일렉트릭]분기보고서_IFRS(원문XBRL)(2024.05.16).zip","4E5E5394485070C4D3890060C8BF93E3C685F7F6BE58802D321E5E874FF70E4E","1","entity01205851_2024-03-31.xbrl","entity01205851_2024-03-31.xbrl",".xbrl","5147741","210865","True","False","False","False","False","False","97CD980EEC3FEE59C0D9F37F73C839624E0CF5FD8392A9E1BD03F9F992A05245","PASS",""
"267260","HD현대일렉트릭","soph_handoff_hd_hyundai_electric_v1_INPUT_PACKAGE_FOR_SOPH.zip","F510D02C8FB81F084EB9FF87D3355868D8FD3A000B9C905BCF4BAC76C781794A","[HD현대일렉트릭]분기보고서_IFRS(원문XBRL)(2024.05.16).zip","4E5E5394485070C4D3890060C8BF93E3C685F7F6BE58802D321E5E874FF70E4E","2","entity01205851_2024-03-31.xsd","entity01205851_2024-03-31.xsd",".xsd","535602","32614","False","True","False","False","False","False","9C428B9254D3AF1D9239AEB078C1481460B5104D6A8E41256A623C19F142D9CC","PASS",""
"267260","HD현대일렉트릭","soph_handoff_hd_hyundai_electric_v1_INPUT_PACKAGE_FOR_SOPH.zip","F510D02C8FB81F084EB9FF87D3355868D8FD3A000B9C905BCF4BAC76C781794A","[HD현대일렉트릭]분기보고서_IFRS(원문XBRL)(2024.05.16).zip","4E5E5394485070C4D3890060C8BF93E3C685F7F6BE58802D321E5E874FF70E4E","3","entity01205851_2024-03-31_def.xml","entity01205851_2024-03-31_def.xml",".xml","4345759","144924","False","False","False","False","False","True","30DCF0015E43BBD383CB3EE479EEE470824F4ED0DE473C9977DDCBC9EE3E349F","PASS",""
"267260","HD현대일렉트릭","soph_handoff_hd_hyundai_electric_v1_INPUT_PACKAGE_FOR_SOPH.zip","F510D02C8FB81F084EB9FF87D3355868D8FD3A000B9C905BCF4BAC76C781794A","[HD현대일렉트릭]분기보고서_IFRS(원문XBRL)(2024.05.16).zip","4E5E5394485070C4D3890060C8BF93E3C685F7F6BE58802D321E5E874FF70E4E","4","entity01205851_2024-03-31_cal.xml","entity01205851_2024-03-31_cal.xml",".xml","131544","5715","False","False","False","False","True","False","2E6B55058F5926E80F401815EEF502795680B3EA22FB9F3044B6250D7A6C604A","PASS",""
"267260","HD현대일렉트릭","soph_handoff_hd_hyundai_electric_v1_INPUT_PACKAGE_FOR_SOPH.zip","F510D02C8FB81F084EB9FF87D3355868D8FD3A000B9C905BCF4BAC76C781794A","[HD현대일렉트릭]분기보고서_IFRS(원문XBRL)(2024.05.16).zip","4E5E5394485070C4D3890060C8BF93E3C685F7F6BE58802D321E5E874FF70E4E","5","entity01205851_2024-03-31_pre.xml","entity01205851_2024-03-31_pre.xml",".xml","3180714","125019","False","False","False","True","False","False","E7A06E2EF2DD53C8048088CFA60E9E810919B9E16CA43C2E2BEA5EB76CF7EB27","PASS",""
"267260","HD현대일렉트릭","soph_handoff_hd_hyundai_electric_v1_INPUT_PACKAGE_FOR_SOPH.zip","F510D02C8FB81F084EB9FF87D3355868D8FD3A000B9C905BCF4BAC76C781794A","[HD현대일렉트릭]분기보고서_IFRS(원문XBRL)(2024.05.16).zip","4E5E5394485070C4D3890060C8BF93E3C685F7F6BE58802D321E5E874FF70E4E","6","entity01205851_2024-03-31_lab-ko.xml","entity01205851_2024-03-31_lab-ko.xml",".xml","5033843","184029","False","False","True","False","False","False","F4ED468F8380E8266AD88E9F29B3B81D8761E8E447421C5C50DD0160EED06F00","PASS",""
"267260","HD현대일렉트릭","soph_handoff_hd_hyundai_electric_v1_INPUT_PACKAGE_FOR_SOPH.zip","F510D02C8FB81F084EB9FF87D3355868D8FD3A000B9C905BCF4BAC76C781794A","[HD현대일렉트릭]분기보고서_IFRS(원문XBRL)(2024.05.16).zip","4E5E5394485070C4D3890060C8BF93E3C685F7F6BE58802D321E5E874FF70E4E","7","entity01205851_2024-03-31_lab-en.xml","entity01205851_2024-03-31_lab-en.xml",".xml","5079413","172515","False","False","True","False","False","False","50DFA6169C994237BCD260329742C9699C24E116C5F22410810764EB2EFADFAC","PASS",""
"267260","HD현대일렉트릭","soph_handoff_hd_hyundai_electric_v1_INPUT_PACKAGE_FOR_SOPH.zip","F510D02C8FB81F084EB9FF87D3355868D8FD3A000B9C905BCF4BAC76C781794A","[HD현대일렉트릭]분기보고서_IFRS(원문XBRL)(2024.11.14).zip","9985B6CE216AFDACFA32E91BC7C5E1556F7A1D11E09CD8098B53A0E569A3D81D","1","entity01205851_2024-09-30.xbrl","entity01205851_2024-09-30.xbrl",".xbrl","5027326","201603","True","False","False","False","False","False","6425204B32DBE62E083FE3A398B85CB1A6CCE9BF017166C7BD61FAB6653663FF","PASS",""
"267260","HD현대일렉트릭","soph_handoff_hd_hyundai_electric_v1_INPUT_PACKAGE_FOR_SOPH.zip","F510D02C8FB81F084EB9FF87D3355868D8FD3A000B9C905BCF4BAC76C781794A","[HD현대일렉트릭]분기보고서_IFRS(원문XBRL)(2024.11.14).zip","9985B6CE216AFDACFA32E91BC7C5E1556F7A1D11E09CD8098B53A0E569A3D81D","2","entity01205851_2024-09-30.xsd","entity01205851_2024-09-30.xsd",".xsd","479276","29686","False","True","False","False","False","False","21970E36ECC15895C28494148E0656AF4FE9A60A01A033A61006AA0CFD2BA7A5","PASS",""
"267260","HD현대일렉트릭","soph_handoff_hd_hyundai_electric_v1_INPUT_PACKAGE_FOR_SOPH.zip","F510D02C8FB81F084EB9FF87D3355868D8FD3A000B9C905BCF4BAC76C781794A","[HD현대일렉트릭]분기보고서_IFRS(원문XBRL)(2024.11.14).zip","9985B6CE216AFDACFA32E91BC7C5E1556F7A1D11E09CD8098B53A0E569A3D81D","3","entity01205851_2024-09-30_def.xml","entity01205851_2024-09-30_def.xml",".xml","4033193","125838","False","False","False","False","False","True","27D0CC3B758DE120635E1BBCB0035B268BA29E31913EE63E48634E1EEC74C32B","PASS",""
"267260","HD현대일렉트릭","soph_handoff_hd_hyundai_electric_v1_INPUT_PACKAGE_FOR_SOPH.zip","F510D02C8FB81F084EB9FF87D3355868D8FD3A000B9C905BCF4BAC76C781794A","[HD현대일렉트릭]분기보고서_IFRS(원문XBRL)(2024.11.14).zip","9985B6CE216AFDACFA32E91BC7C5E1556F7A1D11E09CD8098B53A0E569A3D81D","4","entity01205851_2024-09-30_cal.xml","entity01205851_2024-09-30_cal.xml",".xml","142305","6094","False","False","False","False","True","False","47EB0F811E6A7FF0E7D4005AF7729B902BDA8379FE37A05704A8999E1360419E","PASS",""
"267260","HD현대일렉트릭","soph_handoff_hd_hyundai_electric_v1_INPUT_PACKAGE_FOR_SOPH.zip","F510D02C8FB81F084EB9FF87D3355868D8FD3A000B9C905BCF4BAC76C781794A","[HD현대일렉트릭]분기보고서_IFRS(원문XBRL)(2024.11.14).zip","9985B6CE216AFDACFA32E91BC7C5E1556F7A1D11E09CD8098B53A0E569A3D81D","5","entity01205851_2024-09-30_pre.xml","entity01205851_2024-09-30_pre.xml",".xml","2949536","108205","False","False","False","True","False","False","38376D48D85BE85410635C3ABDCA839BB4CC6C0409B4649D94E93807DDBEC8EA","PASS",""
"267260","HD현대일렉트릭","soph_handoff_hd_hyundai_electric_v1_INPUT_PACKAGE_FOR_SOPH.zip","F510D02C8FB81F084EB9FF87D3355868D8FD3A000B9C905BCF4BAC76C781794A","[HD현대일렉트릭]분기보고서_IFRS(원문XBRL)(2024.11.14).zip","9985B6CE216AFDACFA32E91BC7C5E1556F7A1D11E09CD8098B53A0E569A3D81D","6","entity01205851_2024-09-30_lab-ko.xml","entity01205851_2024-09-30_lab-ko.xml",".xml","4607868","169930","False","False","True","False","False","False","B2D035C65F0720F0844891481369E6BDB1842D8B6AEAC2520D5A5CFB3F86985A","PASS",""
"267260","HD현대일렉트릭","soph_handoff_hd_hyundai_electric_v1_INPUT_PACKAGE_FOR_SOPH.zip","F510D02C8FB81F084EB9FF87D3355868D8FD3A000B9C905BCF4BAC76C781794A","[HD현대일렉트릭]분기보고서_IFRS(원문XBRL)(2024.11.14).zip","9985B6CE216AFDACFA32E91BC7C5E1556F7A1D11E09CD8098B53A0E569A3D81D","7","entity01205851_2024-09-30_lab-en.xml","entity01205851_2024-09-30_lab-en.xml",".xml","4654450","159861","False","False","True","False","False","False","CBEB83E9E73EFB2490723B3A4D8B19A63B02E0A311D6DA0A5305423E50E2C874","PASS",""
"267260","HD현대일렉트릭","soph_handoff_hd_hyundai_electric_v1_INPUT_PACKAGE_FOR_SOPH.zip","F510D02C8FB81F084EB9FF87D3355868D8FD3A000B9C905BCF4BAC76C781794A","[HD현대일렉트릭]분기보고서_IFRS(원문XBRL)(2025.05.15).zip","4FB672C3E8889432D6954625E96B7783A9F1CA5B95D13871358179525162B312","1","entity01205851_2025-03-31.xbrl","entity01205851_2025-03-31.xbrl",".xbrl","3762846","158958","True","False","False","False","False","False","C870A025B29F3CB3514A91F68C9E00AA2B9F278E6DA549678848F4923A271C94","PASS",""
"267260","HD현대일렉트릭","soph_handoff_hd_hyundai_electric_v1_INPUT_PACKAGE_FOR_SOPH.zip","F510D02C8FB81F084EB9FF87D3355868D8FD3A000B9C905BCF4BAC76C781794A","[HD현대일렉트릭]분기보고서_IFRS(원문XBRL)(2025.05.15).zip","4FB672C3E8889432D6954625E96B7783A9F1CA5B95D13871358179525162B312","2","entity01205851_2025-03-31.xsd","entity01205851_2025-03-31.xsd",".xsd","409100","24991","False","True","False","False","False","False","3BF00D7FECABCFB01CD1E410943FC79CE7DC121A173FE5D0D2E62891328F7679","PASS",""
"267260","HD현대일렉트릭","soph_handoff_hd_hyundai_electric_v1_INPUT_PACKAGE_FOR_SOPH.zip","F510D02C8FB81F084EB9FF87D3355868D8FD3A000B9C905BCF4BAC76C781794A","[HD현대일렉트릭]분기보고서_IFRS(원문XBRL)(2025.05.15).zip","4FB672C3E8889432D6954625E96B7783A9F1CA5B95D13871358179525162B312","3","entity01205851_2025-03-31_def.xml","entity01205851_2025-03-31_def.xml",".xml","3996016","125496","False","False","False","False","False","True","D0F456F88F9176950DE6633966B16D82A6142A58A3957756809EFDD2DDB76693","PASS",""
"267260","HD현대일렉트릭","soph_handoff_hd_hyundai_electric_v1_INPUT_PACKAGE_FOR_SOPH.zip","F510D02C8FB81F084EB9FF87D3355868D8FD3A000B9C905BCF4BAC76C781794A","[HD현대일렉트릭]분기보고서_IFRS(원문XBRL)(2025.05.15).zip","4FB672C3E8889432D6954625E96B7783A9F1CA5B95D13871358179525162B312","4","entity01205851_2025-03-31_cal.xml","entity01205851_2025-03-31_cal.xml",".xml","132941","5591","False","False","False","False","True","False","D8250524C7FA84523FE9CDF855752B1F094E90ED11867BDF04FE5332EC644AD6","PASS",""
"267260","HD현대일렉트릭","soph_handoff_hd_hyundai_electric_v1_INPUT_PACKAGE_FOR_SOPH.zip","F510D02C8FB81F084EB9FF87D3355868D8FD3A000B9C905BCF4BAC76C781794A","[HD현대일렉트릭]분기보고서_IFRS(원문XBRL)(2025.05.15).zip","4FB672C3E8889432D6954625E96B7783A9F1CA5B95D13871358179525162B312","5","entity01205851_2025-03-31_pre.xml","entity01205851_2025-03-31_pre.xml",".xml","2874108","109173","False","False","False","True","False","False","2B7EAB769A952F3974A154D0F8907D7607BAA6B0D84C2637ACB792CF16A1F2E8","PASS",""
"267260","HD현대일렉트릭","soph_handoff_hd_hyundai_electric_v1_INPUT_PACKAGE_FOR_SOPH.zip","F510D02C8FB81F084EB9FF87D3355868D8FD3A000B9C905BCF4BAC76C781794A","[HD현대일렉트릭]분기보고서_IFRS(원문XBRL)(2025.05.15).zip","4FB672C3E8889432D6954625E96B7783A9F1CA5B95D13871358179525162B312","6","entity01205851_2025-03-31_lab-ko.xml","entity01205851_2025-03-31_lab-ko.xml",".xml","3909636","151834","False","False","True","False","False","False","765DAA6EDA9BC56A75061FB538789A9AEABE52107B7A941703B6B5FED62E7008","PASS",""
"267260","HD현대일렉트릭","soph_handoff_hd_hyundai_electric_v1_INPUT_PACKAGE_FOR_SOPH.zip","F510D02C8FB81F084EB9FF87D3355868D8FD3A000B9C905BCF4BAC76C781794A","[HD현대일렉트릭]분기보고서_IFRS(원문XBRL)(2025.05.15).zip","4FB672C3E8889432D6954625E96B7783A9F1CA5B95D13871358179525162B312","7","entity01205851_2025-03-31_lab-en.xml","entity01205851_2025-03-31_lab-en.xml",".xml","3954671","144178","False","False","True","False","False","False","2B3C0968774989083C3B3283CEB0EAD9EF7BE8EC3568D81E5BB3BFB80C10F94B","PASS",""
"267260","HD현대일렉트릭","soph_handoff_hd_hyundai_electric_v1_INPUT_PACKAGE_FOR_SOPH.zip","F510D02C8FB81F084EB9FF87D3355868D8FD3A000B9C905BCF4BAC76C781794A","[HD현대일렉트릭]분기보고서_IFRS(원문XBRL)(2025.11.14).zip","F3A603E1988B6F0B35F61DE984102779143BB519583CD5F26144EA134A6E8E02","1","entity01205851_2025-09-30.xbrl","entity01205851_2025-09-30.xbrl",".xbrl","4117776","193201","True","False","False","False","False","False","9784E895F6B63A339E4776337F2D63A6C3C736371E90B9E08674182DC900A0F0","PASS",""
"267260","HD현대일렉트릭","soph_handoff_hd_hyundai_electric_v1_INPUT_PACKAGE_FOR_SOPH.zip","F510D02C8FB81F084EB9FF87D3355868D8FD3A000B9C905BCF4BAC76C781794A","[HD현대일렉트릭]분기보고서_IFRS(원문XBRL)(2025.11.14).zip","F3A603E1988B6F0B35F61DE984102779143BB519583CD5F26144EA134A6E8E02","2","entity01205851_2025-09-30.xsd","entity01205851_2025-09-30.xsd",".xsd","390938","28550","False","True","False","False","False","False","B8B31B9CB63D24D46805304EE4F0713AFA10D1E0A7DB1E9B899955509908842D","PASS",""
"267260","HD현대일렉트릭","soph_handoff_hd_hyundai_electric_v1_INPUT_PACKAGE_FOR_SOPH.zip","F510D02C8FB81F084EB9FF87D3355868D8FD3A000B9C905BCF4BAC76C781794A","[HD현대일렉트릭]분기보고서_IFRS(원문XBRL)(2025.11.14).zip","F3A603E1988B6F0B35F61DE984102779143BB519583CD5F26144EA134A6E8E02","3","entity01205851_2025-09-30_def.xml","entity01205851_2025-09-30_def.xml",".xml","4003862","126316","False","False","False","False","False","True","A1605E1188AAFC64F32DD2065DE06BF08FF3678CCD9500C3A2FAC1F02B605348","PASS",""
"267260","HD현대일렉트릭","soph_handoff_hd_hyundai_electric_v1_INPUT_PACKAGE_FOR_SOPH.zip","F510D02C8FB81F084EB9FF87D3355868D8FD3A000B9C905BCF4BAC76C781794A","[HD현대일렉트릭]분기보고서_IFRS(원문XBRL)(2025.11.14).zip","F3A603E1988B6F0B35F61DE984102779143BB519583CD5F26144EA134A6E8E02","4","entity01205851_2025-09-30_cal.xml","entity01205851_2025-09-30_cal.xml",".xml","140371","5922","False","False","False","False","True","False","91F28A729B520F8905C6EC311471974FBCDBC1EC03B3171FEBEEA048AE722468","PASS",""
"267260","HD현대일렉트릭","soph_handoff_hd_hyundai_electric_v1_INPUT_PACKAGE_FOR_SOPH.zip","F510D02C8FB81F084EB9FF87D3355868D8FD3A000B9C905BCF4BAC76C781794A","[HD현대일렉트릭]분기보고서_IFRS(원문XBRL)(2025.11.14).zip","F3A603E1988B6F0B35F61DE984102779143BB519583CD5F26144EA134A6E8E02","5","entity01205851_2025-09-30_pre.xml","entity01205851_2025-09-30_pre.xml",".xml","2865917","110198","False","False","False","True","False","False","CB9F46FBF66DBF55688355D5A141C0335FF4715137C732B8AD7BB6376F8A1390","PASS",""
"267260","HD현대일렉트릭","soph_handoff_hd_hyundai_electric_v1_INPUT_PACKAGE_FOR_SOPH.zip","F510D02C8FB81F084EB9FF87D3355868D8FD3A000B9C905BCF4BAC76C781794A","[HD현대일렉트릭]분기보고서_IFRS(원문XBRL)(2025.11.14).zip","F3A603E1988B6F0B35F61DE984102779143BB519583CD5F26144EA134A6E8E02","6","entity01205851_2025-09-30_lab-ko.xml","entity01205851_2025-09-30_lab-ko.xml",".xml","3642992","147828","False","False","True","False","False","False","5B74AB62447F251BCB003BABA963E44CE282E9E29BAE5D17E953961EF292B87B","PASS",""
"267260","HD현대일렉트릭","soph_handoff_hd_hyundai_electric_v1_INPUT_PACKAGE_FOR_SOPH.zip","F510D02C8FB81F084EB9FF87D3355868D8FD3A000B9C905BCF4BAC76C781794A","[HD현대일렉트릭]분기보고서_IFRS(원문XBRL)(2025.11.14).zip","F3A603E1988B6F0B35F61DE984102779143BB519583CD5F26144EA134A6E8E02","7","entity01205851_2025-09-30_lab-en.xml","entity01205851_2025-09-30_lab-en.xml",".xml","3687291","140619","False","False","True","False","False","False","144467DD0FEF4309CD18ADE650DA219A8EED1B01F75F503D77539328D592440F","PASS",""
"267260","HD현대일렉트릭","soph_handoff_hd_hyundai_electric_v1_INPUT_PACKAGE_FOR_SOPH.zip","F510D02C8FB81F084EB9FF87D3355868D8FD3A000B9C905BCF4BAC76C781794A","[HD현대일렉트릭]분기보고서_IFRS(원문XBRL)(2026.05.15).zip","9A3A1F5E98B3BC95F82C238606D6A820A92CDF52467034DB02DE6F139CCEF6AF","1","entity01205851_2026-03-31.xbrl","entity01205851_2026-03-31.xbrl",".xbrl","3800487","167995","True","False","False","False","False","False","C3AFE6FCA131F13930E862ADF724D57B970DF8A578B80BEDE62182704A852266","PASS",""
"267260","HD현대일렉트릭","soph_handoff_hd_hyundai_electric_v1_INPUT_PACKAGE_FOR_SOPH.zip","F510D02C8FB81F084EB9FF87D3355868D8FD3A000B9C905BCF4BAC76C781794A","[HD현대일렉트릭]분기보고서_IFRS(원문XBRL)(2026.05.15).zip","9A3A1F5E98B3BC95F82C238606D6A820A92CDF52467034DB02DE6F139CCEF6AF","2","entity01205851_2026-03-31.xsd","entity01205851_2026-03-31.xsd",".xsd","390847","28520","False","True","False","False","False","False","678D04E9DE6BF1E6161600BDE03C0F3E17038A6371A27B2264D58847FD68708A","PASS",""
"267260","HD현대일렉트릭","soph_handoff_hd_hyundai_electric_v1_INPUT_PACKAGE_FOR_SOPH.zip","F510D02C8FB81F084EB9FF87D3355868D8FD3A000B9C905BCF4BAC76C781794A","[HD현대일렉트릭]분기보고서_IFRS(원문XBRL)(2026.05.15).zip","9A3A1F5E98B3BC95F82C238606D6A820A92CDF52467034DB02DE6F139CCEF6AF","3","entity01205851_2026-03-31_def.xml","entity01205851_2026-03-31_def.xml",".xml","3975235","126596","False","False","False","False","False","True","82F8E98B01BEADD66B0DF028B3B854A6D22E09194B00F84949E9010750AD2090","PASS",""
"267260","HD현대일렉트릭","soph_handoff_hd_hyundai_electric_v1_INPUT_PACKAGE_FOR_SOPH.zip","F510D02C8FB81F084EB9FF87D3355868D8FD3A000B9C905BCF4BAC76C781794A","[HD현대일렉트릭]분기보고서_IFRS(원문XBRL)(2026.05.15).zip","9A3A1F5E98B3BC95F82C238606D6A820A92CDF52467034DB02DE6F139CCEF6AF","4","entity01205851_2026-03-31_cal.xml","entity01205851_2026-03-31_cal.xml",".xml","129280","5566","False","False","False","False","True","False","0A8D8DAA18A3D0C0DF827BB86786373DCE190F7FC6570E326971F498F26B86CF","PASS",""
"267260","HD현대일렉트릭","soph_handoff_hd_hyundai_electric_v1_INPUT_PACKAGE_FOR_SOPH.zip","F510D02C8FB81F084EB9FF87D3355868D8FD3A000B9C905BCF4BAC76C781794A","[HD현대일렉트릭]분기보고서_IFRS(원문XBRL)(2026.05.15).zip","9A3A1F5E98B3BC95F82C238606D6A820A92CDF52467034DB02DE6F139CCEF6AF","5","entity01205851_2026-03-31_pre.xml","entity01205851_2026-03-31_pre.xml",".xml","2843328","109450","False","False","False","True","False","False","E8B6EE2C0AD84139C3E6CCD6E859E27C8454217E9C7EACEE13C4AE27633F14BE","PASS",""
"267260","HD현대일렉트릭","soph_handoff_hd_hyundai_electric_v1_INPUT_PACKAGE_FOR_SOPH.zip","F510D02C8FB81F084EB9FF87D3355868D8FD3A000B9C905BCF4BAC76C781794A","[HD현대일렉트릭]분기보고서_IFRS(원문XBRL)(2026.05.15).zip","9A3A1F5E98B3BC95F82C238606D6A820A92CDF52467034DB02DE6F139CCEF6AF","6","entity01205851_2026-03-31_lab-ko.xml","entity01205851_2026-03-31_lab-ko.xml",".xml","3623725","146892","False","False","True","False","False","False","97F747AD4D68FFB2EBE060379FAAD57F93E60DFDE366E5FA42AF1AF97C6D4B26","PASS",""
"267260","HD현대일렉트릭","soph_handoff_hd_hyundai_electric_v1_INPUT_PACKAGE_FOR_SOPH.zip","F510D02C8FB81F084EB9FF87D3355868D8FD3A000B9C905BCF4BAC76C781794A","[HD현대일렉트릭]분기보고서_IFRS(원문XBRL)(2026.05.15).zip","9A3A1F5E98B3BC95F82C238606D6A820A92CDF52467034DB02DE6F139CCEF6AF","7","entity01205851_2026-03-31_lab-en.xml","entity01205851_2026-03-31_lab-en.xml",".xml","3665922","140006","False","False","True","False","False","False","D2C950AB39FE5051DF487FAFD98F93E5F799019160D63EB028639672FAC1F594","PASS",""
"267260","HD현대일렉트릭","soph_handoff_hd_hyundai_electric_v1_INPUT_PACKAGE_FOR_SOPH.zip","F510D02C8FB81F084EB9FF87D3355868D8FD3A000B9C905BCF4BAC76C781794A","[HD현대일렉트릭]사업보고서_IFRS(원문XBRL)(2021.03.15).zip","3A6D43B2C509F9D92780C971E3E27FE750A35FD30295B16123D18E68748EEA79","1","01205851_2017-06-30.xbrl","01205851_2017-06-30.xbrl",".xbrl","285732","14115","True","False","False","False","False","False","18572AAEF036EB02BEF889B581D165D5441630CE38A8BAF63BD73DFA14E832EC","PASS",""
"267260","HD현대일렉트릭","soph_handoff_hd_hyundai_electric_v1_INPUT_PACKAGE_FOR_SOPH.zip","F510D02C8FB81F084EB9FF87D3355868D8FD3A000B9C905BCF4BAC76C781794A","[HD현대일렉트릭]사업보고서_IFRS(원문XBRL)(2021.03.15).zip","3A6D43B2C509F9D92780C971E3E27FE750A35FD30295B16123D18E68748EEA79","2","01205851_entry_point_2017-06-30.xsd","01205851_entry_point_2017-06-30.xsd",".xsd","7346","1183","False","True","False","False","False","False","768F6856323A5A9B448FA11F2D3286CBB7E6C15417341BB7F8930C03406A071D","PASS",""
"267260","HD현대일렉트릭","soph_handoff_hd_hyundai_electric_v1_INPUT_PACKAGE_FOR_SOPH.zip","F510D02C8FB81F084EB9FF87D3355868D8FD3A000B9C905BCF4BAC76C781794A","[HD현대일렉트릭]사업보고서_IFRS(원문XBRL)(2021.03.15).zip","3A6D43B2C509F9D92780C971E3E27FE750A35FD30295B16123D18E68748EEA79","3","ifrs_for_01205851/dimensions_ifrs_for_01205851/dim_ifrs_for_01205851_2017-06-30.xml","dim_ifrs_for_01205851_2017-06-30.xml",".xml","1461842","62761","True","False","False","False","False","False","95AA801D95BA49A4479D92A4AD76895FB32D08BCD07F304DBFFA5ED5C8898962","PASS",""
"267260","HD현대일렉트릭","soph_handoff_hd_hyundai_electric_v1_INPUT_PACKAGE_FOR_SOPH.zip","F510D02C8FB81F084EB9FF87D3355868D8FD3A000B9C905BCF4BAC76C781794A","[HD현대일렉트릭]사업보고서_IFRS(원문XBRL)(2021.03.15).zip","3A6D43B2C509F9D92780C971E3E27FE750A35FD30295B16123D18E68748EEA79","4","ifrs_for_01205851/dimensions_ifrs_for_01205851/cal_ifrs_for_01205851_2017-06-30.xml","cal_ifrs_for_01205851_2017-06-30.xml",".xml","1387738","58084","True","False","False","False","False","False","E16B9877A76CB02BAD198A96476511159E0C4F1A63D2691AF2B6C0508607C7C9","PASS",""
"267260","HD현대일렉트릭","soph_handoff_hd_hyundai_electric_v1_INPUT_PACKAGE_FOR_SOPH.zip","F510D02C8FB81F084EB9FF87D3355868D8FD3A000B9C905BCF4BAC76C781794A","[HD현대일렉트릭]사업보고서_IFRS(원문XBRL)(2021.03.15).zip","3A6D43B2C509F9D92780C971E3E27FE750A35FD30295B16123D18E68748EEA79","5","ifrs_for_01205851/dimensions_ifrs_for_01205851/pre_ifrs_for_01205851_2017-06-30.xml","pre_ifrs_for_01205851_2017-06-30.xml",".xml","1491677","63841","True","False","False","False","False","False","F7B8E72FB7B5904293017A60F72D1B22BD150C6BFA0AE7376D0CB5DDCB1A76A8","PASS",""
"267260","HD현대일렉트릭","soph_handoff_hd_hyundai_electric_v1_INPUT_PACKAGE_FOR_SOPH.zip","F510D02C8FB81F084EB9FF87D3355868D8FD3A000B9C905BCF4BAC76C781794A","[HD현대일렉트릭]사업보고서_IFRS(원문XBRL)(2021.03.15).zip","3A6D43B2C509F9D92780C971E3E27FE750A35FD30295B16123D18E68748EEA79","6","ifrs_for_01205851/dimensions_ifrs_for_01205851/role_ifrs_for_01205851-dim_2017-06-30.xsd","role_ifrs_for_01205851-dim_2017-06-30.xsd",".xsd","649","311","False","True","False","False","False","False","3A7256DC12A06C5184404A90A821EDF315B531BB669150B822326C543AAFFB96","PASS",""
"267260","HD현대일렉트릭","soph_handoff_hd_hyundai_electric_v1_INPUT_PACKAGE_FOR_SOPH.zip","F510D02C8FB81F084EB9FF87D3355868D8FD3A000B9C905BCF4BAC76C781794A","[HD현대일렉트릭]사업보고서_IFRS(원문XBRL)(2021.03.15).zip","3A6D43B2C509F9D92780C971E3E27FE750A35FD30295B16123D18E68748EEA79","7","labels/lab_01205851-ko_2017-06-30.xml","lab_01205851-ko_2017-06-30.xml",".xml","76946","4992","True","False","False","False","False","False","1759B4450ED7CEA529AC1A0262141F7BB3A349CC6160E1135041B28E864BDD64","PASS",""
"267260","HD현대일렉트릭","soph_handoff_hd_hyundai_electric_v1_INPUT_PACKAGE_FOR_SOPH.zip","F510D02C8FB81F084EB9FF87D3355868D8FD3A000B9C905BCF4BAC76C781794A","[HD현대일렉트릭]사업보고서_IFRS(원문XBRL)(2021.03.15).zip","3A6D43B2C509F9D92780C971E3E27FE750A35FD30295B16123D18E68748EEA79","8","labels/lab_01205851-en_2017-06-30.xml","lab_01205851-en_2017-06-30.xml",".xml","18339","1367","True","False","False","False","False","False","433BF34743A52918345BACB0EC99BF2F13DBEFCDFDFD48048C1045EEF8238BF9","PASS",""
"267260","HD현대일렉트릭","soph_handoff_hd_hyundai_electric_v1_INPUT_PACKAGE_FOR_SOPH.zip","F510D02C8FB81F084EB9FF87D3355868D8FD3A000B9C905BCF4BAC76C781794A","[HD현대일렉트릭]사업보고서_IFRS(원문XBRL)(2022.03.11).zip","548B18B8DA82F33928627A534CF0AEEEEA535690B51705F07119F7FA13000D5E","1","01205851_2017-06-30.xbrl","01205851_2017-06-30.xbrl",".xbrl","280306","13971","True","False","False","False","False","False","CCBE056C366AF8B76B48DE85B3EFB47B9DEA6831970F3305FE6EBBD966500B35","PASS",""
"267260","HD현대일렉트릭","soph_handoff_hd_hyundai_electric_v1_INPUT_PACKAGE_FOR_SOPH.zip","F510D02C8FB81F084EB9FF87D3355868D8FD3A000B9C905BCF4BAC76C781794A","[HD현대일렉트릭]사업보고서_IFRS(원문XBRL)(2022.03.11).zip","548B18B8DA82F33928627A534CF0AEEEEA535690B51705F07119F7FA13000D5E","2","01205851_entry_point_2017-06-30.xsd","01205851_entry_point_2017-06-30.xsd",".xsd","7975","1239","False","True","False","False","False","False","0DF0E27877648467207B1AD1228647588764F6DD1E2538BE2B1452E1944A9EDC","PASS",""
"267260","HD현대일렉트릭","soph_handoff_hd_hyundai_electric_v1_INPUT_PACKAGE_FOR_SOPH.zip","F510D02C8FB81F084EB9FF87D3355868D8FD3A000B9C905BCF4BAC76C781794A","[HD현대일렉트릭]사업보고서_IFRS(원문XBRL)(2022.03.11).zip","548B18B8DA82F33928627A534CF0AEEEEA535690B51705F07119F7FA13000D5E","3","ifrs_for_01205851/dimensions_ifrs_for_01205851/dim_ifrs_for_01205851_2017-06-30.xml","dim_ifrs_for_01205851_2017-06-30.xml",".xml","1463940","63209","True","False","False","False","False","False","B59F65A1F3B59662AD8301BD96135623CD910F051688FDF88CB655BE932BDA96","PASS",""
"267260","HD현대일렉트릭","soph_handoff_hd_hyundai_electric_v1_INPUT_PACKAGE_FOR_SOPH.zip","F510D02C8FB81F084EB9FF87D3355868D8FD3A000B9C905BCF4BAC76C781794A","[HD현대일렉트릭]사업보고서_IFRS(원문XBRL)(2022.03.11).zip","548B18B8DA82F33928627A534CF0AEEEEA535690B51705F07119F7FA13000D5E","4","ifrs_for_01205851/dimensions_ifrs_for_01205851/cal_ifrs_for_01205851_2017-06-30.xml","cal_ifrs_for_01205851_2017-06-30.xml",".xml","1389434","58226","True","False","False","False","False","False","A85AE8045722577418AB44FA7534536CC1F622929EA1220F80ED3568B61CB54C","PASS",""
"267260","HD현대일렉트릭","soph_handoff_hd_hyundai_electric_v1_INPUT_PACKAGE_FOR_SOPH.zip","F510D02C8FB81F084EB9FF87D3355868D8FD3A000B9C905BCF4BAC76C781794A","[HD현대일렉트릭]사업보고서_IFRS(원문XBRL)(2022.03.11).zip","548B18B8DA82F33928627A534CF0AEEEEA535690B51705F07119F7FA13000D5E","5","ifrs_for_01205851/dimensions_ifrs_for_01205851/pre_ifrs_for_01205851_2017-06-30.xml","pre_ifrs_for_01205851_2017-06-30.xml",".xml","1493880","64367","True","False","False","False","False","False","2A066807A0FCE348CB910854567218B90F5E6E81B517972772B39917D5D2F3A0","PASS",""
"267260","HD현대일렉트릭","soph_handoff_hd_hyundai_electric_v1_INPUT_PACKAGE_FOR_SOPH.zip","F510D02C8FB81F084EB9FF87D3355868D8FD3A000B9C905BCF4BAC76C781794A","[HD현대일렉트릭]사업보고서_IFRS(원문XBRL)(2022.03.11).zip","548B18B8DA82F33928627A534CF0AEEEEA535690B51705F07119F7FA13000D5E","6","ifrs_for_01205851/dimensions_ifrs_for_01205851/role_ifrs_for_01205851-dim_2017-06-30.xsd","role_ifrs_for_01205851-dim_2017-06-30.xsd",".xsd","649","311","False","True","False","False","False","False","3A7256DC12A06C5184404A90A821EDF315B531BB669150B822326C543AAFFB96","PASS",""
"267260","HD현대일렉트릭","soph_handoff_hd_hyundai_electric_v1_INPUT_PACKAGE_FOR_SOPH.zip","F510D02C8FB81F084EB9FF87D3355868D8FD3A000B9C905BCF4BAC76C781794A","[HD현대일렉트릭]사업보고서_IFRS(원문XBRL)(2022.03.11).zip","548B18B8DA82F33928627A534CF0AEEEEA535690B51705F07119F7FA13000D5E","7","labels/lab_01205851-ko_2017-06-30.xml","lab_01205851-ko_2017-06-30.xml",".xml","82869","5331","True","False","False","False","False","False","623C5F2598C161DF36CD6BBB2C6DBCEDB14664385416857829EC84EF2BBE6A5D","PASS",""
"267260","HD현대일렉트릭","soph_handoff_hd_hyundai_electric_v1_INPUT_PACKAGE_FOR_SOPH.zip","F510D02C8FB81F084EB9FF87D3355868D8FD3A000B9C905BCF4BAC76C781794A","[HD현대일렉트릭]사업보고서_IFRS(원문XBRL)(2022.03.11).zip","548B18B8DA82F33928627A534CF0AEEEEA535690B51705F07119F7FA13000D5E","8","labels/lab_01205851-en_2017-06-30.xml","lab_01205851-en_2017-06-30.xml",".xml","22040","1617","True","False","False","False","False","False","98B709754E65CEA23CE6694C22FA99011244E8CE647EE374CADDC60B958DB585","PASS",""
"267260","HD현대일렉트릭","soph_handoff_hd_hyundai_electric_v1_INPUT_PACKAGE_FOR_SOPH.zip","F510D02C8FB81F084EB9FF87D3355868D8FD3A000B9C905BCF4BAC76C781794A","[HD현대일렉트릭]사업보고서_IFRS(원문XBRL)(2023.03.14).zip","9B2F01F316CD1FF21AB4C3D97B69AC6BC557C68DCC8A9CD86089288BD10DE3E8","1","01205851_2017-06-30.xbrl","01205851_2017-06-30.xbrl",".xbrl","276194","13949","True","False","False","False","False","False","50D12904F47FC1B35DD3B2DCC6DB84667EF128D0653B9A84EFD240EF3EFE75E2","PASS",""
"267260","HD현대일렉트릭","soph_handoff_hd_hyundai_electric_v1_INPUT_PACKAGE_FOR_SOPH.zip","F510D02C8FB81F084EB9FF87D3355868D8FD3A000B9C905BCF4BAC76C781794A","[HD현대일렉트릭]사업보고서_IFRS(원문XBRL)(2023.03.14).zip","9B2F01F316CD1FF21AB4C3D97B69AC6BC557C68DCC8A9CD86089288BD10DE3E8","2","01205851_entry_point_2017-06-30.xsd","01205851_entry_point_2017-06-30.xsd",".xsd","8291","1269","False","True","False","False","False","False","FA27AC08D973B05C4574377D79CEA62ED3DFADCDD9D7206D46112EC0B965D82F","PASS",""
"267260","HD현대일렉트릭","soph_handoff_hd_hyundai_electric_v1_INPUT_PACKAGE_FOR_SOPH.zip","F510D02C8FB81F084EB9FF87D3355868D8FD3A000B9C905BCF4BAC76C781794A","[HD현대일렉트릭]사업보고서_IFRS(원문XBRL)(2023.03.14).zip","9B2F01F316CD1FF21AB4C3D97B69AC6BC557C68DCC8A9CD86089288BD10DE3E8","3","ifrs_for_01205851/dimensions_ifrs_for_01205851/dim_ifrs_for_01205851_2017-06-30.xml","dim_ifrs_for_01205851_2017-06-30.xml",".xml","1455841","62766","True","False","False","False","False","False","14B4C29F85F13C4697082E9E9FD461D8B9C2D0520D0D3C70F3AE753B4F766B49","PASS",""
"267260","HD현대일렉트릭","soph_handoff_hd_hyundai_electric_v1_INPUT_PACKAGE_FOR_SOPH.zip","F510D02C8FB81F084EB9FF87D3355868D8FD3A000B9C905BCF4BAC76C781794A","[HD현대일렉트릭]사업보고서_IFRS(원문XBRL)(2023.03.14).zip","9B2F01F316CD1FF21AB4C3D97B69AC6BC557C68DCC8A9CD86089288BD10DE3E8","4","ifrs_for_01205851/dimensions_ifrs_for_01205851/cal_ifrs_for_01205851_2017-06-30.xml","cal_ifrs_for_01205851_2017-06-30.xml",".xml","1389612","58375","True","False","False","False","False","False","6D5CDFDE54A3B1DFBEEB6C7AC5882F2B31F5B65F37885F95406C9134A246E2C4","PASS",""
"267260","HD현대일렉트릭","soph_handoff_hd_hyundai_electric_v1_INPUT_PACKAGE_FOR_SOPH.zip","F510D02C8FB81F084EB9FF87D3355868D8FD3A000B9C905BCF4BAC76C781794A","[HD현대일렉트릭]사업보고서_IFRS(원문XBRL)(2023.03.14).zip","9B2F01F316CD1FF21AB4C3D97B69AC6BC557C68DCC8A9CD86089288BD10DE3E8","5","ifrs_for_01205851/dimensions_ifrs_for_01205851/pre_ifrs_for_01205851_2017-06-30.xml","pre_ifrs_for_01205851_2017-06-30.xml",".xml","1485801","63800","True","False","False","False","False","False","DB66EE8C89CB2CAF0812DB18BD33052C97A440C828920F62FFFC069B0CD02533","PASS",""
"267260","HD현대일렉트릭","soph_handoff_hd_hyundai_electric_v1_INPUT_PACKAGE_FOR_SOPH.zip","F510D02C8FB81F084EB9FF87D3355868D8FD3A000B9C905BCF4BAC76C781794A","[HD현대일렉트릭]사업보고서_IFRS(원문XBRL)(2023.03.14).zip","9B2F01F316CD1FF21AB4C3D97B69AC6BC557C68DCC8A9CD86089288BD10DE3E8","6","ifrs_for_01205851/dimensions_ifrs_for_01205851/role_ifrs_for_01205851-dim_2017-06-30.xsd","role_ifrs_for_01205851-dim_2017-06-30.xsd",".xsd","649","311","False","True","False","False","False","False","3A7256DC12A06C5184404A90A821EDF315B531BB669150B822326C543AAFFB96","PASS",""
"267260","HD현대일렉트릭","soph_handoff_hd_hyundai_electric_v1_INPUT_PACKAGE_FOR_SOPH.zip","F510D02C8FB81F084EB9FF87D3355868D8FD3A000B9C905BCF4BAC76C781794A","[HD현대일렉트릭]사업보고서_IFRS(원문XBRL)(2023.03.14).zip","9B2F01F316CD1FF21AB4C3D97B69AC6BC557C68DCC8A9CD86089288BD10DE3E8","7","labels/lab_01205851-ko_2017-06-30.xml","lab_01205851-ko_2017-06-30.xml",".xml","82549","5335","True","False","False","False","False","False","A38E64DFFAFBA645A65765977B110E16CF76CC4730AB07178E7CBBBE0F2B918E","PASS",""
"267260","HD현대일렉트릭","soph_handoff_hd_hyundai_electric_v1_INPUT_PACKAGE_FOR_SOPH.zip","F510D02C8FB81F084EB9FF87D3355868D8FD3A000B9C905BCF4BAC76C781794A","[HD현대일렉트릭]사업보고서_IFRS(원문XBRL)(2023.03.14).zip","9B2F01F316CD1FF21AB4C3D97B69AC6BC557C68DCC8A9CD86089288BD10DE3E8","8","labels/lab_01205851-en_2017-06-30.xml","lab_01205851-en_2017-06-30.xml",".xml","22815","1613","True","False","False","False","False","False","5304D7F3D23D3C640C2CF3C7800A129F4CD8EAA3F8502E542DE0BD59BDA386C2","PASS",""
"267260","HD현대일렉트릭","soph_handoff_hd_hyundai_electric_v1_INPUT_PACKAGE_FOR_SOPH.zip","F510D02C8FB81F084EB9FF87D3355868D8FD3A000B9C905BCF4BAC76C781794A","[HD현대일렉트릭]사업보고서_IFRS(원문XBRL)(2024.03.18).zip","90CE5D7B6BE6D385A2108443E0F8B970FBBEE283869A856BA6648B50AEAC5757","1","entity01205851_2023-12-31.xbrl","entity01205851_2023-12-31.xbrl",".xbrl","8473179","366066","True","False","False","False","False","False","B5308B245BBDB0B933433DB82218513B7B821CEAEF750799718A89148DBB6C65","PASS",""
"267260","HD현대일렉트릭","soph_handoff_hd_hyundai_electric_v1_INPUT_PACKAGE_FOR_SOPH.zip","F510D02C8FB81F084EB9FF87D3355868D8FD3A000B9C905BCF4BAC76C781794A","[HD현대일렉트릭]사업보고서_IFRS(원문XBRL)(2024.03.18).zip","90CE5D7B6BE6D385A2108443E0F8B970FBBEE283869A856BA6648B50AEAC5757","2","entity01205851_2023-12-31.xsd","entity01205851_2023-12-31.xsd",".xsd","827914","46557","False","True","False","False","False","False","C618A34E43430A2C38E429E3830E8DC59907A1139F4467675145987A936567C6","PASS",""
"267260","HD현대일렉트릭","soph_handoff_hd_hyundai_electric_v1_INPUT_PACKAGE_FOR_SOPH.zip","F510D02C8FB81F084EB9FF87D3355868D8FD3A000B9C905BCF4BAC76C781794A","[HD현대일렉트릭]사업보고서_IFRS(원문XBRL)(2024.03.18).zip","90CE5D7B6BE6D385A2108443E0F8B970FBBEE283869A856BA6648B50AEAC5757","3","entity01205851_2023-12-31_def.xml","entity01205851_2023-12-31_def.xml",".xml","6383019","216130","False","False","False","False","False","True","60C35F67964684EC7272E468572CCD5697651FCAABF92C935CB67AAF3E084773","PASS",""
"267260","HD현대일렉트릭","soph_handoff_hd_hyundai_electric_v1_INPUT_PACKAGE_FOR_SOPH.zip","F510D02C8FB81F084EB9FF87D3355868D8FD3A000B9C905BCF4BAC76C781794A","[HD현대일렉트릭]사업보고서_IFRS(원문XBRL)(2024.03.18).zip","90CE5D7B6BE6D385A2108443E0F8B970FBBEE283869A856BA6648B50AEAC5757","4","entity01205851_2023-12-31_cal.xml","entity01205851_2023-12-31_cal.xml",".xml","156531","7028","False","False","False","False","True","False","EDC4460D9C884DAA2C24DC929509069CC595A0B55A7A4A98A9D94FA90259F88E","PASS",""
"267260","HD현대일렉트릭","soph_handoff_hd_hyundai_electric_v1_INPUT_PACKAGE_FOR_SOPH.zip","F510D02C8FB81F084EB9FF87D3355868D8FD3A000B9C905BCF4BAC76C781794A","[HD현대일렉트릭]사업보고서_IFRS(원문XBRL)(2024.03.18).zip","90CE5D7B6BE6D385A2108443E0F8B970FBBEE283869A856BA6648B50AEAC5757","5","entity01205851_2023-12-31_pre.xml","entity01205851_2023-12-31_pre.xml",".xml","4651168","185419","False","False","False","True","False","False","BF59DEE84CD5F6CA66992725A6EF1A9CB97780B69684586FD6909F98C30284FA","PASS",""
"267260","HD현대일렉트릭","soph_handoff_hd_hyundai_electric_v1_INPUT_PACKAGE_FOR_SOPH.zip","F510D02C8FB81F084EB9FF87D3355868D8FD3A000B9C905BCF4BAC76C781794A","[HD현대일렉트릭]사업보고서_IFRS(원문XBRL)(2024.03.18).zip","90CE5D7B6BE6D385A2108443E0F8B970FBBEE283869A856BA6648B50AEAC5757","6","entity01205851_2023-12-31_lab-ko.xml","entity01205851_2023-12-31_lab-ko.xml",".xml","7528889","269267","False","False","True","False","False","False","D505668B91438986DC34697F01A770D0304A6FA81A0FFB0A10031951680E899F","PASS",""
"267260","HD현대일렉트릭","soph_handoff_hd_hyundai_electric_v1_INPUT_PACKAGE_FOR_SOPH.zip","F510D02C8FB81F084EB9FF87D3355868D8FD3A000B9C905BCF4BAC76C781794A","[HD현대일렉트릭]사업보고서_IFRS(원문XBRL)(2024.03.18).zip","90CE5D7B6BE6D385A2108443E0F8B970FBBEE283869A856BA6648B50AEAC5757","7","entity01205851_2023-12-31_lab-en.xml","entity01205851_2023-12-31_lab-en.xml",".xml","7599858","252016","False","False","True","False","False","False","54F4BBBE4E5398F3236A2AA07233D4A5F9D4BCFF7234F959247F489683E0FE5E","PASS",""
"267260","HD현대일렉트릭","soph_handoff_hd_hyundai_electric_v1_INPUT_PACKAGE_FOR_SOPH.zip","F510D02C8FB81F084EB9FF87D3355868D8FD3A000B9C905BCF4BAC76C781794A","[HD현대일렉트릭]사업보고서_IFRS(원문XBRL)(2026.03.16).zip","5D1E36F15552BDED3D37141774AEE993B8BEF5386EB75C54DFEBEE4017922208","1","entity01205851_2025-12-31.xbrl","entity01205851_2025-12-31.xbrl",".xbrl","5969695","298443","True","False","False","False","False","False","1A49B67D39B836DC00233179AC5E0F19F57BA52B0413AB017562BAA65446CBE1","PASS",""
"267260","HD현대일렉트릭","soph_handoff_hd_hyundai_electric_v1_INPUT_PACKAGE_FOR_SOPH.zip","F510D02C8FB81F084EB9FF87D3355868D8FD3A000B9C905BCF4BAC76C781794A","[HD현대일렉트릭]사업보고서_IFRS(원문XBRL)(2026.03.16).zip","5D1E36F15552BDED3D37141774AEE993B8BEF5386EB75C54DFEBEE4017922208","2","entity01205851_2025-12-31.xsd","entity01205851_2025-12-31.xsd",".xsd","571905","40603","False","True","False","False","False","False","ED77DDE9575C206709653587089A4711B591CDE7FF0AEC452FAC93E5887D47E7","PASS",""
"267260","HD현대일렉트릭","soph_handoff_hd_hyundai_electric_v1_INPUT_PACKAGE_FOR_SOPH.zip","F510D02C8FB81F084EB9FF87D3355868D8FD3A000B9C905BCF4BAC76C781794A","[HD현대일렉트릭]사업보고서_IFRS(원문XBRL)(2026.03.16).zip","5D1E36F15552BDED3D37141774AEE993B8BEF5386EB75C54DFEBEE4017922208","3","entity01205851_2025-12-31_def.xml","entity01205851_2025-12-31_def.xml",".xml","5712578","187691","False","False","False","False","False","True","DAC2441821D4F4D535193B388C830BC26825BC9E20D9233D603B41E3B2258AEC","PASS",""
"267260","HD현대일렉트릭","soph_handoff_hd_hyundai_electric_v1_INPUT_PACKAGE_FOR_SOPH.zip","F510D02C8FB81F084EB9FF87D3355868D8FD3A000B9C905BCF4BAC76C781794A","[HD현대일렉트릭]사업보고서_IFRS(원문XBRL)(2026.03.16).zip","5D1E36F15552BDED3D37141774AEE993B8BEF5386EB75C54DFEBEE4017922208","4","entity01205851_2025-12-31_cal.xml","entity01205851_2025-12-31_cal.xml",".xml","157335","6848","False","False","False","False","True","False","DADFAF389F85ADCD80255C75D6081094DCB1D5D40679E15902953DFDE59CAFED","PASS",""
"267260","HD현대일렉트릭","soph_handoff_hd_hyundai_electric_v1_INPUT_PACKAGE_FOR_SOPH.zip","F510D02C8FB81F084EB9FF87D3355868D8FD3A000B9C905BCF4BAC76C781794A","[HD현대일렉트릭]사업보고서_IFRS(원문XBRL)(2026.03.16).zip","5D1E36F15552BDED3D37141774AEE993B8BEF5386EB75C54DFEBEE4017922208","5","entity01205851_2025-12-31_pre.xml","entity01205851_2025-12-31_pre.xml",".xml","3973114","159595","False","False","False","True","False","False","AC1C7F9CE514440DA2FAC6BD2A5AA0F8D6FAC1BD9565A758BAAF4F1BDE707F71","PASS",""
"267260","HD현대일렉트릭","soph_handoff_hd_hyundai_electric_v1_INPUT_PACKAGE_FOR_SOPH.zip","F510D02C8FB81F084EB9FF87D3355868D8FD3A000B9C905BCF4BAC76C781794A","[HD현대일렉트릭]사업보고서_IFRS(원문XBRL)(2026.03.16).zip","5D1E36F15552BDED3D37141774AEE993B8BEF5386EB75C54DFEBEE4017922208","6","entity01205851_2025-12-31_lab-ko.xml","entity01205851_2025-12-31_lab-ko.xml",".xml","4953572","204874","False","False","True","False","False","False","43AFF9432D80201E51D754F182EDCE35C3878202071FA658C900CBE5D90D1531","PASS",""
"267260","HD현대일렉트릭","soph_handoff_hd_hyundai_electric_v1_INPUT_PACKAGE_FOR_SOPH.zip","F510D02C8FB81F084EB9FF87D3355868D8FD3A000B9C905BCF4BAC76C781794A","[HD현대일렉트릭]사업보고서_IFRS(원문XBRL)(2026.03.16).zip","5D1E36F15552BDED3D37141774AEE993B8BEF5386EB75C54DFEBEE4017922208","7","entity01205851_2025-12-31_lab-en.xml","entity01205851_2025-12-31_lab-en.xml",".xml","5017185","195589","False","False","True","False","False","False","B3266E18DF8FACB141367CB15EB9D1B8BE1A15E7F8B493001988EBFACB3E450D","PASS",""
"018260","삼성SDS","soph_handoff_samsung_sds_v1_INPUT_PACKAGE_FOR_SOPH.zip","62E6952198DA55E2A57010078CE8694F336E264DB41DC60E9FC9FEA6666A1AE5","[삼성에스디에스][정정]사업보고서_IFRS(원문XBRL)(2024.03.29).zip","BCA97F86B741EBA8385421C095271FA0E1790F60C15AB6A5552EC08F73B36894","1","entity00126186_2023-12-31.xbrl","entity00126186_2023-12-31.xbrl",".xbrl","6449955","337970","True","False","False","False","False","False","75CA125C0CD4D80C17D4EAA65C380CBEE4293735ED8B1B8F6EFFC6ED6698CB14","PASS",""
"018260","삼성SDS","soph_handoff_samsung_sds_v1_INPUT_PACKAGE_FOR_SOPH.zip","62E6952198DA55E2A57010078CE8694F336E264DB41DC60E9FC9FEA6666A1AE5","[삼성에스디에스][정정]사업보고서_IFRS(원문XBRL)(2024.03.29).zip","BCA97F86B741EBA8385421C095271FA0E1790F60C15AB6A5552EC08F73B36894","2","entity00126186_2023-12-31.xsd","entity00126186_2023-12-31.xsd",".xsd","617213","34877","False","True","False","False","False","False","C8D79F8AA40B793EB4245E98AD6A070AFA9D4EE6BC6F64F122F4BFDD281891C8","PASS",""
"018260","삼성SDS","soph_handoff_samsung_sds_v1_INPUT_PACKAGE_FOR_SOPH.zip","62E6952198DA55E2A57010078CE8694F336E264DB41DC60E9FC9FEA6666A1AE5","[삼성에스디에스][정정]사업보고서_IFRS(원문XBRL)(2024.03.29).zip","BCA97F86B741EBA8385421C095271FA0E1790F60C15AB6A5552EC08F73B36894","3","entity00126186_2023-12-31_def.xml","entity00126186_2023-12-31_def.xml",".xml","5109456","177728","False","False","False","False","False","True","668C26225ABFBEAA00928B7DE7AF0437E59690B8788BFD187F7F6F7640B01E38","PASS",""
"018260","삼성SDS","soph_handoff_samsung_sds_v1_INPUT_PACKAGE_FOR_SOPH.zip","62E6952198DA55E2A57010078CE8694F336E264DB41DC60E9FC9FEA6666A1AE5","[삼성에스디에스][정정]사업보고서_IFRS(원문XBRL)(2024.03.29).zip","BCA97F86B741EBA8385421C095271FA0E1790F60C15AB6A5552EC08F73B36894","4","entity00126186_2023-12-31_cal.xml","entity00126186_2023-12-31_cal.xml",".xml","151986","6597","False","False","False","False","True","False","F0A07F66EEFE6F7F217A2841A7D8D1E27A78C2D7D6E0DAF8DC1FD3BB1342BAA3","PASS",""
"018260","삼성SDS","soph_handoff_samsung_sds_v1_INPUT_PACKAGE_FOR_SOPH.zip","62E6952198DA55E2A57010078CE8694F336E264DB41DC60E9FC9FEA6666A1AE5","[삼성에스디에스][정정]사업보고서_IFRS(원문XBRL)(2024.03.29).zip","BCA97F86B741EBA8385421C095271FA0E1790F60C15AB6A5552EC08F73B36894","5","entity00126186_2023-12-31_pre.xml","entity00126186_2023-12-31_pre.xml",".xml","3772648","156892","False","False","False","True","False","False","972DCBAF0DCFDB01E5469A024C82F3954FCC06122324B6110D13B28CFF12823D","PASS",""
"018260","삼성SDS","soph_handoff_samsung_sds_v1_INPUT_PACKAGE_FOR_SOPH.zip","62E6952198DA55E2A57010078CE8694F336E264DB41DC60E9FC9FEA6666A1AE5","[삼성에스디에스][정정]사업보고서_IFRS(원문XBRL)(2024.03.29).zip","BCA97F86B741EBA8385421C095271FA0E1790F60C15AB6A5552EC08F73B36894","6","entity00126186_2023-12-31_lab-ko.xml","entity00126186_2023-12-31_lab-ko.xml",".xml","5239029","216628","False","False","True","False","False","False","8C0B3EEEE1DFE98D917035E619FA603AB3D342DFE21253F6C209D4AFA9039A38","PASS",""
"018260","삼성SDS","soph_handoff_samsung_sds_v1_INPUT_PACKAGE_FOR_SOPH.zip","62E6952198DA55E2A57010078CE8694F336E264DB41DC60E9FC9FEA6666A1AE5","[삼성에스디에스][정정]사업보고서_IFRS(원문XBRL)(2024.03.29).zip","BCA97F86B741EBA8385421C095271FA0E1790F60C15AB6A5552EC08F73B36894","7","entity00126186_2023-12-31_lab-en.xml","entity00126186_2023-12-31_lab-en.xml",".xml","5309994","205282","False","False","True","False","False","False","501EFAFD9AC3699E6790B77C5AD6BDFF14ACE1A0CD321638FADB19C34EC66211","PASS",""
"018260","삼성SDS","soph_handoff_samsung_sds_v1_INPUT_PACKAGE_FOR_SOPH.zip","62E6952198DA55E2A57010078CE8694F336E264DB41DC60E9FC9FEA6666A1AE5","[삼성에스디에스]반기보고서_IFRS(원문XBRL)(2021.08.17).zip","28EB7E99A6CF9720A88AA7CD821EBF5E4240D49B62EF70EA3643E812404B838D","1","00126186_2015-02-09.xbrl","00126186_2015-02-09.xbrl",".xbrl","232199","13186","True","False","False","False","False","False","9795263543418B98EC3F7BCD5A7446781CC7E20E33559F4309C814BEBE0F2C3C","PASS",""
"018260","삼성SDS","soph_handoff_samsung_sds_v1_INPUT_PACKAGE_FOR_SOPH.zip","62E6952198DA55E2A57010078CE8694F336E264DB41DC60E9FC9FEA6666A1AE5","[삼성에스디에스]반기보고서_IFRS(원문XBRL)(2021.08.17).zip","28EB7E99A6CF9720A88AA7CD821EBF5E4240D49B62EF70EA3643E812404B838D","2","00126186_entry_point_2015-02-09.xsd","00126186_entry_point_2015-02-09.xsd",".xsd","9050","1343","False","True","False","False","False","False","8124816071E0E533555E07B4555AFF5A59B3D5F386083698127D87819ACF72F1","PASS",""
"018260","삼성SDS","soph_handoff_samsung_sds_v1_INPUT_PACKAGE_FOR_SOPH.zip","62E6952198DA55E2A57010078CE8694F336E264DB41DC60E9FC9FEA6666A1AE5","[삼성에스디에스]반기보고서_IFRS(원문XBRL)(2021.08.17).zip","28EB7E99A6CF9720A88AA7CD821EBF5E4240D49B62EF70EA3643E812404B838D","3","ifrs_for_00126186/dimensions_ifrs_for_00126186/dim_ifrs_for_00126186_2015-02-09.xml","dim_ifrs_for_00126186_2015-02-09.xml",".xml","1455278","62425","True","False","False","False","False","False","AD5A2DD82AC4CD5C66D7AAAA19BBA5436660D78B7B37632A43D77E4B22D260EB","PASS",""
"018260","삼성SDS","soph_handoff_samsung_sds_v1_INPUT_PACKAGE_FOR_SOPH.zip","62E6952198DA55E2A57010078CE8694F336E264DB41DC60E9FC9FEA6666A1AE5","[삼성에스디에스]반기보고서_IFRS(원문XBRL)(2021.08.17).zip","28EB7E99A6CF9720A88AA7CD821EBF5E4240D49B62EF70EA3643E812404B838D","4","ifrs_for_00126186/dimensions_ifrs_for_00126186/cal_ifrs_for_00126186_2015-02-09.xml","cal_ifrs_for_00126186_2015-02-09.xml",".xml","1428103","60091","True","False","False","False","False","False","C367CAB12D348115A761EE19CFBE7549B0410F13581149273B4DF1BEB900B394","PASS",""
"018260","삼성SDS","soph_handoff_samsung_sds_v1_INPUT_PACKAGE_FOR_SOPH.zip","62E6952198DA55E2A57010078CE8694F336E264DB41DC60E9FC9FEA6666A1AE5","[삼성에스디에스]반기보고서_IFRS(원문XBRL)(2021.08.17).zip","28EB7E99A6CF9720A88AA7CD821EBF5E4240D49B62EF70EA3643E812404B838D","5","ifrs_for_00126186/dimensions_ifrs_for_00126186/pre_ifrs_for_00126186_2015-02-09.xml","pre_ifrs_for_00126186_2015-02-09.xml",".xml","1485832","63474","True","False","False","False","False","False","FE09A69790DFE698F7C78737B691F6A18BA5449DF5AA1978FB707DDFE93C5A1E","PASS",""
"018260","삼성SDS","soph_handoff_samsung_sds_v1_INPUT_PACKAGE_FOR_SOPH.zip","62E6952198DA55E2A57010078CE8694F336E264DB41DC60E9FC9FEA6666A1AE5","[삼성에스디에스]반기보고서_IFRS(원문XBRL)(2021.08.17).zip","28EB7E99A6CF9720A88AA7CD821EBF5E4240D49B62EF70EA3643E812404B838D","6","ifrs_for_00126186/dimensions_ifrs_for_00126186/role_ifrs_for_00126186-dim_2015-02-09.xsd","role_ifrs_for_00126186-dim_2015-02-09.xsd",".xsd","649","310","False","True","False","False","False","False","660F783D41F6F3705F3A7F73B1DD7DD38722FE2592BE7123CC3CA2C264667A6D","PASS",""
"018260","삼성SDS","soph_handoff_samsung_sds_v1_INPUT_PACKAGE_FOR_SOPH.zip","62E6952198DA55E2A57010078CE8694F336E264DB41DC60E9FC9FEA6666A1AE5","[삼성에스디에스]반기보고서_IFRS(원문XBRL)(2021.08.17).zip","28EB7E99A6CF9720A88AA7CD821EBF5E4240D49B62EF70EA3643E812404B838D","7","labels/lab_00126186-ko_2015-02-09.xml","lab_00126186-ko_2015-02-09.xml",".xml","86506","5908","True","False","False","False","False","False","E06604421920D78D1487346D0AA9278B34F5514DF61CA28313B41B3B47AA0925","PASS",""
"018260","삼성SDS","soph_handoff_samsung_sds_v1_INPUT_PACKAGE_FOR_SOPH.zip","62E6952198DA55E2A57010078CE8694F336E264DB41DC60E9FC9FEA6666A1AE5","[삼성에스디에스]반기보고서_IFRS(원문XBRL)(2021.08.17).zip","28EB7E99A6CF9720A88AA7CD821EBF5E4240D49B62EF70EA3643E812404B838D","8","labels/lab_00126186-en_2015-02-09.xml","lab_00126186-en_2015-02-09.xml",".xml","31127","2379","True","False","False","False","False","False","3F54BE24E34D702692E6F48B5FB0C0F47C1A686F2F56DDE0D9742262F0177921","PASS",""
"018260","삼성SDS","soph_handoff_samsung_sds_v1_INPUT_PACKAGE_FOR_SOPH.zip","62E6952198DA55E2A57010078CE8694F336E264DB41DC60E9FC9FEA6666A1AE5","[삼성에스디에스]반기보고서_IFRS(원문XBRL)(2022.08.16).zip","924FAF1DF0D19D55C14D809DB917475EFFAE5B8702F37560594C9DF32C31F0B7","1","00126186_2015-02-09.xbrl","00126186_2015-02-09.xbrl",".xbrl","227025","13100","True","False","False","False","False","False","FA4FCA9A1C4CE6F738446CC5AACA8D8F3CECF887CD5D3F6C5A1DBBCADDF9E153","PASS",""
"018260","삼성SDS","soph_handoff_samsung_sds_v1_INPUT_PACKAGE_FOR_SOPH.zip","62E6952198DA55E2A57010078CE8694F336E264DB41DC60E9FC9FEA6666A1AE5","[삼성에스디에스]반기보고서_IFRS(원문XBRL)(2022.08.16).zip","924FAF1DF0D19D55C14D809DB917475EFFAE5B8702F37560594C9DF32C31F0B7","2","00126186_entry_point_2015-02-09.xsd","00126186_entry_point_2015-02-09.xsd",".xsd","9610","1369","False","True","False","False","False","False","DA1595CAE7D9940DC527B8561333D6AAAE4C63958970A0BED50DA0C7C8BFCCBC","PASS",""
"018260","삼성SDS","soph_handoff_samsung_sds_v1_INPUT_PACKAGE_FOR_SOPH.zip","62E6952198DA55E2A57010078CE8694F336E264DB41DC60E9FC9FEA6666A1AE5","[삼성에스디에스]반기보고서_IFRS(원문XBRL)(2022.08.16).zip","924FAF1DF0D19D55C14D809DB917475EFFAE5B8702F37560594C9DF32C31F0B7","3","ifrs_for_00126186/dimensions_ifrs_for_00126186/dim_ifrs_for_00126186_2015-02-09.xml","dim_ifrs_for_00126186_2015-02-09.xml",".xml","1453844","62396","True","False","False","False","False","False","F9949D90B53242F62717E245658310E620A6C2B0D3DB2CBDE99C320AAAB5C86D","PASS",""
"018260","삼성SDS","soph_handoff_samsung_sds_v1_INPUT_PACKAGE_FOR_SOPH.zip","62E6952198DA55E2A57010078CE8694F336E264DB41DC60E9FC9FEA6666A1AE5","[삼성에스디에스]반기보고서_IFRS(원문XBRL)(2022.08.16).zip","924FAF1DF0D19D55C14D809DB917475EFFAE5B8702F37560594C9DF32C31F0B7","4","ifrs_for_00126186/dimensions_ifrs_for_00126186/cal_ifrs_for_00126186_2015-02-09.xml","cal_ifrs_for_00126186_2015-02-09.xml",".xml","1429708","60139","True","False","False","False","False","False","858DDF8F0D6D3A82D3070AE1FDCAC51F3C4C04D28A67A0995E96D9E9A1978971","PASS",""
"018260","삼성SDS","soph_handoff_samsung_sds_v1_INPUT_PACKAGE_FOR_SOPH.zip","62E6952198DA55E2A57010078CE8694F336E264DB41DC60E9FC9FEA6666A1AE5","[삼성에스디에스]반기보고서_IFRS(원문XBRL)(2022.08.16).zip","924FAF1DF0D19D55C14D809DB917475EFFAE5B8702F37560594C9DF32C31F0B7","5","ifrs_for_00126186/dimensions_ifrs_for_00126186/pre_ifrs_for_00126186_2015-02-09.xml","pre_ifrs_for_00126186_2015-02-09.xml",".xml","1484466","63410","True","False","False","False","False","False","43466689A1B727ED2B5EA78B23FF45E54FC820C2A96EEF156144A05A87316F35","PASS",""
"018260","삼성SDS","soph_handoff_samsung_sds_v1_INPUT_PACKAGE_FOR_SOPH.zip","62E6952198DA55E2A57010078CE8694F336E264DB41DC60E9FC9FEA6666A1AE5","[삼성에스디에스]반기보고서_IFRS(원문XBRL)(2022.08.16).zip","924FAF1DF0D19D55C14D809DB917475EFFAE5B8702F37560594C9DF32C31F0B7","6","ifrs_for_00126186/dimensions_ifrs_for_00126186/role_ifrs_for_00126186-dim_2015-02-09.xsd","role_ifrs_for_00126186-dim_2015-02-09.xsd",".xsd","649","310","False","True","False","False","False","False","660F783D41F6F3705F3A7F73B1DD7DD38722FE2592BE7123CC3CA2C264667A6D","PASS",""
"018260","삼성SDS","soph_handoff_samsung_sds_v1_INPUT_PACKAGE_FOR_SOPH.zip","62E6952198DA55E2A57010078CE8694F336E264DB41DC60E9FC9FEA6666A1AE5","[삼성에스디에스]반기보고서_IFRS(원문XBRL)(2022.08.16).zip","924FAF1DF0D19D55C14D809DB917475EFFAE5B8702F37560594C9DF32C31F0B7","7","labels/lab_00126186-ko_2015-02-09.xml","lab_00126186-ko_2015-02-09.xml",".xml","84837","5728","True","False","False","False","False","False","BE285B43C2F6CD4A1EA6B01423707348712136F6AA37F83A242F6C1B0A2A2192","PASS",""
"018260","삼성SDS","soph_handoff_samsung_sds_v1_INPUT_PACKAGE_FOR_SOPH.zip","62E6952198DA55E2A57010078CE8694F336E264DB41DC60E9FC9FEA6666A1AE5","[삼성에스디에스]반기보고서_IFRS(원문XBRL)(2022.08.16).zip","924FAF1DF0D19D55C14D809DB917475EFFAE5B8702F37560594C9DF32C31F0B7","8","labels/lab_00126186-en_2015-02-09.xml","lab_00126186-en_2015-02-09.xml",".xml","33758","2435","True","False","False","False","False","False","971D05D2041FBC130B202FEBB6E46BE216E7572D2D069B26BAF03C6F2E487B22","PASS",""
"018260","삼성SDS","soph_handoff_samsung_sds_v1_INPUT_PACKAGE_FOR_SOPH.zip","62E6952198DA55E2A57010078CE8694F336E264DB41DC60E9FC9FEA6666A1AE5","[삼성에스디에스]반기보고서_IFRS(원문XBRL)(2023.08.14).zip","110A219265182D7A6774DBF59DF8EA02602D53FA05F7A2390D488C76F96F5C5E","1","00126186_2015-02-09.xbrl","00126186_2015-02-09.xbrl",".xbrl","232658","13360","True","False","False","False","False","False","2F1BEDD27C86B77D3A219C074A533D61F02E540E9E83CEC7799DAC1D00978CDD","PASS",""
"018260","삼성SDS","soph_handoff_samsung_sds_v1_INPUT_PACKAGE_FOR_SOPH.zip","62E6952198DA55E2A57010078CE8694F336E264DB41DC60E9FC9FEA6666A1AE5","[삼성에스디에스]반기보고서_IFRS(원문XBRL)(2023.08.14).zip","110A219265182D7A6774DBF59DF8EA02602D53FA05F7A2390D488C76F96F5C5E","2","00126186_entry_point_2015-02-09.xsd","00126186_entry_point_2015-02-09.xsd",".xsd","11502","1449","False","True","False","False","False","False","7C3AF9DD756BCF6FECDE98A95E61662CA87921E4E8AA885E00DDC89655C265CC","PASS",""
"018260","삼성SDS","soph_handoff_samsung_sds_v1_INPUT_PACKAGE_FOR_SOPH.zip","62E6952198DA55E2A57010078CE8694F336E264DB41DC60E9FC9FEA6666A1AE5","[삼성에스디에스]반기보고서_IFRS(원문XBRL)(2023.08.14).zip","110A219265182D7A6774DBF59DF8EA02602D53FA05F7A2390D488C76F96F5C5E","3","ifrs_for_00126186/dimensions_ifrs_for_00126186/dim_ifrs_for_00126186_2015-02-09.xml","dim_ifrs_for_00126186_2015-02-09.xml",".xml","1459265","62803","True","False","False","False","False","False","C2856FE3B8081517088E4354DB19778A82C710F12F9DC981E3C6AC5FC9F38CE2","PASS",""
"018260","삼성SDS","soph_handoff_samsung_sds_v1_INPUT_PACKAGE_FOR_SOPH.zip","62E6952198DA55E2A57010078CE8694F336E264DB41DC60E9FC9FEA6666A1AE5","[삼성에스디에스]반기보고서_IFRS(원문XBRL)(2023.08.14).zip","110A219265182D7A6774DBF59DF8EA02602D53FA05F7A2390D488C76F96F5C5E","4","ifrs_for_00126186/dimensions_ifrs_for_00126186/cal_ifrs_for_00126186_2015-02-09.xml","cal_ifrs_for_00126186_2015-02-09.xml",".xml","1433236","60281","True","False","False","False","False","False","F76182889894B49B7F42D4421616D58DE6CDE62CE8AC78066537DA3749C28378","PASS",""
"018260","삼성SDS","soph_handoff_samsung_sds_v1_INPUT_PACKAGE_FOR_SOPH.zip","62E6952198DA55E2A57010078CE8694F336E264DB41DC60E9FC9FEA6666A1AE5","[삼성에스디에스]반기보고서_IFRS(원문XBRL)(2023.08.14).zip","110A219265182D7A6774DBF59DF8EA02602D53FA05F7A2390D488C76F96F5C5E","5","ifrs_for_00126186/dimensions_ifrs_for_00126186/pre_ifrs_for_00126186_2015-02-09.xml","pre_ifrs_for_00126186_2015-02-09.xml",".xml","1489750","63827","True","False","False","False","False","False","DA2F50A8B7AA8BC8A7AB439268B5FF18768C47FD0700791CD792C2709D2FE259","PASS",""
"018260","삼성SDS","soph_handoff_samsung_sds_v1_INPUT_PACKAGE_FOR_SOPH.zip","62E6952198DA55E2A57010078CE8694F336E264DB41DC60E9FC9FEA6666A1AE5","[삼성에스디에스]반기보고서_IFRS(원문XBRL)(2023.08.14).zip","110A219265182D7A6774DBF59DF8EA02602D53FA05F7A2390D488C76F96F5C5E","6","ifrs_for_00126186/dimensions_ifrs_for_00126186/role_ifrs_for_00126186-dim_2015-02-09.xsd","role_ifrs_for_00126186-dim_2015-02-09.xsd",".xsd","649","310","False","True","False","False","False","False","660F783D41F6F3705F3A7F73B1DD7DD38722FE2592BE7123CC3CA2C264667A6D","PASS",""
"018260","삼성SDS","soph_handoff_samsung_sds_v1_INPUT_PACKAGE_FOR_SOPH.zip","62E6952198DA55E2A57010078CE8694F336E264DB41DC60E9FC9FEA6666A1AE5","[삼성에스디에스]반기보고서_IFRS(원문XBRL)(2023.08.14).zip","110A219265182D7A6774DBF59DF8EA02602D53FA05F7A2390D488C76F96F5C5E","7","labels/lab_00126186-ko_2015-02-09.xml","lab_00126186-ko_2015-02-09.xml",".xml","91201","5915","True","False","False","False","False","False","0F74255271A5465CF79F26C906CA03243B2ADCA3D370934C48C5E22EAB531A86","PASS",""
"018260","삼성SDS","soph_handoff_samsung_sds_v1_INPUT_PACKAGE_FOR_SOPH.zip","62E6952198DA55E2A57010078CE8694F336E264DB41DC60E9FC9FEA6666A1AE5","[삼성에스디에스]반기보고서_IFRS(원문XBRL)(2023.08.14).zip","110A219265182D7A6774DBF59DF8EA02602D53FA05F7A2390D488C76F96F5C5E","8","labels/lab_00126186-en_2015-02-09.xml","lab_00126186-en_2015-02-09.xml",".xml","39450","2578","True","False","False","False","False","False","4528E7D26AECEF26DD2D059AFB8B72F8DC87388080D6076BF1AE4D3E79CDEE83","PASS",""
"018260","삼성SDS","soph_handoff_samsung_sds_v1_INPUT_PACKAGE_FOR_SOPH.zip","62E6952198DA55E2A57010078CE8694F336E264DB41DC60E9FC9FEA6666A1AE5","[삼성에스디에스]반기보고서_IFRS(원문XBRL)(2024.08.14).zip","E6973140930B95703BEAF40BE7CCBEA31C4C2B96AF64CF4E02FC8E2D7C43EC1B","1","entity00126186_2024-06-30.xbrl","entity00126186_2024-06-30.xbrl",".xbrl","4839354","210251","True","False","False","False","False","False","A84ADEBF452CF81D6722C268167BB80E5505FFBB7B183A1831A34E6530C8D662","PASS",""
"018260","삼성SDS","soph_handoff_samsung_sds_v1_INPUT_PACKAGE_FOR_SOPH.zip","62E6952198DA55E2A57010078CE8694F336E264DB41DC60E9FC9FEA6666A1AE5","[삼성에스디에스]반기보고서_IFRS(원문XBRL)(2024.08.14).zip","E6973140930B95703BEAF40BE7CCBEA31C4C2B96AF64CF4E02FC8E2D7C43EC1B","2","entity00126186_2024-06-30.xsd","entity00126186_2024-06-30.xsd",".xsd","487304","28046","False","True","False","False","False","False","7378C29A3AAEB23DC20CD5FD5CB8C26AEE5AF2CF4FA87662BE1F13AD1F17B5FB","PASS",""
"018260","삼성SDS","soph_handoff_samsung_sds_v1_INPUT_PACKAGE_FOR_SOPH.zip","62E6952198DA55E2A57010078CE8694F336E264DB41DC60E9FC9FEA6666A1AE5","[삼성에스디에스]반기보고서_IFRS(원문XBRL)(2024.08.14).zip","E6973140930B95703BEAF40BE7CCBEA31C4C2B96AF64CF4E02FC8E2D7C43EC1B","3","entity00126186_2024-06-30_def.xml","entity00126186_2024-06-30_def.xml",".xml","3707796","126006","False","False","False","False","False","True","CCEBEA051F1C4D9B2478E9A92650EA64E2567F0EEB97A5CEE6C02981CBACCDB2","PASS",""
"018260","삼성SDS","soph_handoff_samsung_sds_v1_INPUT_PACKAGE_FOR_SOPH.zip","62E6952198DA55E2A57010078CE8694F336E264DB41DC60E9FC9FEA6666A1AE5","[삼성에스디에스]반기보고서_IFRS(원문XBRL)(2024.08.14).zip","E6973140930B95703BEAF40BE7CCBEA31C4C2B96AF64CF4E02FC8E2D7C43EC1B","4","entity00126186_2024-06-30_cal.xml","entity00126186_2024-06-30_cal.xml",".xml","134718","5979","False","False","False","False","True","False","0027B548109A333361C70AF2B2FC27C91DE08A01C84C488B79CAB091310277E6","PASS",""
"018260","삼성SDS","soph_handoff_samsung_sds_v1_INPUT_PACKAGE_FOR_SOPH.zip","62E6952198DA55E2A57010078CE8694F336E264DB41DC60E9FC9FEA6666A1AE5","[삼성에스디에스]반기보고서_IFRS(원문XBRL)(2024.08.14).zip","E6973140930B95703BEAF40BE7CCBEA31C4C2B96AF64CF4E02FC8E2D7C43EC1B","5","entity00126186_2024-06-30_pre.xml","entity00126186_2024-06-30_pre.xml",".xml","2726617","109529","False","False","False","True","False","False","7FDEB1DAEB4950EE4856C427DBC55EB7782E28AEF4026EB1B14CD35BF360A59C","PASS",""
"018260","삼성SDS","soph_handoff_samsung_sds_v1_INPUT_PACKAGE_FOR_SOPH.zip","62E6952198DA55E2A57010078CE8694F336E264DB41DC60E9FC9FEA6666A1AE5","[삼성에스디에스]반기보고서_IFRS(원문XBRL)(2024.08.14).zip","E6973140930B95703BEAF40BE7CCBEA31C4C2B96AF64CF4E02FC8E2D7C43EC1B","6","entity00126186_2024-06-30_lab-ko.xml","entity00126186_2024-06-30_lab-ko.xml",".xml","4052656","163413","False","False","True","False","False","False","8F5F79874C2A1C6935243A59DA6D69AB289608C9016155DE6D155FC503874389","PASS",""
"018260","삼성SDS","soph_handoff_samsung_sds_v1_INPUT_PACKAGE_FOR_SOPH.zip","62E6952198DA55E2A57010078CE8694F336E264DB41DC60E9FC9FEA6666A1AE5","[삼성에스디에스]반기보고서_IFRS(원문XBRL)(2024.08.14).zip","E6973140930B95703BEAF40BE7CCBEA31C4C2B96AF64CF4E02FC8E2D7C43EC1B","7","entity00126186_2024-06-30_lab-en.xml","entity00126186_2024-06-30_lab-en.xml",".xml","4097735","153256","False","False","True","False","False","False","2AE65B4D337E1E9C4C6320B9EDDF4C73419C997ECC75310AC0F94B7CDBFFDC19","PASS",""
"018260","삼성SDS","soph_handoff_samsung_sds_v1_INPUT_PACKAGE_FOR_SOPH.zip","62E6952198DA55E2A57010078CE8694F336E264DB41DC60E9FC9FEA6666A1AE5","[삼성에스디에스]반기보고서_IFRS(원문XBRL)(2025.08.14).zip","A37C59376BD78AF672645A59EE0031382E9E4E0E197A4C611F40F9E1E3715642","1","entity00126186_2025-06-30.xbrl","entity00126186_2025-06-30.xbrl",".xbrl","3243969","158601","True","False","False","False","False","False","9160E271D3230BC8B4503D0A8DEDAB25542358BCBAF1EC9E7BAB1B109649B680","PASS",""
"018260","삼성SDS","soph_handoff_samsung_sds_v1_INPUT_PACKAGE_FOR_SOPH.zip","62E6952198DA55E2A57010078CE8694F336E264DB41DC60E9FC9FEA6666A1AE5","[삼성에스디에스]반기보고서_IFRS(원문XBRL)(2025.08.14).zip","A37C59376BD78AF672645A59EE0031382E9E4E0E197A4C611F40F9E1E3715642","2","entity00126186_2025-06-30.xsd","entity00126186_2025-06-30.xsd",".xsd","290896","20678","False","True","False","False","False","False","1920FAB89518DE6A57B0EDC529482DCF7698254B4B2C8DEABFC4D5EFCCBC51FB","PASS",""
"018260","삼성SDS","soph_handoff_samsung_sds_v1_INPUT_PACKAGE_FOR_SOPH.zip","62E6952198DA55E2A57010078CE8694F336E264DB41DC60E9FC9FEA6666A1AE5","[삼성에스디에스]반기보고서_IFRS(원문XBRL)(2025.08.14).zip","A37C59376BD78AF672645A59EE0031382E9E4E0E197A4C611F40F9E1E3715642","3","entity00126186_2025-06-30_def.xml","entity00126186_2025-06-30_def.xml",".xml","3067530","104574","False","False","False","False","False","True","0A404628488FE811D45D34C261BF61C4AE27BF8FDB74EF54B2B11A47AD0ABB0C","PASS",""
"018260","삼성SDS","soph_handoff_samsung_sds_v1_INPUT_PACKAGE_FOR_SOPH.zip","62E6952198DA55E2A57010078CE8694F336E264DB41DC60E9FC9FEA6666A1AE5","[삼성에스디에스]반기보고서_IFRS(원문XBRL)(2025.08.14).zip","A37C59376BD78AF672645A59EE0031382E9E4E0E197A4C611F40F9E1E3715642","4","entity00126186_2025-06-30_cal.xml","entity00126186_2025-06-30_cal.xml",".xml","135072","6088","False","False","False","False","True","False","9FE32F10B3B8B1904EB8AE65DC9A401E813B563F3A38417F5CB7D5A5AE206A9E","PASS",""
"018260","삼성SDS","soph_handoff_samsung_sds_v1_INPUT_PACKAGE_FOR_SOPH.zip","62E6952198DA55E2A57010078CE8694F336E264DB41DC60E9FC9FEA6666A1AE5","[삼성에스디에스]반기보고서_IFRS(원문XBRL)(2025.08.14).zip","A37C59376BD78AF672645A59EE0031382E9E4E0E197A4C611F40F9E1E3715642","5","entity00126186_2025-06-30_pre.xml","entity00126186_2025-06-30_pre.xml",".xml","2153724","89433","False","False","False","True","False","False","BEF6DE92647342385AE8E1D1F003933DC8AB96ED7ACD691D85B1782EA015FDA5","PASS",""
"018260","삼성SDS","soph_handoff_samsung_sds_v1_INPUT_PACKAGE_FOR_SOPH.zip","62E6952198DA55E2A57010078CE8694F336E264DB41DC60E9FC9FEA6666A1AE5","[삼성에스디에스]반기보고서_IFRS(원문XBRL)(2025.08.14).zip","A37C59376BD78AF672645A59EE0031382E9E4E0E197A4C611F40F9E1E3715642","6","entity00126186_2025-06-30_lab-ko.xml","entity00126186_2025-06-30_lab-ko.xml",".xml","2856220","122988","False","False","True","False","False","False","CA7793037133A84CC9BB4AAF195022DD4D52F62A89B6F78C4924F45CDEF927A1","PASS",""
"018260","삼성SDS","soph_handoff_samsung_sds_v1_INPUT_PACKAGE_FOR_SOPH.zip","62E6952198DA55E2A57010078CE8694F336E264DB41DC60E9FC9FEA6666A1AE5","[삼성에스디에스]반기보고서_IFRS(원문XBRL)(2025.08.14).zip","A37C59376BD78AF672645A59EE0031382E9E4E0E197A4C611F40F9E1E3715642","7","entity00126186_2025-06-30_lab-en.xml","entity00126186_2025-06-30_lab-en.xml",".xml","2899299","115065","False","False","True","False","False","False","A4089B15B66A866D059FE4A4099CAE93FC47C334E61D20E449BE23965719E31B","PASS",""
"018260","삼성SDS","soph_handoff_samsung_sds_v1_INPUT_PACKAGE_FOR_SOPH.zip","62E6952198DA55E2A57010078CE8694F336E264DB41DC60E9FC9FEA6666A1AE5","[삼성에스디에스]분기보고서_IFRS(원문XBRL)(2020.11.16).zip","98768F5F5E4EA7663C40BD3BDABB28F999411CA42F79FDDDD95C6CB3C9A51B0B","1","00126186_2015-02-09.xbrl","00126186_2015-02-09.xbrl",".xbrl","235794","13434","True","False","False","False","False","False","BE21543EDEBF7D0591A4198C68B13942B6C7EF7C3326D227F7615F0BC8DCA932","PASS",""
"018260","삼성SDS","soph_handoff_samsung_sds_v1_INPUT_PACKAGE_FOR_SOPH.zip","62E6952198DA55E2A57010078CE8694F336E264DB41DC60E9FC9FEA6666A1AE5","[삼성에스디에스]분기보고서_IFRS(원문XBRL)(2020.11.16).zip","98768F5F5E4EA7663C40BD3BDABB28F999411CA42F79FDDDD95C6CB3C9A51B0B","2","00126186_entry_point_2015-02-09.xsd","00126186_entry_point_2015-02-09.xsd",".xsd","7190","1192","False","True","False","False","False","False","A76768252319964D88679E8606FF1BB1BCEFF126C923266C1B2AC5094C74139E","PASS",""
"018260","삼성SDS","soph_handoff_samsung_sds_v1_INPUT_PACKAGE_FOR_SOPH.zip","62E6952198DA55E2A57010078CE8694F336E264DB41DC60E9FC9FEA6666A1AE5","[삼성에스디에스]분기보고서_IFRS(원문XBRL)(2020.11.16).zip","98768F5F5E4EA7663C40BD3BDABB28F999411CA42F79FDDDD95C6CB3C9A51B0B","3","ifrs_for_00126186/dimensions_ifrs_for_00126186/dim_ifrs_for_00126186_2015-02-09.xml","dim_ifrs_for_00126186_2015-02-09.xml",".xml","1457491","62326","True","False","False","False","False","False","04AE6AF4A48A4AB8EB6F31086B8DA2A7413B32BAF59510D0A2CCB96BACFCB14A","PASS",""
"018260","삼성SDS","soph_handoff_samsung_sds_v1_INPUT_PACKAGE_FOR_SOPH.zip","62E6952198DA55E2A57010078CE8694F336E264DB41DC60E9FC9FEA6666A1AE5","[삼성에스디에스]분기보고서_IFRS(원문XBRL)(2020.11.16).zip","98768F5F5E4EA7663C40BD3BDABB28F999411CA42F79FDDDD95C6CB3C9A51B0B","4","ifrs_for_00126186/dimensions_ifrs_for_00126186/cal_ifrs_for_00126186_2015-02-09.xml","cal_ifrs_for_00126186_2015-02-09.xml",".xml","1417805","59486","True","False","False","False","False","False","2849D7192A5166F7FB7DA8C02F1BC067C38F4682053B88F5D856A749D46B8CA4","PASS",""
"018260","삼성SDS","soph_handoff_samsung_sds_v1_INPUT_PACKAGE_FOR_SOPH.zip","62E6952198DA55E2A57010078CE8694F336E264DB41DC60E9FC9FEA6666A1AE5","[삼성에스디에스]분기보고서_IFRS(원문XBRL)(2020.11.16).zip","98768F5F5E4EA7663C40BD3BDABB28F999411CA42F79FDDDD95C6CB3C9A51B0B","5","ifrs_for_00126186/dimensions_ifrs_for_00126186/pre_ifrs_for_00126186_2015-02-09.xml","pre_ifrs_for_00126186_2015-02-09.xml",".xml","1488212","63335","True","False","False","False","False","False","C3DF6902B911BC3BB261DDC36404E2E835B7415FD8E783A9FEACDA4BD87FDD26","PASS",""
"018260","삼성SDS","soph_handoff_samsung_sds_v1_INPUT_PACKAGE_FOR_SOPH.zip","62E6952198DA55E2A57010078CE8694F336E264DB41DC60E9FC9FEA6666A1AE5","[삼성에스디에스]분기보고서_IFRS(원문XBRL)(2020.11.16).zip","98768F5F5E4EA7663C40BD3BDABB28F999411CA42F79FDDDD95C6CB3C9A51B0B","6","ifrs_for_00126186/dimensions_ifrs_for_00126186/role_ifrs_for_00126186-dim_2015-02-09.xsd","role_ifrs_for_00126186-dim_2015-02-09.xsd",".xsd","649","310","False","True","False","False","False","False","660F783D41F6F3705F3A7F73B1DD7DD38722FE2592BE7123CC3CA2C264667A6D","PASS",""
"018260","삼성SDS","soph_handoff_samsung_sds_v1_INPUT_PACKAGE_FOR_SOPH.zip","62E6952198DA55E2A57010078CE8694F336E264DB41DC60E9FC9FEA6666A1AE5","[삼성에스디에스]분기보고서_IFRS(원문XBRL)(2020.11.16).zip","98768F5F5E4EA7663C40BD3BDABB28F999411CA42F79FDDDD95C6CB3C9A51B0B","7","labels/lab_00126186-ko_2015-02-09.xml","lab_00126186-ko_2015-02-09.xml",".xml","87588","6030","True","False","False","False","False","False","A369249267073519F06A8249BF1FD039033CD6FEBFCA4BFB7FA63E18DDFC9635","PASS",""
"018260","삼성SDS","soph_handoff_samsung_sds_v1_INPUT_PACKAGE_FOR_SOPH.zip","62E6952198DA55E2A57010078CE8694F336E264DB41DC60E9FC9FEA6666A1AE5","[삼성에스디에스]분기보고서_IFRS(원문XBRL)(2020.11.16).zip","98768F5F5E4EA7663C40BD3BDABB28F999411CA42F79FDDDD95C6CB3C9A51B0B","8","labels/lab_00126186-en_2015-02-09.xml","lab_00126186-en_2015-02-09.xml",".xml","23314","1967","True","False","False","False","False","False","4C3498C5C38BDB03CDA182C8DE5306477AF96C7FA6885C04A14FE2B888CCB0F5","PASS",""
"018260","삼성SDS","soph_handoff_samsung_sds_v1_INPUT_PACKAGE_FOR_SOPH.zip","62E6952198DA55E2A57010078CE8694F336E264DB41DC60E9FC9FEA6666A1AE5","[삼성에스디에스]분기보고서_IFRS(원문XBRL)(2021.05.17).zip","A26950D2D703BDCABC8AC985E384EDF64CFC0F6DA6B531F4A74159F34EE48C11","1","00126186_2015-02-09.xbrl","00126186_2015-02-09.xbrl",".xbrl","226489","12066","True","False","False","False","False","False","A72B4B4F1FAD2C3BCDF7008D95C821C5F447CE9B409448B6DB22822DE86D765A","PASS",""
"018260","삼성SDS","soph_handoff_samsung_sds_v1_INPUT_PACKAGE_FOR_SOPH.zip","62E6952198DA55E2A57010078CE8694F336E264DB41DC60E9FC9FEA6666A1AE5","[삼성에스디에스]분기보고서_IFRS(원문XBRL)(2021.05.17).zip","A26950D2D703BDCABC8AC985E384EDF64CFC0F6DA6B531F4A74159F34EE48C11","2","00126186_entry_point_2015-02-09.xsd","00126186_entry_point_2015-02-09.xsd",".xsd","8422","1318","False","True","False","False","False","False","F0CBCAEE3A3D5E1D145B5159853C7401C1D27A4B849952741966DDC0CB94323E","PASS",""
"018260","삼성SDS","soph_handoff_samsung_sds_v1_INPUT_PACKAGE_FOR_SOPH.zip","62E6952198DA55E2A57010078CE8694F336E264DB41DC60E9FC9FEA6666A1AE5","[삼성에스디에스]분기보고서_IFRS(원문XBRL)(2021.05.17).zip","A26950D2D703BDCABC8AC985E384EDF64CFC0F6DA6B531F4A74159F34EE48C11","3","ifrs_for_00126186/dimensions_ifrs_for_00126186/dim_ifrs_for_00126186_2015-02-09.xml","dim_ifrs_for_00126186_2015-02-09.xml",".xml","1450768","62271","True","False","False","False","False","False","8B20A7B1EA3798C4742C2BD06A112C789FA0623C98AE3837DAB96F2E055DDDAF","PASS",""
"018260","삼성SDS","soph_handoff_samsung_sds_v1_INPUT_PACKAGE_FOR_SOPH.zip","62E6952198DA55E2A57010078CE8694F336E264DB41DC60E9FC9FEA6666A1AE5","[삼성에스디에스]분기보고서_IFRS(원문XBRL)(2021.05.17).zip","A26950D2D703BDCABC8AC985E384EDF64CFC0F6DA6B531F4A74159F34EE48C11","4","ifrs_for_00126186/dimensions_ifrs_for_00126186/cal_ifrs_for_00126186_2015-02-09.xml","cal_ifrs_for_00126186_2015-02-09.xml",".xml","1430155","60116","True","False","False","False","False","False","AE7A27ADF6B31A9A0687B03B24CFB7244E038F7F1E4E2C38DB945939D145BDC0","PASS",""
"018260","삼성SDS","soph_handoff_samsung_sds_v1_INPUT_PACKAGE_FOR_SOPH.zip","62E6952198DA55E2A57010078CE8694F336E264DB41DC60E9FC9FEA6666A1AE5","[삼성에스디에스]분기보고서_IFRS(원문XBRL)(2021.05.17).zip","A26950D2D703BDCABC8AC985E384EDF64CFC0F6DA6B531F4A74159F34EE48C11","5","ifrs_for_00126186/dimensions_ifrs_for_00126186/pre_ifrs_for_00126186_2015-02-09.xml","pre_ifrs_for_00126186_2015-02-09.xml",".xml","1481132","63264","True","False","False","False","False","False","7DC83857D06258F28614B9757E67CB1198DD28C13A5A9DA9A1BD8141F29BB9AB","PASS",""
"018260","삼성SDS","soph_handoff_samsung_sds_v1_INPUT_PACKAGE_FOR_SOPH.zip","62E6952198DA55E2A57010078CE8694F336E264DB41DC60E9FC9FEA6666A1AE5","[삼성에스디에스]분기보고서_IFRS(원문XBRL)(2021.05.17).zip","A26950D2D703BDCABC8AC985E384EDF64CFC0F6DA6B531F4A74159F34EE48C11","6","ifrs_for_00126186/dimensions_ifrs_for_00126186/role_ifrs_for_00126186-dim_2015-02-09.xsd","role_ifrs_for_00126186-dim_2015-02-09.xsd",".xsd","649","310","False","True","False","False","False","False","660F783D41F6F3705F3A7F73B1DD7DD38722FE2592BE7123CC3CA2C264667A6D","PASS",""
"018260","삼성SDS","soph_handoff_samsung_sds_v1_INPUT_PACKAGE_FOR_SOPH.zip","62E6952198DA55E2A57010078CE8694F336E264DB41DC60E9FC9FEA6666A1AE5","[삼성에스디에스]분기보고서_IFRS(원문XBRL)(2021.05.17).zip","A26950D2D703BDCABC8AC985E384EDF64CFC0F6DA6B531F4A74159F34EE48C11","7","labels/lab_00126186-ko_2015-02-09.xml","lab_00126186-ko_2015-02-09.xml",".xml","82294","5649","True","False","False","False","False","False","A2C0BE89EFEDDC8C833BEDE5C440CC1516227AE6B7DCD84EB91741BFD4A248CD","PASS",""
"018260","삼성SDS","soph_handoff_samsung_sds_v1_INPUT_PACKAGE_FOR_SOPH.zip","62E6952198DA55E2A57010078CE8694F336E264DB41DC60E9FC9FEA6666A1AE5","[삼성에스디에스]분기보고서_IFRS(원문XBRL)(2021.05.17).zip","A26950D2D703BDCABC8AC985E384EDF64CFC0F6DA6B531F4A74159F34EE48C11","8","labels/lab_00126186-en_2015-02-09.xml","lab_00126186-en_2015-02-09.xml",".xml","28214","2223","True","False","False","False","False","False","B419D5F83F92C7FBBB91D7D3381C5C270979518FF49999C734EBFEADEBF26BDB","PASS",""
"018260","삼성SDS","soph_handoff_samsung_sds_v1_INPUT_PACKAGE_FOR_SOPH.zip","62E6952198DA55E2A57010078CE8694F336E264DB41DC60E9FC9FEA6666A1AE5","[삼성에스디에스]분기보고서_IFRS(원문XBRL)(2021.11.15).zip","A91B49149E96673D16E2724CC4F06E6E88C1532F47F1359D6D1C0FDF94046E97","1","00126186_2015-02-09.xbrl","00126186_2015-02-09.xbrl",".xbrl","231764","13213","True","False","False","False","False","False","8825FF77DB35F6E90DE1F82F921259101EF6DB7B00E1F77A6CEFF1B992C5DD4D","PASS",""
"018260","삼성SDS","soph_handoff_samsung_sds_v1_INPUT_PACKAGE_FOR_SOPH.zip","62E6952198DA55E2A57010078CE8694F336E264DB41DC60E9FC9FEA6666A1AE5","[삼성에스디에스]분기보고서_IFRS(원문XBRL)(2021.11.15).zip","A91B49149E96673D16E2724CC4F06E6E88C1532F47F1359D6D1C0FDF94046E97","2","00126186_entry_point_2015-02-09.xsd","00126186_entry_point_2015-02-09.xsd",".xsd","8742","1329","False","True","False","False","False","False","20D2CB696850D8128076D496DD1EE610E80CB229B142CBA4FA72103522C3A571","PASS",""
"018260","삼성SDS","soph_handoff_samsung_sds_v1_INPUT_PACKAGE_FOR_SOPH.zip","62E6952198DA55E2A57010078CE8694F336E264DB41DC60E9FC9FEA6666A1AE5","[삼성에스디에스]분기보고서_IFRS(원문XBRL)(2021.11.15).zip","A91B49149E96673D16E2724CC4F06E6E88C1532F47F1359D6D1C0FDF94046E97","3","ifrs_for_00126186/dimensions_ifrs_for_00126186/dim_ifrs_for_00126186_2015-02-09.xml","dim_ifrs_for_00126186_2015-02-09.xml",".xml","1453588","62319","True","False","False","False","False","False","5D500E035574DB3A239D90FDF90A575884111CDFE4581C77075E20E82464D856","PASS",""
"018260","삼성SDS","soph_handoff_samsung_sds_v1_INPUT_PACKAGE_FOR_SOPH.zip","62E6952198DA55E2A57010078CE8694F336E264DB41DC60E9FC9FEA6666A1AE5","[삼성에스디에스]분기보고서_IFRS(원문XBRL)(2021.11.15).zip","A91B49149E96673D16E2724CC4F06E6E88C1532F47F1359D6D1C0FDF94046E97","4","ifrs_for_00126186/dimensions_ifrs_for_00126186/cal_ifrs_for_00126186_2015-02-09.xml","cal_ifrs_for_00126186_2015-02-09.xml",".xml","1427406","59986","True","False","False","False","False","False","904EADD6150FB0CF25B19031BE83AB7E716042B73FC8C414B8B11C4471E04834","PASS",""
"018260","삼성SDS","soph_handoff_samsung_sds_v1_INPUT_PACKAGE_FOR_SOPH.zip","62E6952198DA55E2A57010078CE8694F336E264DB41DC60E9FC9FEA6666A1AE5","[삼성에스디에스]분기보고서_IFRS(원문XBRL)(2021.11.15).zip","A91B49149E96673D16E2724CC4F06E6E88C1532F47F1359D6D1C0FDF94046E97","5","ifrs_for_00126186/dimensions_ifrs_for_00126186/pre_ifrs_for_00126186_2015-02-09.xml","pre_ifrs_for_00126186_2015-02-09.xml",".xml","1484149","63347","True","False","False","False","False","False","94E2381F5793B11AE2E49286528EA03C3B3B72036149D0564AC746AC1AC747C6","PASS",""
"018260","삼성SDS","soph_handoff_samsung_sds_v1_INPUT_PACKAGE_FOR_SOPH.zip","62E6952198DA55E2A57010078CE8694F336E264DB41DC60E9FC9FEA6666A1AE5","[삼성에스디에스]분기보고서_IFRS(원문XBRL)(2021.11.15).zip","A91B49149E96673D16E2724CC4F06E6E88C1532F47F1359D6D1C0FDF94046E97","6","ifrs_for_00126186/dimensions_ifrs_for_00126186/role_ifrs_for_00126186-dim_2015-02-09.xsd","role_ifrs_for_00126186-dim_2015-02-09.xsd",".xsd","649","310","False","True","False","False","False","False","660F783D41F6F3705F3A7F73B1DD7DD38722FE2592BE7123CC3CA2C264667A6D","PASS",""
"018260","삼성SDS","soph_handoff_samsung_sds_v1_INPUT_PACKAGE_FOR_SOPH.zip","62E6952198DA55E2A57010078CE8694F336E264DB41DC60E9FC9FEA6666A1AE5","[삼성에스디에스]분기보고서_IFRS(원문XBRL)(2021.11.15).zip","A91B49149E96673D16E2724CC4F06E6E88C1532F47F1359D6D1C0FDF94046E97","7","labels/lab_00126186-ko_2015-02-09.xml","lab_00126186-ko_2015-02-09.xml",".xml","85913","5859","True","False","False","False","False","False","1F79341A72305491E01BE991243694C623F060DDB2D7B073980C8B8F7154D57A","PASS",""
"018260","삼성SDS","soph_handoff_samsung_sds_v1_INPUT_PACKAGE_FOR_SOPH.zip","62E6952198DA55E2A57010078CE8694F336E264DB41DC60E9FC9FEA6666A1AE5","[삼성에스디에스]분기보고서_IFRS(원문XBRL)(2021.11.15).zip","A91B49149E96673D16E2724CC4F06E6E88C1532F47F1359D6D1C0FDF94046E97","8","labels/lab_00126186-en_2015-02-09.xml","lab_00126186-en_2015-02-09.xml",".xml","29675","2304","True","False","False","False","False","False","47246175E11550AA8E51171A16D004C2B271A5B2FD97F3473A3DC6BDA5028EB2","PASS",""
"018260","삼성SDS","soph_handoff_samsung_sds_v1_INPUT_PACKAGE_FOR_SOPH.zip","62E6952198DA55E2A57010078CE8694F336E264DB41DC60E9FC9FEA6666A1AE5","[삼성에스디에스]분기보고서_IFRS(원문XBRL)(2022.05.16).zip","EDBCE9D0A2EA11B56971BD445A67E1B3716E601E589741D2BBA0B45584CF5691","1","00126186_2015-02-09.xbrl","00126186_2015-02-09.xbrl",".xbrl","223635","11952","True","False","False","False","False","False","D9BA22D79FD50504275A4DEF39E8918BB1DF6A64432E95D1C3D7179D36E5D490","PASS",""
"018260","삼성SDS","soph_handoff_samsung_sds_v1_INPUT_PACKAGE_FOR_SOPH.zip","62E6952198DA55E2A57010078CE8694F336E264DB41DC60E9FC9FEA6666A1AE5","[삼성에스디에스]분기보고서_IFRS(원문XBRL)(2022.05.16).zip","EDBCE9D0A2EA11B56971BD445A67E1B3716E601E589741D2BBA0B45584CF5691","2","00126186_entry_point_2015-02-09.xsd","00126186_entry_point_2015-02-09.xsd",".xsd","8356","1307","False","True","False","False","False","False","EAF179E665300460F0BC1E5981DAEB014D1068729E90815DF66088186527ADB2","PASS",""
"018260","삼성SDS","soph_handoff_samsung_sds_v1_INPUT_PACKAGE_FOR_SOPH.zip","62E6952198DA55E2A57010078CE8694F336E264DB41DC60E9FC9FEA6666A1AE5","[삼성에스디에스]분기보고서_IFRS(원문XBRL)(2022.05.16).zip","EDBCE9D0A2EA11B56971BD445A67E1B3716E601E589741D2BBA0B45584CF5691","3","ifrs_for_00126186/dimensions_ifrs_for_00126186/dim_ifrs_for_00126186_2015-02-09.xml","dim_ifrs_for_00126186_2015-02-09.xml",".xml","1446551","62057","True","False","False","False","False","False","D4E5212079883D1B48EE5A9508B528FCA16CB31FB97BFDBF5352BD966FA1AB8A","PASS",""
"018260","삼성SDS","soph_handoff_samsung_sds_v1_INPUT_PACKAGE_FOR_SOPH.zip","62E6952198DA55E2A57010078CE8694F336E264DB41DC60E9FC9FEA6666A1AE5","[삼성에스디에스]분기보고서_IFRS(원문XBRL)(2022.05.16).zip","EDBCE9D0A2EA11B56971BD445A67E1B3716E601E589741D2BBA0B45584CF5691","4","ifrs_for_00126186/dimensions_ifrs_for_00126186/cal_ifrs_for_00126186_2015-02-09.xml","cal_ifrs_for_00126186_2015-02-09.xml",".xml","1430193","60068","True","False","False","False","False","False","7C73517105268C891FBEADF8F8C6BD59F2AB5C1EA082293D4DC930BDB64DAB7C","PASS",""
"018260","삼성SDS","soph_handoff_samsung_sds_v1_INPUT_PACKAGE_FOR_SOPH.zip","62E6952198DA55E2A57010078CE8694F336E264DB41DC60E9FC9FEA6666A1AE5","[삼성에스디에스]분기보고서_IFRS(원문XBRL)(2022.05.16).zip","EDBCE9D0A2EA11B56971BD445A67E1B3716E601E589741D2BBA0B45584CF5691","5","ifrs_for_00126186/dimensions_ifrs_for_00126186/pre_ifrs_for_00126186_2015-02-09.xml","pre_ifrs_for_00126186_2015-02-09.xml",".xml","1476859","63041","True","False","False","False","False","False","6637C470C5179206DDBE06D189F2EA561A188A0E18B84395F56EDCCEC851DC2D","PASS",""
"018260","삼성SDS","soph_handoff_samsung_sds_v1_INPUT_PACKAGE_FOR_SOPH.zip","62E6952198DA55E2A57010078CE8694F336E264DB41DC60E9FC9FEA6666A1AE5","[삼성에스디에스]분기보고서_IFRS(원문XBRL)(2022.05.16).zip","EDBCE9D0A2EA11B56971BD445A67E1B3716E601E589741D2BBA0B45584CF5691","6","ifrs_for_00126186/dimensions_ifrs_for_00126186/role_ifrs_for_00126186-dim_2015-02-09.xsd","role_ifrs_for_00126186-dim_2015-02-09.xsd",".xsd","649","310","False","True","False","False","False","False","660F783D41F6F3705F3A7F73B1DD7DD38722FE2592BE7123CC3CA2C264667A6D","PASS",""
"018260","삼성SDS","soph_handoff_samsung_sds_v1_INPUT_PACKAGE_FOR_SOPH.zip","62E6952198DA55E2A57010078CE8694F336E264DB41DC60E9FC9FEA6666A1AE5","[삼성에스디에스]분기보고서_IFRS(원문XBRL)(2022.05.16).zip","EDBCE9D0A2EA11B56971BD445A67E1B3716E601E589741D2BBA0B45584CF5691","7","labels/lab_00126186-ko_2015-02-09.xml","lab_00126186-ko_2015-02-09.xml",".xml","79851","5447","True","False","False","False","False","False","08413F346AA2808B963E6AC5062AF2DEAD3DE370DCC0CE31559371D87A528E35","PASS",""
"018260","삼성SDS","soph_handoff_samsung_sds_v1_INPUT_PACKAGE_FOR_SOPH.zip","62E6952198DA55E2A57010078CE8694F336E264DB41DC60E9FC9FEA6666A1AE5","[삼성에스디에스]분기보고서_IFRS(원문XBRL)(2022.05.16).zip","EDBCE9D0A2EA11B56971BD445A67E1B3716E601E589741D2BBA0B45584CF5691","8","labels/lab_00126186-en_2015-02-09.xml","lab_00126186-en_2015-02-09.xml",".xml","27939","2218","True","False","False","False","False","False","290CC8ACD9B8337965B9232EBB3373C7B2CE22F228F50173FDB995B8B5C505B1","PASS",""
"018260","삼성SDS","soph_handoff_samsung_sds_v1_INPUT_PACKAGE_FOR_SOPH.zip","62E6952198DA55E2A57010078CE8694F336E264DB41DC60E9FC9FEA6666A1AE5","[삼성에스디에스]분기보고서_IFRS(원문XBRL)(2022.11.14).zip","A78B7F5BD329544FF26CC6EB743367C4FF7299AA54322346E39F66DA1C5D2B51","1","00126186_2015-02-09.xbrl","00126186_2015-02-09.xbrl",".xbrl","227366","13174","True","False","False","False","False","False","1036990E52EAE2B4783EC6D3069497DCA76A906C38060653060E758E9AB66A71","PASS",""
"018260","삼성SDS","soph_handoff_samsung_sds_v1_INPUT_PACKAGE_FOR_SOPH.zip","62E6952198DA55E2A57010078CE8694F336E264DB41DC60E9FC9FEA6666A1AE5","[삼성에스디에스]분기보고서_IFRS(원문XBRL)(2022.11.14).zip","A78B7F5BD329544FF26CC6EB743367C4FF7299AA54322346E39F66DA1C5D2B51","2","00126186_entry_point_2015-02-09.xsd","00126186_entry_point_2015-02-09.xsd",".xsd","10242","1397","False","True","False","False","False","False","7ADC26AAFB1DA0F3211CFD0A694BF051C73203C97CCE1DE297BE70CFC75DE3F3","PASS",""
"018260","삼성SDS","soph_handoff_samsung_sds_v1_INPUT_PACKAGE_FOR_SOPH.zip","62E6952198DA55E2A57010078CE8694F336E264DB41DC60E9FC9FEA6666A1AE5","[삼성에스디에스]분기보고서_IFRS(원문XBRL)(2022.11.14).zip","A78B7F5BD329544FF26CC6EB743367C4FF7299AA54322346E39F66DA1C5D2B51","3","ifrs_for_00126186/dimensions_ifrs_for_00126186/dim_ifrs_for_00126186_2015-02-09.xml","dim_ifrs_for_00126186_2015-02-09.xml",".xml","1454724","62469","True","False","False","False","False","False","A551C28676B857B70E3950C02A8343229A1D0432A4644ED6F98DAC69E775390D","PASS",""
"018260","삼성SDS","soph_handoff_samsung_sds_v1_INPUT_PACKAGE_FOR_SOPH.zip","62E6952198DA55E2A57010078CE8694F336E264DB41DC60E9FC9FEA6666A1AE5","[삼성에스디에스]분기보고서_IFRS(원문XBRL)(2022.11.14).zip","A78B7F5BD329544FF26CC6EB743367C4FF7299AA54322346E39F66DA1C5D2B51","4","ifrs_for_00126186/dimensions_ifrs_for_00126186/cal_ifrs_for_00126186_2015-02-09.xml","cal_ifrs_for_00126186_2015-02-09.xml",".xml","1430363","60200","True","False","False","False","False","False","9E92DA6B9DB84CACDE17E896DBFE9773ECAED0BCB0956C1B7504B910AB5DF8A9","PASS",""
"018260","삼성SDS","soph_handoff_samsung_sds_v1_INPUT_PACKAGE_FOR_SOPH.zip","62E6952198DA55E2A57010078CE8694F336E264DB41DC60E9FC9FEA6666A1AE5","[삼성에스디에스]분기보고서_IFRS(원문XBRL)(2022.11.14).zip","A78B7F5BD329544FF26CC6EB743367C4FF7299AA54322346E39F66DA1C5D2B51","5","ifrs_for_00126186/dimensions_ifrs_for_00126186/pre_ifrs_for_00126186_2015-02-09.xml","pre_ifrs_for_00126186_2015-02-09.xml",".xml","1485308","63459","True","False","False","False","False","False","A8AD53150B2F59796CB6B42ACCF7B6AC83A80162D13E1CC6A0A55A874559C318","PASS",""
"018260","삼성SDS","soph_handoff_samsung_sds_v1_INPUT_PACKAGE_FOR_SOPH.zip","62E6952198DA55E2A57010078CE8694F336E264DB41DC60E9FC9FEA6666A1AE5","[삼성에스디에스]분기보고서_IFRS(원문XBRL)(2022.11.14).zip","A78B7F5BD329544FF26CC6EB743367C4FF7299AA54322346E39F66DA1C5D2B51","6","ifrs_for_00126186/dimensions_ifrs_for_00126186/role_ifrs_for_00126186-dim_2015-02-09.xsd","role_ifrs_for_00126186-dim_2015-02-09.xsd",".xsd","649","310","False","True","False","False","False","False","660F783D41F6F3705F3A7F73B1DD7DD38722FE2592BE7123CC3CA2C264667A6D","PASS",""
"018260","삼성SDS","soph_handoff_samsung_sds_v1_INPUT_PACKAGE_FOR_SOPH.zip","62E6952198DA55E2A57010078CE8694F336E264DB41DC60E9FC9FEA6666A1AE5","[삼성에스디에스]분기보고서_IFRS(원문XBRL)(2022.11.14).zip","A78B7F5BD329544FF26CC6EB743367C4FF7299AA54322346E39F66DA1C5D2B51","7","labels/lab_00126186-ko_2015-02-09.xml","lab_00126186-ko_2015-02-09.xml",".xml","87811","5912","True","False","False","False","False","False","7D43A8E78F7E6CD932D2DFC0A068AF53303C81AF37586375484BA72034987CA1","PASS",""
"018260","삼성SDS","soph_handoff_samsung_sds_v1_INPUT_PACKAGE_FOR_SOPH.zip","62E6952198DA55E2A57010078CE8694F336E264DB41DC60E9FC9FEA6666A1AE5","[삼성에스디에스]분기보고서_IFRS(원문XBRL)(2022.11.14).zip","A78B7F5BD329544FF26CC6EB743367C4FF7299AA54322346E39F66DA1C5D2B51","8","labels/lab_00126186-en_2015-02-09.xml","lab_00126186-en_2015-02-09.xml",".xml","35030","2442","True","False","False","False","False","False","91AE9CAC1DBAEAD10AFED9C300537D67E2FD86F8E5F65B1A5BC37870071ECA04","PASS",""
"018260","삼성SDS","soph_handoff_samsung_sds_v1_INPUT_PACKAGE_FOR_SOPH.zip","62E6952198DA55E2A57010078CE8694F336E264DB41DC60E9FC9FEA6666A1AE5","[삼성에스디에스]분기보고서_IFRS(원문XBRL)(2023.05.15).zip","65C2D7350F7A9AB661329EDDD085678C7BB92A6368F205A6589F88A6D0F23D4E","1","00126186_2015-02-09.xbrl","00126186_2015-02-09.xbrl",".xbrl","225507","11990","True","False","False","False","False","False","6F769A269C7F65E6F0D664E61C330A253BC37A05DEEF57BCFED2DFD238CAD121","PASS",""
"018260","삼성SDS","soph_handoff_samsung_sds_v1_INPUT_PACKAGE_FOR_SOPH.zip","62E6952198DA55E2A57010078CE8694F336E264DB41DC60E9FC9FEA6666A1AE5","[삼성에스디에스]분기보고서_IFRS(원문XBRL)(2023.05.15).zip","65C2D7350F7A9AB661329EDDD085678C7BB92A6368F205A6589F88A6D0F23D4E","2","00126186_entry_point_2015-02-09.xsd","00126186_entry_point_2015-02-09.xsd",".xsd","9618","1366","False","True","False","False","False","False","AB49D4053BF491B0CAC961AC4764CFB9020DCB3FA3619D40F3A693C20B1E5E00","PASS",""
"018260","삼성SDS","soph_handoff_samsung_sds_v1_INPUT_PACKAGE_FOR_SOPH.zip","62E6952198DA55E2A57010078CE8694F336E264DB41DC60E9FC9FEA6666A1AE5","[삼성에스디에스]분기보고서_IFRS(원문XBRL)(2023.05.15).zip","65C2D7350F7A9AB661329EDDD085678C7BB92A6368F205A6589F88A6D0F23D4E","3","ifrs_for_00126186/dimensions_ifrs_for_00126186/dim_ifrs_for_00126186_2015-02-09.xml","dim_ifrs_for_00126186_2015-02-09.xml",".xml","1453097","62392","True","False","False","False","False","False","3667D33DFB2768102DC6E7BE9AA11701C51AD64DEEA5107D336932E45CD7C954","PASS",""
"018260","삼성SDS","soph_handoff_samsung_sds_v1_INPUT_PACKAGE_FOR_SOPH.zip","62E6952198DA55E2A57010078CE8694F336E264DB41DC60E9FC9FEA6666A1AE5","[삼성에스디에스]분기보고서_IFRS(원문XBRL)(2023.05.15).zip","65C2D7350F7A9AB661329EDDD085678C7BB92A6368F205A6589F88A6D0F23D4E","4","ifrs_for_00126186/dimensions_ifrs_for_00126186/cal_ifrs_for_00126186_2015-02-09.xml","cal_ifrs_for_00126186_2015-02-09.xml",".xml","1432942","60155","True","False","False","False","False","False","82F512865CE824CE4E92AAABD4F289DE300ADB6D559B96C713555F1963829E5B","PASS",""
"018260","삼성SDS","soph_handoff_samsung_sds_v1_INPUT_PACKAGE_FOR_SOPH.zip","62E6952198DA55E2A57010078CE8694F336E264DB41DC60E9FC9FEA6666A1AE5","[삼성에스디에스]분기보고서_IFRS(원문XBRL)(2023.05.15).zip","65C2D7350F7A9AB661329EDDD085678C7BB92A6368F205A6589F88A6D0F23D4E","5","ifrs_for_00126186/dimensions_ifrs_for_00126186/pre_ifrs_for_00126186_2015-02-09.xml","pre_ifrs_for_00126186_2015-02-09.xml",".xml","1483533","63391","True","False","False","False","False","False","D977910E9CA6128EE0FB80C15F798E79C7DD817695B0AFC5BA377FA49E0B3565","PASS",""
"018260","삼성SDS","soph_handoff_samsung_sds_v1_INPUT_PACKAGE_FOR_SOPH.zip","62E6952198DA55E2A57010078CE8694F336E264DB41DC60E9FC9FEA6666A1AE5","[삼성에스디에스]분기보고서_IFRS(원문XBRL)(2023.05.15).zip","65C2D7350F7A9AB661329EDDD085678C7BB92A6368F205A6589F88A6D0F23D4E","6","ifrs_for_00126186/dimensions_ifrs_for_00126186/role_ifrs_for_00126186-dim_2015-02-09.xsd","role_ifrs_for_00126186-dim_2015-02-09.xsd",".xsd","649","310","False","True","False","False","False","False","660F783D41F6F3705F3A7F73B1DD7DD38722FE2592BE7123CC3CA2C264667A6D","PASS",""
"018260","삼성SDS","soph_handoff_samsung_sds_v1_INPUT_PACKAGE_FOR_SOPH.zip","62E6952198DA55E2A57010078CE8694F336E264DB41DC60E9FC9FEA6666A1AE5","[삼성에스디에스]분기보고서_IFRS(원문XBRL)(2023.05.15).zip","65C2D7350F7A9AB661329EDDD085678C7BB92A6368F205A6589F88A6D0F23D4E","7","labels/lab_00126186-ko_2015-02-09.xml","lab_00126186-ko_2015-02-09.xml",".xml","82488","5561","True","False","False","False","False","False","5BC37A0ADEAA914789D5751A0AC47350A4BD26FACEAF5B530BF3DB7D3FDEF9FF","PASS",""
"018260","삼성SDS","soph_handoff_samsung_sds_v1_INPUT_PACKAGE_FOR_SOPH.zip","62E6952198DA55E2A57010078CE8694F336E264DB41DC60E9FC9FEA6666A1AE5","[삼성에스디에스]분기보고서_IFRS(원문XBRL)(2023.05.15).zip","65C2D7350F7A9AB661329EDDD085678C7BB92A6368F205A6589F88A6D0F23D4E","8","labels/lab_00126186-en_2015-02-09.xml","lab_00126186-en_2015-02-09.xml",".xml","30683","2213","True","False","False","False","False","False","9BDDE697E46B648B855C433FBFADB39C46D29523BCAE4675D90892B84C2AB275","PASS",""
"018260","삼성SDS","soph_handoff_samsung_sds_v1_INPUT_PACKAGE_FOR_SOPH.zip","62E6952198DA55E2A57010078CE8694F336E264DB41DC60E9FC9FEA6666A1AE5","[삼성에스디에스]분기보고서_IFRS(원문XBRL)(2023.11.14).zip","AAC4C725EF3F63C83DF50AD2F2011E9A83462712F7526090D76B692D33D9601A","1","entity00126186_2023-09-30.xbrl","entity00126186_2023-09-30.xbrl",".xbrl","237069","15439","True","False","False","False","False","False","8FE76F98FE2655F64DA229629AEE1AC5039A5E7F725C4AF497F73CE9E4C61E4C","PASS",""
"018260","삼성SDS","soph_handoff_samsung_sds_v1_INPUT_PACKAGE_FOR_SOPH.zip","62E6952198DA55E2A57010078CE8694F336E264DB41DC60E9FC9FEA6666A1AE5","[삼성에스디에스]분기보고서_IFRS(원문XBRL)(2023.11.14).zip","AAC4C725EF3F63C83DF50AD2F2011E9A83462712F7526090D76B692D33D9601A","2","entity00126186_2023-09-30.xsd","entity00126186_2023-09-30.xsd",".xsd","18475","2195","False","True","False","False","False","False","5E6E5FBEE3C61BCD1F09926565698D4AFB94769D12FB01F48F5E2EB35E42DD0E","PASS",""
"018260","삼성SDS","soph_handoff_samsung_sds_v1_INPUT_PACKAGE_FOR_SOPH.zip","62E6952198DA55E2A57010078CE8694F336E264DB41DC60E9FC9FEA6666A1AE5","[삼성에스디에스]분기보고서_IFRS(원문XBRL)(2023.11.14).zip","AAC4C725EF3F63C83DF50AD2F2011E9A83462712F7526090D76B692D33D9601A","3","entity00126186_2023-09-30_def.xml","entity00126186_2023-09-30_def.xml",".xml","242037","11288","False","False","False","False","False","True","EB4D43CFD20E3973614A2F89127B18CF80C3DD7644487E06F5481219A4FEAC2B","PASS",""
"018260","삼성SDS","soph_handoff_samsung_sds_v1_INPUT_PACKAGE_FOR_SOPH.zip","62E6952198DA55E2A57010078CE8694F336E264DB41DC60E9FC9FEA6666A1AE5","[삼성에스디에스]분기보고서_IFRS(원문XBRL)(2023.11.14).zip","AAC4C725EF3F63C83DF50AD2F2011E9A83462712F7526090D76B692D33D9601A","4","entity00126186_2023-09-30_cal.xml","entity00126186_2023-09-30_cal.xml",".xml","147999","6632","False","False","False","False","True","False","554F33D03F0FA27EDCC507A0CA29B8C4EF5BF703504A02E6DA63B227B96FEF8A","PASS",""
"018260","삼성SDS","soph_handoff_samsung_sds_v1_INPUT_PACKAGE_FOR_SOPH.zip","62E6952198DA55E2A57010078CE8694F336E264DB41DC60E9FC9FEA6666A1AE5","[삼성에스디에스]분기보고서_IFRS(원문XBRL)(2023.11.14).zip","AAC4C725EF3F63C83DF50AD2F2011E9A83462712F7526090D76B692D33D9601A","5","entity00126186_2023-09-30_pre.xml","entity00126186_2023-09-30_pre.xml",".xml","230776","10932","False","False","False","True","False","False","816FD615334E507C73C883759DF3D37E63D43CBCC01F27C2073480F7C0775B1E","PASS",""
"018260","삼성SDS","soph_handoff_samsung_sds_v1_INPUT_PACKAGE_FOR_SOPH.zip","62E6952198DA55E2A57010078CE8694F336E264DB41DC60E9FC9FEA6666A1AE5","[삼성에스디에스]분기보고서_IFRS(원문XBRL)(2023.11.14).zip","AAC4C725EF3F63C83DF50AD2F2011E9A83462712F7526090D76B692D33D9601A","6","entity00126186_2023-09-30_lab-ko.xml","entity00126186_2023-09-30_lab-ko.xml",".xml","318187","17589","False","False","True","False","False","False","AD1D5A4ED4D45C8E4A99FC29432D02E386783A4AD3D50A482B038AF3C61ACC1B","PASS",""
"018260","삼성SDS","soph_handoff_samsung_sds_v1_INPUT_PACKAGE_FOR_SOPH.zip","62E6952198DA55E2A57010078CE8694F336E264DB41DC60E9FC9FEA6666A1AE5","[삼성에스디에스]분기보고서_IFRS(원문XBRL)(2023.11.14).zip","AAC4C725EF3F63C83DF50AD2F2011E9A83462712F7526090D76B692D33D9601A","7","entity00126186_2023-09-30_lab-en.xml","entity00126186_2023-09-30_lab-en.xml",".xml","326608","17191","False","False","True","False","False","False","A15EAE7C94FE3604A545AC8ED19293562F1E3E816A1592ED35FD616BE85D0549","PASS",""
"018260","삼성SDS","soph_handoff_samsung_sds_v1_INPUT_PACKAGE_FOR_SOPH.zip","62E6952198DA55E2A57010078CE8694F336E264DB41DC60E9FC9FEA6666A1AE5","[삼성에스디에스]분기보고서_IFRS(원문XBRL)(2024.05.16).zip","9CB52C47A77B81220859620741D459A81E335C5F5186D74C825667050078E0DA","1","entity00126186_2024-03-31.xbrl","entity00126186_2024-03-31.xbrl",".xbrl","4463314","195801","True","False","False","False","False","False","067EFC4ED12F92BAF8610299CE449C80021CE0F0A53224E2E02D536C4AC42E03","PASS",""
"018260","삼성SDS","soph_handoff_samsung_sds_v1_INPUT_PACKAGE_FOR_SOPH.zip","62E6952198DA55E2A57010078CE8694F336E264DB41DC60E9FC9FEA6666A1AE5","[삼성에스디에스]분기보고서_IFRS(원문XBRL)(2024.05.16).zip","9CB52C47A77B81220859620741D459A81E335C5F5186D74C825667050078E0DA","2","entity00126186_2024-03-31.xsd","entity00126186_2024-03-31.xsd",".xsd","450652","25803","False","True","False","False","False","False","18F5BD427136F31AB1E773CB36477F02440A0C2E0F6324424D94FD5617641440","PASS",""
"018260","삼성SDS","soph_handoff_samsung_sds_v1_INPUT_PACKAGE_FOR_SOPH.zip","62E6952198DA55E2A57010078CE8694F336E264DB41DC60E9FC9FEA6666A1AE5","[삼성에스디에스]분기보고서_IFRS(원문XBRL)(2024.05.16).zip","9CB52C47A77B81220859620741D459A81E335C5F5186D74C825667050078E0DA","3","entity00126186_2024-03-31_def.xml","entity00126186_2024-03-31_def.xml",".xml","3549355","121035","False","False","False","False","False","True","12820AAAEB49B253151683082E97B7D131FB33D5CEC78B4A58DF1E789086FDA6","PASS",""
"018260","삼성SDS","soph_handoff_samsung_sds_v1_INPUT_PACKAGE_FOR_SOPH.zip","62E6952198DA55E2A57010078CE8694F336E264DB41DC60E9FC9FEA6666A1AE5","[삼성에스디에스]분기보고서_IFRS(원문XBRL)(2024.05.16).zip","9CB52C47A77B81220859620741D459A81E335C5F5186D74C825667050078E0DA","4","entity00126186_2024-03-31_cal.xml","entity00126186_2024-03-31_cal.xml",".xml","125551","5606","False","False","False","False","True","False","379B94BFCEF0ED0C738E4CBFCF89BF42B60A589C2117D6CC341E0A5FB8E29AC2","PASS",""
"018260","삼성SDS","soph_handoff_samsung_sds_v1_INPUT_PACKAGE_FOR_SOPH.zip","62E6952198DA55E2A57010078CE8694F336E264DB41DC60E9FC9FEA6666A1AE5","[삼성에스디에스]분기보고서_IFRS(원문XBRL)(2024.05.16).zip","9CB52C47A77B81220859620741D459A81E335C5F5186D74C825667050078E0DA","5","entity00126186_2024-03-31_pre.xml","entity00126186_2024-03-31_pre.xml",".xml","2624611","104662","False","False","False","True","False","False","5A3C56602BA18D655F8420D1CAF5FB8820CAC729DCD30C876CE17A4015E77681","PASS",""
"018260","삼성SDS","soph_handoff_samsung_sds_v1_INPUT_PACKAGE_FOR_SOPH.zip","62E6952198DA55E2A57010078CE8694F336E264DB41DC60E9FC9FEA6666A1AE5","[삼성에스디에스]분기보고서_IFRS(원문XBRL)(2024.05.16).zip","9CB52C47A77B81220859620741D459A81E335C5F5186D74C825667050078E0DA","6","entity00126186_2024-03-31_lab-ko.xml","entity00126186_2024-03-31_lab-ko.xml",".xml","3636671","148812","False","False","True","False","False","False","AC265A6214C1A080A26B586C4FD8032B2D04F24D4E7A72DB2B72A14BB8DE73DE","PASS",""
"018260","삼성SDS","soph_handoff_samsung_sds_v1_INPUT_PACKAGE_FOR_SOPH.zip","62E6952198DA55E2A57010078CE8694F336E264DB41DC60E9FC9FEA6666A1AE5","[삼성에스디에스]분기보고서_IFRS(원문XBRL)(2024.05.16).zip","9CB52C47A77B81220859620741D459A81E335C5F5186D74C825667050078E0DA","7","entity00126186_2024-03-31_lab-en.xml","entity00126186_2024-03-31_lab-en.xml",".xml","3675794","139059","False","False","True","False","False","False","24C04543625A7DD215AADCBD37C66321B740C9D3C3CAD9E4FB648982620FFABE","PASS",""
"018260","삼성SDS","soph_handoff_samsung_sds_v1_INPUT_PACKAGE_FOR_SOPH.zip","62E6952198DA55E2A57010078CE8694F336E264DB41DC60E9FC9FEA6666A1AE5","[삼성에스디에스]분기보고서_IFRS(원문XBRL)(2024.11.14).zip","1D683A737A1F253CDEE00F34AA4084049E00711A8ED6A1707638F45A62D29B9D","1","entity00126186_2024-09-30.xbrl","entity00126186_2024-09-30.xbrl",".xbrl","3015147","143267","True","False","False","False","False","False","97CC0E011BC7A78B56D2B0B932705AE25760C56FD962AEFB3FD9FAE235D138AF","PASS",""
"018260","삼성SDS","soph_handoff_samsung_sds_v1_INPUT_PACKAGE_FOR_SOPH.zip","62E6952198DA55E2A57010078CE8694F336E264DB41DC60E9FC9FEA6666A1AE5","[삼성에스디에스]분기보고서_IFRS(원문XBRL)(2024.11.14).zip","1D683A737A1F253CDEE00F34AA4084049E00711A8ED6A1707638F45A62D29B9D","2","entity00126186_2024-09-30.xsd","entity00126186_2024-09-30.xsd",".xsd","316080","18816","False","True","False","False","False","False","C19FEC362BE87FF9040A4D4D40DEFC45B60EA72410BABE143B2F64142EDFEC90","PASS",""
"018260","삼성SDS","soph_handoff_samsung_sds_v1_INPUT_PACKAGE_FOR_SOPH.zip","62E6952198DA55E2A57010078CE8694F336E264DB41DC60E9FC9FEA6666A1AE5","[삼성에스디에스]분기보고서_IFRS(원문XBRL)(2024.11.14).zip","1D683A737A1F253CDEE00F34AA4084049E00711A8ED6A1707638F45A62D29B9D","3","entity00126186_2024-09-30_def.xml","entity00126186_2024-09-30_def.xml",".xml","2985437","95810","False","False","False","False","False","True","FC92E07B4389FD7797B8A82D5D42E50FF8C368981A6E13493E784A48C6344618","PASS",""
"018260","삼성SDS","soph_handoff_samsung_sds_v1_INPUT_PACKAGE_FOR_SOPH.zip","62E6952198DA55E2A57010078CE8694F336E264DB41DC60E9FC9FEA6666A1AE5","[삼성에스디에스]분기보고서_IFRS(원문XBRL)(2024.11.14).zip","1D683A737A1F253CDEE00F34AA4084049E00711A8ED6A1707638F45A62D29B9D","4","entity00126186_2024-09-30_cal.xml","entity00126186_2024-09-30_cal.xml",".xml","142741","6175","False","False","False","False","True","False","ABBCA2A31B6EF1016ADF06CD24B1281B1985837BC30D8645B8FD4A0C28E78C51","PASS",""
"018260","삼성SDS","soph_handoff_samsung_sds_v1_INPUT_PACKAGE_FOR_SOPH.zip","62E6952198DA55E2A57010078CE8694F336E264DB41DC60E9FC9FEA6666A1AE5","[삼성에스디에스]분기보고서_IFRS(원문XBRL)(2024.11.14).zip","1D683A737A1F253CDEE00F34AA4084049E00711A8ED6A1707638F45A62D29B9D","5","entity00126186_2024-09-30_pre.xml","entity00126186_2024-09-30_pre.xml",".xml","2148778","84940","False","False","False","True","False","False","B0304EB68B07E3796438CFF67EF48FA5E4E1D86DA1D39ACD18676AFD26429C01","PASS",""
"018260","삼성SDS","soph_handoff_samsung_sds_v1_INPUT_PACKAGE_FOR_SOPH.zip","62E6952198DA55E2A57010078CE8694F336E264DB41DC60E9FC9FEA6666A1AE5","[삼성에스디에스]분기보고서_IFRS(원문XBRL)(2024.11.14).zip","1D683A737A1F253CDEE00F34AA4084049E00711A8ED6A1707638F45A62D29B9D","6","entity00126186_2024-09-30_lab-ko.xml","entity00126186_2024-09-30_lab-ko.xml",".xml","2955024","123505","False","False","True","False","False","False","E5821C8DBE6A4931A92722F98A12F9E0D57EE37A33C44989A7E83E6E8253355C","PASS",""
"018260","삼성SDS","soph_handoff_samsung_sds_v1_INPUT_PACKAGE_FOR_SOPH.zip","62E6952198DA55E2A57010078CE8694F336E264DB41DC60E9FC9FEA6666A1AE5","[삼성에스디에스]분기보고서_IFRS(원문XBRL)(2024.11.14).zip","1D683A737A1F253CDEE00F34AA4084049E00711A8ED6A1707638F45A62D29B9D","7","entity00126186_2024-09-30_lab-en.xml","entity00126186_2024-09-30_lab-en.xml",".xml","2999044","116167","False","False","True","False","False","False","864A17395697434265F243E2B98B2F65FB93CA05EADE8E9E8BBD98151BDC4B38","PASS",""
"018260","삼성SDS","soph_handoff_samsung_sds_v1_INPUT_PACKAGE_FOR_SOPH.zip","62E6952198DA55E2A57010078CE8694F336E264DB41DC60E9FC9FEA6666A1AE5","[삼성에스디에스]분기보고서_IFRS(원문XBRL)(2025.05.15).zip","FB5DBB6DC321F73D49A3D41BF7076E777E8EE7AC1ADDC656A916CC4551239BF5","1","entity00126186_2025-03-31.xbrl","entity00126186_2025-03-31.xbrl",".xbrl","2894290","148786","True","False","False","False","False","False","E7F943D6224848AAE0E71C48C7FA2F60BD2C82182804A2AD76A376E89653533B","PASS",""
"018260","삼성SDS","soph_handoff_samsung_sds_v1_INPUT_PACKAGE_FOR_SOPH.zip","62E6952198DA55E2A57010078CE8694F336E264DB41DC60E9FC9FEA6666A1AE5","[삼성에스디에스]분기보고서_IFRS(원문XBRL)(2025.05.15).zip","FB5DBB6DC321F73D49A3D41BF7076E777E8EE7AC1ADDC656A916CC4551239BF5","2","entity00126186_2025-03-31.xsd","entity00126186_2025-03-31.xsd",".xsd","292474","17492","False","True","False","False","False","False","B1ECE9687884E8A705C43034F54CEE85D7A4605CDC39001AF68B49AC81BB4B9B","PASS",""
"018260","삼성SDS","soph_handoff_samsung_sds_v1_INPUT_PACKAGE_FOR_SOPH.zip","62E6952198DA55E2A57010078CE8694F336E264DB41DC60E9FC9FEA6666A1AE5","[삼성에스디에스]분기보고서_IFRS(원문XBRL)(2025.05.15).zip","FB5DBB6DC321F73D49A3D41BF7076E777E8EE7AC1ADDC656A916CC4551239BF5","3","entity00126186_2025-03-31_def.xml","entity00126186_2025-03-31_def.xml",".xml","3060086","104414","False","False","False","False","False","True","835DBBB9616D5985CF594FA82A62DF8AEFFC8A4F95190500EFFBF06321D82B1F","PASS",""
"018260","삼성SDS","soph_handoff_samsung_sds_v1_INPUT_PACKAGE_FOR_SOPH.zip","62E6952198DA55E2A57010078CE8694F336E264DB41DC60E9FC9FEA6666A1AE5","[삼성에스디에스]분기보고서_IFRS(원문XBRL)(2025.05.15).zip","FB5DBB6DC321F73D49A3D41BF7076E777E8EE7AC1ADDC656A916CC4551239BF5","4","entity00126186_2025-03-31_cal.xml","entity00126186_2025-03-31_cal.xml",".xml","129678","5895","False","False","False","False","True","False","3B7A7601479542C8A1590C6E3851DAD38B869FE70DDD023FAEEA761F0333782E","PASS",""
"018260","삼성SDS","soph_handoff_samsung_sds_v1_INPUT_PACKAGE_FOR_SOPH.zip","62E6952198DA55E2A57010078CE8694F336E264DB41DC60E9FC9FEA6666A1AE5","[삼성에스디에스]분기보고서_IFRS(원문XBRL)(2025.05.15).zip","FB5DBB6DC321F73D49A3D41BF7076E777E8EE7AC1ADDC656A916CC4551239BF5","5","entity00126186_2025-03-31_pre.xml","entity00126186_2025-03-31_pre.xml",".xml","2145079","88954","False","False","False","True","False","False","05D62C628C57A6801BB204B65AC3843AB4D280F6192BF1682C5062CCE378E6E3","PASS",""
"018260","삼성SDS","soph_handoff_samsung_sds_v1_INPUT_PACKAGE_FOR_SOPH.zip","62E6952198DA55E2A57010078CE8694F336E264DB41DC60E9FC9FEA6666A1AE5","[삼성에스디에스]분기보고서_IFRS(원문XBRL)(2025.05.15).zip","FB5DBB6DC321F73D49A3D41BF7076E777E8EE7AC1ADDC656A916CC4551239BF5","6","entity00126186_2025-03-31_lab-ko.xml","entity00126186_2025-03-31_lab-ko.xml",".xml","2822228","121166","False","False","True","False","False","False","8AAF29772DC291D010CE67D83EE3915D6A2304B63BE4FA919FFFCD925F87CCEE","PASS",""
"018260","삼성SDS","soph_handoff_samsung_sds_v1_INPUT_PACKAGE_FOR_SOPH.zip","62E6952198DA55E2A57010078CE8694F336E264DB41DC60E9FC9FEA6666A1AE5","[삼성에스디에스]분기보고서_IFRS(원문XBRL)(2025.05.15).zip","FB5DBB6DC321F73D49A3D41BF7076E777E8EE7AC1ADDC656A916CC4551239BF5","7","entity00126186_2025-03-31_lab-en.xml","entity00126186_2025-03-31_lab-en.xml",".xml","2863437","113184","False","False","True","False","False","False","B2E96AD2839BEFC31375D20434510C521F95388C8600DA0203178036577755FD","PASS",""
"018260","삼성SDS","soph_handoff_samsung_sds_v1_INPUT_PACKAGE_FOR_SOPH.zip","62E6952198DA55E2A57010078CE8694F336E264DB41DC60E9FC9FEA6666A1AE5","[삼성에스디에스]분기보고서_IFRS(원문XBRL)(2025.11.14).zip","A52F0E8FA5B56277771B753D9F86F04DEC0253ABF8E823112A85FCCF12820314","1","entity00126186_2025-09-30.xbrl","entity00126186_2025-09-30.xbrl",".xbrl","3263636","170213","True","False","False","False","False","False","70AA9363F01F1BAABBEAAA01AEE30B6671A0F46E51241A0ED4AD49B28E6BBA68","PASS",""
"018260","삼성SDS","soph_handoff_samsung_sds_v1_INPUT_PACKAGE_FOR_SOPH.zip","62E6952198DA55E2A57010078CE8694F336E264DB41DC60E9FC9FEA6666A1AE5","[삼성에스디에스]분기보고서_IFRS(원문XBRL)(2025.11.14).zip","A52F0E8FA5B56277771B753D9F86F04DEC0253ABF8E823112A85FCCF12820314","2","entity00126186_2025-09-30.xsd","entity00126186_2025-09-30.xsd",".xsd","294515","21061","False","True","False","False","False","False","B7480E0B9AD86CEDED6807BDB903A5B6157C5EEF11CE40D966F10973D2A87B76","PASS",""
"018260","삼성SDS","soph_handoff_samsung_sds_v1_INPUT_PACKAGE_FOR_SOPH.zip","62E6952198DA55E2A57010078CE8694F336E264DB41DC60E9FC9FEA6666A1AE5","[삼성에스디에스]분기보고서_IFRS(원문XBRL)(2025.11.14).zip","A52F0E8FA5B56277771B753D9F86F04DEC0253ABF8E823112A85FCCF12820314","3","entity00126186_2025-09-30_def.xml","entity00126186_2025-09-30_def.xml",".xml","3084298","105693","False","False","False","False","False","True","C8622F7D29E5DAD29403D520B80893A114AF491088CC66858502B9A3D22388A7","PASS",""
"018260","삼성SDS","soph_handoff_samsung_sds_v1_INPUT_PACKAGE_FOR_SOPH.zip","62E6952198DA55E2A57010078CE8694F336E264DB41DC60E9FC9FEA6666A1AE5","[삼성에스디에스]분기보고서_IFRS(원문XBRL)(2025.11.14).zip","A52F0E8FA5B56277771B753D9F86F04DEC0253ABF8E823112A85FCCF12820314","4","entity00126186_2025-09-30_cal.xml","entity00126186_2025-09-30_cal.xml",".xml","138087","6202","False","False","False","False","True","False","99B5B67F87660FB61553A9876019FBDE20B8494482DB0ECB6E175A87E4FC49F8","PASS",""
"018260","삼성SDS","soph_handoff_samsung_sds_v1_INPUT_PACKAGE_FOR_SOPH.zip","62E6952198DA55E2A57010078CE8694F336E264DB41DC60E9FC9FEA6666A1AE5","[삼성에스디에스]분기보고서_IFRS(원문XBRL)(2025.11.14).zip","A52F0E8FA5B56277771B753D9F86F04DEC0253ABF8E823112A85FCCF12820314","5","entity00126186_2025-09-30_pre.xml","entity00126186_2025-09-30_pre.xml",".xml","2171153","90557","False","False","False","True","False","False","D76E9B3F08EC2D7E8E62936DF39C193CB3621F8AFFA68E9B77316D1CCEF9DEC8","PASS",""
"018260","삼성SDS","soph_handoff_samsung_sds_v1_INPUT_PACKAGE_FOR_SOPH.zip","62E6952198DA55E2A57010078CE8694F336E264DB41DC60E9FC9FEA6666A1AE5","[삼성에스디에스]분기보고서_IFRS(원문XBRL)(2025.11.14).zip","A52F0E8FA5B56277771B753D9F86F04DEC0253ABF8E823112A85FCCF12820314","6","entity00126186_2025-09-30_lab-ko.xml","entity00126186_2025-09-30_lab-ko.xml",".xml","2943547","125628","False","False","True","False","False","False","2CAD2DF17095D45BADE92FBE96FE1D60235EC2C92CA6B1F295A1DE045BA1080B","PASS",""
"018260","삼성SDS","soph_handoff_samsung_sds_v1_INPUT_PACKAGE_FOR_SOPH.zip","62E6952198DA55E2A57010078CE8694F336E264DB41DC60E9FC9FEA6666A1AE5","[삼성에스디에스]분기보고서_IFRS(원문XBRL)(2025.11.14).zip","A52F0E8FA5B56277771B753D9F86F04DEC0253ABF8E823112A85FCCF12820314","7","entity00126186_2025-09-30_lab-en.xml","entity00126186_2025-09-30_lab-en.xml",".xml","2989130","117539","False","False","True","False","False","False","AEFCCE7F30BA5C5F90F7ADC60DEF6B335EC0B652829AA290F22677118E5DD5E9","PASS",""
"018260","삼성SDS","soph_handoff_samsung_sds_v1_INPUT_PACKAGE_FOR_SOPH.zip","62E6952198DA55E2A57010078CE8694F336E264DB41DC60E9FC9FEA6666A1AE5","[삼성에스디에스]분기보고서_IFRS(원문XBRL)(2026.05.15).zip","3BBFDE20345C2F3B7050B8CE25669F6467516483B263BF31529EFF631D54075A","1","entity00126186_2026-03-31.xbrl","entity00126186_2026-03-31.xbrl",".xbrl","3082148","159143","True","False","False","False","False","False","650EF4D980481C89BD50D68169FFCD01AE8F4F24D6E273BE180A7BD503E60641","PASS",""
"018260","삼성SDS","soph_handoff_samsung_sds_v1_INPUT_PACKAGE_FOR_SOPH.zip","62E6952198DA55E2A57010078CE8694F336E264DB41DC60E9FC9FEA6666A1AE5","[삼성에스디에스]분기보고서_IFRS(원문XBRL)(2026.05.15).zip","3BBFDE20345C2F3B7050B8CE25669F6467516483B263BF31529EFF631D54075A","2","entity00126186_2026-03-31.xsd","entity00126186_2026-03-31.xsd",".xsd","308845","22241","False","True","False","False","False","False","5D7A1BB8D8C2F1DF329FBF4C54CB0D0D2E2AEFB80CDB4154101498FE19BD5E57","PASS",""
"018260","삼성SDS","soph_handoff_samsung_sds_v1_INPUT_PACKAGE_FOR_SOPH.zip","62E6952198DA55E2A57010078CE8694F336E264DB41DC60E9FC9FEA6666A1AE5","[삼성에스디에스]분기보고서_IFRS(원문XBRL)(2026.05.15).zip","3BBFDE20345C2F3B7050B8CE25669F6467516483B263BF31529EFF631D54075A","3","entity00126186_2026-03-31_def.xml","entity00126186_2026-03-31_def.xml",".xml","3119760","108324","False","False","False","False","False","True","65A345538C3189B9777E25BCFF401986D1920E81CC5D7E31EAB113F95CF8782D","PASS",""
"018260","삼성SDS","soph_handoff_samsung_sds_v1_INPUT_PACKAGE_FOR_SOPH.zip","62E6952198DA55E2A57010078CE8694F336E264DB41DC60E9FC9FEA6666A1AE5","[삼성에스디에스]분기보고서_IFRS(원문XBRL)(2026.05.15).zip","3BBFDE20345C2F3B7050B8CE25669F6467516483B263BF31529EFF631D54075A","4","entity00126186_2026-03-31_cal.xml","entity00126186_2026-03-31_cal.xml",".xml","131632","5966","False","False","False","False","True","False","8258ADCD96BC01CB098A2BEBDBCA5EF538BA7D022CEDC7EE02C57F1EFB939AA7","PASS",""
"018260","삼성SDS","soph_handoff_samsung_sds_v1_INPUT_PACKAGE_FOR_SOPH.zip","62E6952198DA55E2A57010078CE8694F336E264DB41DC60E9FC9FEA6666A1AE5","[삼성에스디에스]분기보고서_IFRS(원문XBRL)(2026.05.15).zip","3BBFDE20345C2F3B7050B8CE25669F6467516483B263BF31529EFF631D54075A","5","entity00126186_2026-03-31_pre.xml","entity00126186_2026-03-31_pre.xml",".xml","2171645","91080","False","False","False","True","False","False","B282496FE6C0CB123CED95F468CB976B90C0A040A2CAF49B2217FAE6073375C2","PASS",""
"018260","삼성SDS","soph_handoff_samsung_sds_v1_INPUT_PACKAGE_FOR_SOPH.zip","62E6952198DA55E2A57010078CE8694F336E264DB41DC60E9FC9FEA6666A1AE5","[삼성에스디에스]분기보고서_IFRS(원문XBRL)(2026.05.15).zip","3BBFDE20345C2F3B7050B8CE25669F6467516483B263BF31529EFF631D54075A","6","entity00126186_2026-03-31_lab-ko.xml","entity00126186_2026-03-31_lab-ko.xml",".xml","2860764","127063","False","False","True","False","False","False","7F397F371DC7AB441EA2B184D76643431CF3EE7281C10C97F01E55DADB44CD56","PASS",""
"018260","삼성SDS","soph_handoff_samsung_sds_v1_INPUT_PACKAGE_FOR_SOPH.zip","62E6952198DA55E2A57010078CE8694F336E264DB41DC60E9FC9FEA6666A1AE5","[삼성에스디에스]분기보고서_IFRS(원문XBRL)(2026.05.15).zip","3BBFDE20345C2F3B7050B8CE25669F6467516483B263BF31529EFF631D54075A","7","entity00126186_2026-03-31_lab-en.xml","entity00126186_2026-03-31_lab-en.xml",".xml","2902945","118834","False","False","True","False","False","False","8625CB6DF539E2D6766D43F1329F0EDEA0F415263FFD34B162717D66F2A9A519","PASS",""
"018260","삼성SDS","soph_handoff_samsung_sds_v1_INPUT_PACKAGE_FOR_SOPH.zip","62E6952198DA55E2A57010078CE8694F336E264DB41DC60E9FC9FEA6666A1AE5","[삼성에스디에스]사업보고서_IFRS(원문XBRL)(2021.03.09).zip","C6B7E105C5F35D6FAABB76A74FD6B8D42D8CAA51D0883B09A49668E2FFE76520","1","00126186_2015-02-09.xbrl","00126186_2015-02-09.xbrl",".xbrl","290750","15407","True","False","False","False","False","False","8F7DB5E7522688F48198142BD6907C6172ED799A44CABB92B236745645EC5FFF","PASS",""
"018260","삼성SDS","soph_handoff_samsung_sds_v1_INPUT_PACKAGE_FOR_SOPH.zip","62E6952198DA55E2A57010078CE8694F336E264DB41DC60E9FC9FEA6666A1AE5","[삼성에스디에스]사업보고서_IFRS(원문XBRL)(2021.03.09).zip","C6B7E105C5F35D6FAABB76A74FD6B8D42D8CAA51D0883B09A49668E2FFE76520","2","00126186_entry_point_2015-02-09.xsd","00126186_entry_point_2015-02-09.xsd",".xsd","8734","1321","False","True","False","False","False","False","9576270B5CC2259CFB0C403AD48F5629C676F3A7D13543A686DC845E3E378585","PASS",""
"018260","삼성SDS","soph_handoff_samsung_sds_v1_INPUT_PACKAGE_FOR_SOPH.zip","62E6952198DA55E2A57010078CE8694F336E264DB41DC60E9FC9FEA6666A1AE5","[삼성에스디에스]사업보고서_IFRS(원문XBRL)(2021.03.09).zip","C6B7E105C5F35D6FAABB76A74FD6B8D42D8CAA51D0883B09A49668E2FFE76520","3","ifrs_for_00126186/dimensions_ifrs_for_00126186/dim_ifrs_for_00126186_2015-02-09.xml","dim_ifrs_for_00126186_2015-02-09.xml",".xml","1457710","62555","True","False","False","False","False","False","5026D5DFA8EB0B06D9A3C205F516A04749AEE809B862AD8E456176EB68C62180","PASS",""
"018260","삼성SDS","soph_handoff_samsung_sds_v1_INPUT_PACKAGE_FOR_SOPH.zip","62E6952198DA55E2A57010078CE8694F336E264DB41DC60E9FC9FEA6666A1AE5","[삼성에스디에스]사업보고서_IFRS(원문XBRL)(2021.03.09).zip","C6B7E105C5F35D6FAABB76A74FD6B8D42D8CAA51D0883B09A49668E2FFE76520","4","ifrs_for_00126186/dimensions_ifrs_for_00126186/cal_ifrs_for_00126186_2015-02-09.xml","cal_ifrs_for_00126186_2015-02-09.xml",".xml","1422987","59817","True","False","False","False","False","False","F67D8061C9B227F217F2EC6ED1C2AB834AFC9A7AFE7648B1791746DD2C36CEC4","PASS",""
"018260","삼성SDS","soph_handoff_samsung_sds_v1_INPUT_PACKAGE_FOR_SOPH.zip","62E6952198DA55E2A57010078CE8694F336E264DB41DC60E9FC9FEA6666A1AE5","[삼성에스디에스]사업보고서_IFRS(원문XBRL)(2021.03.09).zip","C6B7E105C5F35D6FAABB76A74FD6B8D42D8CAA51D0883B09A49668E2FFE76520","5","ifrs_for_00126186/dimensions_ifrs_for_00126186/pre_ifrs_for_00126186_2015-02-09.xml","pre_ifrs_for_00126186_2015-02-09.xml",".xml","1487956","63602","True","False","False","False","False","False","DA354C0B152665DD1B460758323ABC8365DCD086B89672B51E582B8B4F3DBD3F","PASS",""
"018260","삼성SDS","soph_handoff_samsung_sds_v1_INPUT_PACKAGE_FOR_SOPH.zip","62E6952198DA55E2A57010078CE8694F336E264DB41DC60E9FC9FEA6666A1AE5","[삼성에스디에스]사업보고서_IFRS(원문XBRL)(2021.03.09).zip","C6B7E105C5F35D6FAABB76A74FD6B8D42D8CAA51D0883B09A49668E2FFE76520","6","ifrs_for_00126186/dimensions_ifrs_for_00126186/role_ifrs_for_00126186-dim_2015-02-09.xsd","role_ifrs_for_00126186-dim_2015-02-09.xsd",".xsd","649","310","False","True","False","False","False","False","660F783D41F6F3705F3A7F73B1DD7DD38722FE2592BE7123CC3CA2C264667A6D","PASS",""
"018260","삼성SDS","soph_handoff_samsung_sds_v1_INPUT_PACKAGE_FOR_SOPH.zip","62E6952198DA55E2A57010078CE8694F336E264DB41DC60E9FC9FEA6666A1AE5","[삼성에스디에스]사업보고서_IFRS(원문XBRL)(2021.03.09).zip","C6B7E105C5F35D6FAABB76A74FD6B8D42D8CAA51D0883B09A49668E2FFE76520","7","labels/lab_00126186-ko_2015-02-09.xml","lab_00126186-ko_2015-02-09.xml",".xml","93620","6210","True","False","False","False","False","False","560A423FF742A9B8685A396E8D8A6AB562F8D79CD6011B08A7C29F8F3F8F9025","PASS",""
"018260","삼성SDS","soph_handoff_samsung_sds_v1_INPUT_PACKAGE_FOR_SOPH.zip","62E6952198DA55E2A57010078CE8694F336E264DB41DC60E9FC9FEA6666A1AE5","[삼성에스디에스]사업보고서_IFRS(원문XBRL)(2021.03.09).zip","C6B7E105C5F35D6FAABB76A74FD6B8D42D8CAA51D0883B09A49668E2FFE76520","8","labels/lab_00126186-en_2015-02-09.xml","lab_00126186-en_2015-02-09.xml",".xml","30442","2346","True","False","False","False","False","False","93279CE9451541A1DF1FEF50938171390B50267CC53390CA20D379D60A6A71D8","PASS",""
"018260","삼성SDS","soph_handoff_samsung_sds_v1_INPUT_PACKAGE_FOR_SOPH.zip","62E6952198DA55E2A57010078CE8694F336E264DB41DC60E9FC9FEA6666A1AE5","[삼성에스디에스]사업보고서_IFRS(원문XBRL)(2022.03.08).zip","9C4C64F2DA535B95115DAB3B98972CA9AF69F5BB53A63A34D7F9BDC970DD2D7A","1","00126186_2015-02-09.xbrl","00126186_2015-02-09.xbrl",".xbrl","292032","15524","True","False","False","False","False","False","2929B7DA8C0B2B9FC9EB22CD9F39AED24BADA765AE1A5BDB9F22A04555DCE83F","PASS",""
"018260","삼성SDS","soph_handoff_samsung_sds_v1_INPUT_PACKAGE_FOR_SOPH.zip","62E6952198DA55E2A57010078CE8694F336E264DB41DC60E9FC9FEA6666A1AE5","[삼성에스디에스]사업보고서_IFRS(원문XBRL)(2022.03.08).zip","9C4C64F2DA535B95115DAB3B98972CA9AF69F5BB53A63A34D7F9BDC970DD2D7A","2","00126186_entry_point_2015-02-09.xsd","00126186_entry_point_2015-02-09.xsd",".xsd","12073","1486","False","True","False","False","False","False","D3C8F3D5DEBF533B4767C9913B51C13CF9F332A21F3AF03E369A255F597CC2EC","PASS",""
"018260","삼성SDS","soph_handoff_samsung_sds_v1_INPUT_PACKAGE_FOR_SOPH.zip","62E6952198DA55E2A57010078CE8694F336E264DB41DC60E9FC9FEA6666A1AE5","[삼성에스디에스]사업보고서_IFRS(원문XBRL)(2022.03.08).zip","9C4C64F2DA535B95115DAB3B98972CA9AF69F5BB53A63A34D7F9BDC970DD2D7A","3","ifrs_for_00126186/dimensions_ifrs_for_00126186/dim_ifrs_for_00126186_2015-02-09.xml","dim_ifrs_for_00126186_2015-02-09.xml",".xml","1460506","62977","True","False","False","False","False","False","086CCF3513AF870689C185136A47552952AB3EB842962BEC1A115A2FB9A90770","PASS",""
"018260","삼성SDS","soph_handoff_samsung_sds_v1_INPUT_PACKAGE_FOR_SOPH.zip","62E6952198DA55E2A57010078CE8694F336E264DB41DC60E9FC9FEA6666A1AE5","[삼성에스디에스]사업보고서_IFRS(원문XBRL)(2022.03.08).zip","9C4C64F2DA535B95115DAB3B98972CA9AF69F5BB53A63A34D7F9BDC970DD2D7A","4","ifrs_for_00126186/dimensions_ifrs_for_00126186/cal_ifrs_for_00126186_2015-02-09.xml","cal_ifrs_for_00126186_2015-02-09.xml",".xml","1431078","60495","True","False","False","False","False","False","9352FFC01416DBDCDD70F5B765902C3224E048E2B5C39F70FBDF8A35CD86D016","PASS",""
"018260","삼성SDS","soph_handoff_samsung_sds_v1_INPUT_PACKAGE_FOR_SOPH.zip","62E6952198DA55E2A57010078CE8694F336E264DB41DC60E9FC9FEA6666A1AE5","[삼성에스디에스]사업보고서_IFRS(원문XBRL)(2022.03.08).zip","9C4C64F2DA535B95115DAB3B98972CA9AF69F5BB53A63A34D7F9BDC970DD2D7A","5","ifrs_for_00126186/dimensions_ifrs_for_00126186/pre_ifrs_for_00126186_2015-02-09.xml","pre_ifrs_for_00126186_2015-02-09.xml",".xml","1490912","63970","True","False","False","False","False","False","01D777FA5DB4848EF0B692F56FFF0B3311B83903849A3A518847A18A30AEC40E","PASS",""
"018260","삼성SDS","soph_handoff_samsung_sds_v1_INPUT_PACKAGE_FOR_SOPH.zip","62E6952198DA55E2A57010078CE8694F336E264DB41DC60E9FC9FEA6666A1AE5","[삼성에스디에스]사업보고서_IFRS(원문XBRL)(2022.03.08).zip","9C4C64F2DA535B95115DAB3B98972CA9AF69F5BB53A63A34D7F9BDC970DD2D7A","6","ifrs_for_00126186/dimensions_ifrs_for_00126186/role_ifrs_for_00126186-dim_2015-02-09.xsd","role_ifrs_for_00126186-dim_2015-02-09.xsd",".xsd","649","310","False","True","False","False","False","False","660F783D41F6F3705F3A7F73B1DD7DD38722FE2592BE7123CC3CA2C264667A6D","PASS",""
"018260","삼성SDS","soph_handoff_samsung_sds_v1_INPUT_PACKAGE_FOR_SOPH.zip","62E6952198DA55E2A57010078CE8694F336E264DB41DC60E9FC9FEA6666A1AE5","[삼성에스디에스]사업보고서_IFRS(원문XBRL)(2022.03.08).zip","9C4C64F2DA535B95115DAB3B98972CA9AF69F5BB53A63A34D7F9BDC970DD2D7A","7","labels/lab_00126186-ko_2015-02-09.xml","lab_00126186-ko_2015-02-09.xml",".xml","99461","6349","True","False","False","False","False","False","4DD05A30702423772F588AC33C3AA63A600AFBA0D024AA5726A6E7EA94D50AC4","PASS",""
"018260","삼성SDS","soph_handoff_samsung_sds_v1_INPUT_PACKAGE_FOR_SOPH.zip","62E6952198DA55E2A57010078CE8694F336E264DB41DC60E9FC9FEA6666A1AE5","[삼성에스디에스]사업보고서_IFRS(원문XBRL)(2022.03.08).zip","9C4C64F2DA535B95115DAB3B98972CA9AF69F5BB53A63A34D7F9BDC970DD2D7A","8","labels/lab_00126186-en_2015-02-09.xml","lab_00126186-en_2015-02-09.xml",".xml","45443","2962","True","False","False","False","False","False","4BB4860AA8B57772834E58623CE24B6AFCC68E0309E77DF2630AD45BBC3FE446","PASS",""
"018260","삼성SDS","soph_handoff_samsung_sds_v1_INPUT_PACKAGE_FOR_SOPH.zip","62E6952198DA55E2A57010078CE8694F336E264DB41DC60E9FC9FEA6666A1AE5","[삼성에스디에스]사업보고서_IFRS(원문XBRL)(2023.03.07).zip","21AE621A5C8C7CC08F2622218200A39D7406AE3573F278400F203B76A04C116F","1","00126186_2015-02-09.xbrl","00126186_2015-02-09.xbrl",".xbrl","279433","15197","True","False","False","False","False","False","1180D17E4AD07DD958CC290FF38AC91A16859AA6A544B7B307F167200117F593","PASS",""
"018260","삼성SDS","soph_handoff_samsung_sds_v1_INPUT_PACKAGE_FOR_SOPH.zip","62E6952198DA55E2A57010078CE8694F336E264DB41DC60E9FC9FEA6666A1AE5","[삼성에스디에스]사업보고서_IFRS(원문XBRL)(2023.03.07).zip","21AE621A5C8C7CC08F2622218200A39D7406AE3573F278400F203B76A04C116F","2","00126186_entry_point_2015-02-09.xsd","00126186_entry_point_2015-02-09.xsd",".xsd","12831","1504","False","True","False","False","False","False","88E4C77CA19AFCFB0A5451BC3B0600DD9914AA12DB9B711D543D45AF55886947","PASS",""
"018260","삼성SDS","soph_handoff_samsung_sds_v1_INPUT_PACKAGE_FOR_SOPH.zip","62E6952198DA55E2A57010078CE8694F336E264DB41DC60E9FC9FEA6666A1AE5","[삼성에스디에스]사업보고서_IFRS(원문XBRL)(2023.03.07).zip","21AE621A5C8C7CC08F2622218200A39D7406AE3573F278400F203B76A04C116F","3","ifrs_for_00126186/dimensions_ifrs_for_00126186/dim_ifrs_for_00126186_2015-02-09.xml","dim_ifrs_for_00126186_2015-02-09.xml",".xml","1461560","62810","True","False","False","False","False","False","A2DC2FA78EBB925C78859F263D5A95EE477E898A032EAA99AE535ECBE0DBF590","PASS",""
"018260","삼성SDS","soph_handoff_samsung_sds_v1_INPUT_PACKAGE_FOR_SOPH.zip","62E6952198DA55E2A57010078CE8694F336E264DB41DC60E9FC9FEA6666A1AE5","[삼성에스디에스]사업보고서_IFRS(원문XBRL)(2023.03.07).zip","21AE621A5C8C7CC08F2622218200A39D7406AE3573F278400F203B76A04C116F","4","ifrs_for_00126186/dimensions_ifrs_for_00126186/cal_ifrs_for_00126186_2015-02-09.xml","cal_ifrs_for_00126186_2015-02-09.xml",".xml","1434894","60457","True","False","False","False","False","False","60B4A2D044F2AEEC24CD666BAE4061B98C67C1202CDE3F5F6C711FDA34079093","PASS",""
"018260","삼성SDS","soph_handoff_samsung_sds_v1_INPUT_PACKAGE_FOR_SOPH.zip","62E6952198DA55E2A57010078CE8694F336E264DB41DC60E9FC9FEA6666A1AE5","[삼성에스디에스]사업보고서_IFRS(원문XBRL)(2023.03.07).zip","21AE621A5C8C7CC08F2622218200A39D7406AE3573F278400F203B76A04C116F","5","ifrs_for_00126186/dimensions_ifrs_for_00126186/pre_ifrs_for_00126186_2015-02-09.xml","pre_ifrs_for_00126186_2015-02-09.xml",".xml","1492062","63820","True","False","False","False","False","False","EB66792C7BF8346F2B85A036CCBEEAFD2448A2FA0E2150CFFDB6F7B2D2F332FD","PASS",""
"018260","삼성SDS","soph_handoff_samsung_sds_v1_INPUT_PACKAGE_FOR_SOPH.zip","62E6952198DA55E2A57010078CE8694F336E264DB41DC60E9FC9FEA6666A1AE5","[삼성에스디에스]사업보고서_IFRS(원문XBRL)(2023.03.07).zip","21AE621A5C8C7CC08F2622218200A39D7406AE3573F278400F203B76A04C116F","6","ifrs_for_00126186/dimensions_ifrs_for_00126186/role_ifrs_for_00126186-dim_2015-02-09.xsd","role_ifrs_for_00126186-dim_2015-02-09.xsd",".xsd","649","310","False","True","False","False","False","False","660F783D41F6F3705F3A7F73B1DD7DD38722FE2592BE7123CC3CA2C264667A6D","PASS",""
"018260","삼성SDS","soph_handoff_samsung_sds_v1_INPUT_PACKAGE_FOR_SOPH.zip","62E6952198DA55E2A57010078CE8694F336E264DB41DC60E9FC9FEA6666A1AE5","[삼성에스디에스]사업보고서_IFRS(원문XBRL)(2023.03.07).zip","21AE621A5C8C7CC08F2622218200A39D7406AE3573F278400F203B76A04C116F","7","labels/lab_00126186-ko_2015-02-09.xml","lab_00126186-ko_2015-02-09.xml",".xml","99108","6347","True","False","False","False","False","False","05486C9C504F9059EBF7CF0AA64E02A2E42029400B5D927C6398272402C2E3B7","PASS",""
"018260","삼성SDS","soph_handoff_samsung_sds_v1_INPUT_PACKAGE_FOR_SOPH.zip","62E6952198DA55E2A57010078CE8694F336E264DB41DC60E9FC9FEA6666A1AE5","[삼성에스디에스]사업보고서_IFRS(원문XBRL)(2023.03.07).zip","21AE621A5C8C7CC08F2622218200A39D7406AE3573F278400F203B76A04C116F","8","labels/lab_00126186-en_2015-02-09.xml","lab_00126186-en_2015-02-09.xml",".xml","47105","2968","True","False","False","False","False","False","D9A376F991C39E840ACE0A86594CD256660A1461F74A68E608439A176342371E","PASS",""
"018260","삼성SDS","soph_handoff_samsung_sds_v1_INPUT_PACKAGE_FOR_SOPH.zip","62E6952198DA55E2A57010078CE8694F336E264DB41DC60E9FC9FEA6666A1AE5","[삼성에스디에스]사업보고서_IFRS(원문XBRL)(2025.03.11).zip","9EF414F012997EC42095998383DC81074D652E6FC1EE269B26D23561E1B94F01","1","entity00126186_2024-12-31.xbrl","entity00126186_2024-12-31.xbrl",".xbrl","4318236","231710","True","False","False","False","False","False","1279D2FCA91917007815F38CE80F4F1CD2C95676BB37E93CFDC93696E2CC4FD3","PASS",""
"018260","삼성SDS","soph_handoff_samsung_sds_v1_INPUT_PACKAGE_FOR_SOPH.zip","62E6952198DA55E2A57010078CE8694F336E264DB41DC60E9FC9FEA6666A1AE5","[삼성에스디에스]사업보고서_IFRS(원문XBRL)(2025.03.11).zip","9EF414F012997EC42095998383DC81074D652E6FC1EE269B26D23561E1B94F01","2","entity00126186_2024-12-31.xsd","entity00126186_2024-12-31.xsd",".xsd","486789","28436","False","True","False","False","False","False","2956D22C2C2ECFC2BDC2AB4191996638D286F2F595FE1F262C4D01ACC3F6AA91","PASS",""
"018260","삼성SDS","soph_handoff_samsung_sds_v1_INPUT_PACKAGE_FOR_SOPH.zip","62E6952198DA55E2A57010078CE8694F336E264DB41DC60E9FC9FEA6666A1AE5","[삼성에스디에스]사업보고서_IFRS(원문XBRL)(2025.03.11).zip","9EF414F012997EC42095998383DC81074D652E6FC1EE269B26D23561E1B94F01","3","entity00126186_2024-12-31_def.xml","entity00126186_2024-12-31_def.xml",".xml","4993125","170095","False","False","False","False","False","True","D22CBEAE208DDF165CCFD420288E318FEFFA28978FAFD7AA7DE5B8F3FF79152C","PASS",""
"018260","삼성SDS","soph_handoff_samsung_sds_v1_INPUT_PACKAGE_FOR_SOPH.zip","62E6952198DA55E2A57010078CE8694F336E264DB41DC60E9FC9FEA6666A1AE5","[삼성에스디에스]사업보고서_IFRS(원문XBRL)(2025.03.11).zip","9EF414F012997EC42095998383DC81074D652E6FC1EE269B26D23561E1B94F01","4","entity00126186_2024-12-31_cal.xml","entity00126186_2024-12-31_cal.xml",".xml","147245","6637","False","False","False","False","True","False","4CC5F52E032F05F37B55F3BF50B63B7F38C868296AE956CA0EC072947C1D42ED","PASS",""
"018260","삼성SDS","soph_handoff_samsung_sds_v1_INPUT_PACKAGE_FOR_SOPH.zip","62E6952198DA55E2A57010078CE8694F336E264DB41DC60E9FC9FEA6666A1AE5","[삼성에스디에스]사업보고서_IFRS(원문XBRL)(2025.03.11).zip","9EF414F012997EC42095998383DC81074D652E6FC1EE269B26D23561E1B94F01","5","entity00126186_2024-12-31_pre.xml","entity00126186_2024-12-31_pre.xml",".xml","3526010","145372","False","False","False","True","False","False","83883C292906E53499F590F2806397292FB4B321FC3E63374E9C32EEC1D362EF","PASS",""
"018260","삼성SDS","soph_handoff_samsung_sds_v1_INPUT_PACKAGE_FOR_SOPH.zip","62E6952198DA55E2A57010078CE8694F336E264DB41DC60E9FC9FEA6666A1AE5","[삼성에스디에스]사업보고서_IFRS(원문XBRL)(2025.03.11).zip","9EF414F012997EC42095998383DC81074D652E6FC1EE269B26D23561E1B94F01","6","entity00126186_2024-12-31_lab-ko.xml","entity00126186_2024-12-31_lab-ko.xml",".xml","5057045","200869","False","False","True","False","False","False","7738D1F9574F2FA4D3E07F8BE2203D6B4154785C03F0E32548AD56B3AB228C95","PASS",""
"018260","삼성SDS","soph_handoff_samsung_sds_v1_INPUT_PACKAGE_FOR_SOPH.zip","62E6952198DA55E2A57010078CE8694F336E264DB41DC60E9FC9FEA6666A1AE5","[삼성에스디에스]사업보고서_IFRS(원문XBRL)(2025.03.11).zip","9EF414F012997EC42095998383DC81074D652E6FC1EE269B26D23561E1B94F01","7","entity00126186_2024-12-31_lab-en.xml","entity00126186_2024-12-31_lab-en.xml",".xml","5145806","189388","False","False","True","False","False","False","8CA7D126F4D0AF874D00839A1BD7D6C835E0C108CBD564CE6A710376BAAE54AB","PASS",""
"018260","삼성SDS","soph_handoff_samsung_sds_v1_INPUT_PACKAGE_FOR_SOPH.zip","62E6952198DA55E2A57010078CE8694F336E264DB41DC60E9FC9FEA6666A1AE5","[삼성에스디에스]사업보고서_IFRS(원문XBRL)(2026.03.10).zip","D2558F56DA6B973A6CDB9C4ECFD713916C284490596815C8E8A0A4644BA4BA6E","1","entity00126186_2025-12-31.xbrl","entity00126186_2025-12-31.xbrl",".xbrl","4367694","251864","True","False","False","False","False","False","976DB5E4EF0C9C32EE41B447BBA67BDD9433245763F64314CECBBA189903F7AD","PASS",""
"018260","삼성SDS","soph_handoff_samsung_sds_v1_INPUT_PACKAGE_FOR_SOPH.zip","62E6952198DA55E2A57010078CE8694F336E264DB41DC60E9FC9FEA6666A1AE5","[삼성에스디에스]사업보고서_IFRS(원문XBRL)(2026.03.10).zip","D2558F56DA6B973A6CDB9C4ECFD713916C284490596815C8E8A0A4644BA4BA6E","2","entity00126186_2025-12-31.xsd","entity00126186_2025-12-31.xsd",".xsd","444361","32672","False","True","False","False","False","False","F4A27D46CC67209B58004608DFB060B9D696315987F4E436A95F13196086B7CF","PASS",""
"018260","삼성SDS","soph_handoff_samsung_sds_v1_INPUT_PACKAGE_FOR_SOPH.zip","62E6952198DA55E2A57010078CE8694F336E264DB41DC60E9FC9FEA6666A1AE5","[삼성에스디에스]사업보고서_IFRS(원문XBRL)(2026.03.10).zip","D2558F56DA6B973A6CDB9C4ECFD713916C284490596815C8E8A0A4644BA4BA6E","3","entity00126186_2025-12-31_def.xml","entity00126186_2025-12-31_def.xml",".xml","4966203","170406","False","False","False","False","False","True","7B55FFAEC0F7AE5EFBD048C81CB140B4A2AFF4044DB9F72A2D194BA2B8A3877B","PASS",""
"018260","삼성SDS","soph_handoff_samsung_sds_v1_INPUT_PACKAGE_FOR_SOPH.zip","62E6952198DA55E2A57010078CE8694F336E264DB41DC60E9FC9FEA6666A1AE5","[삼성에스디에스]사업보고서_IFRS(원문XBRL)(2026.03.10).zip","D2558F56DA6B973A6CDB9C4ECFD713916C284490596815C8E8A0A4644BA4BA6E","4","entity00126186_2025-12-31_cal.xml","entity00126186_2025-12-31_cal.xml",".xml","148931","6965","False","False","False","False","True","False","EA108E38AE84644415BED56F4C1DBFF37D0FC2CCE2738500A7BAD35E54DAABDA","PASS",""
"018260","삼성SDS","soph_handoff_samsung_sds_v1_INPUT_PACKAGE_FOR_SOPH.zip","62E6952198DA55E2A57010078CE8694F336E264DB41DC60E9FC9FEA6666A1AE5","[삼성에스디에스]사업보고서_IFRS(원문XBRL)(2026.03.10).zip","D2558F56DA6B973A6CDB9C4ECFD713916C284490596815C8E8A0A4644BA4BA6E","5","entity00126186_2025-12-31_pre.xml","entity00126186_2025-12-31_pre.xml",".xml","3421090","143503","False","False","False","True","False","False","5461613956D22BAA53FA9F73304698A557D581B6611A10402B7A712D850A5957","PASS",""
"018260","삼성SDS","soph_handoff_samsung_sds_v1_INPUT_PACKAGE_FOR_SOPH.zip","62E6952198DA55E2A57010078CE8694F336E264DB41DC60E9FC9FEA6666A1AE5","[삼성에스디에스]사업보고서_IFRS(원문XBRL)(2026.03.10).zip","D2558F56DA6B973A6CDB9C4ECFD713916C284490596815C8E8A0A4644BA4BA6E","6","entity00126186_2025-12-31_lab-ko.xml","entity00126186_2025-12-31_lab-ko.xml",".xml","4388789","184092","False","False","True","False","False","False","652969F483B8DC37F74C07640B6931F2CEC20D4B42899C1ED7B0342F049140E1","PASS",""
"018260","삼성SDS","soph_handoff_samsung_sds_v1_INPUT_PACKAGE_FOR_SOPH.zip","62E6952198DA55E2A57010078CE8694F336E264DB41DC60E9FC9FEA6666A1AE5","[삼성에스디에스]사업보고서_IFRS(원문XBRL)(2026.03.10).zip","D2558F56DA6B973A6CDB9C4ECFD713916C284490596815C8E8A0A4644BA4BA6E","7","entity00126186_2025-12-31_lab-en.xml","entity00126186_2025-12-31_lab-en.xml",".xml","4466313","174246","False","False","True","False","False","False","43084A620258AD5857DD39864C15DC3428CB14341BB61235427CD178A2E1A43A","PASS",""
"064400","LG CNS","soph_handoff_lg_cns_v1_INPUT_PACKAGE_FOR_SOPH.zip","253001EABC6F2BABEF55109B210DFE88CE290FEEEC36D420FEEDCEE97E765E92","[LG씨엔에스]반기보고서_IFRS(원문XBRL)(2024.08.14).zip","D1DC3968CD886FA0D9DF1736F8E203742842354B68768DBCB6A7B199CCB91224","1","entity00139834_2024-06-30.xbrl","entity00139834_2024-06-30.xbrl",".xbrl","304891","15232","True","False","False","False","False","False","C5E7761A9CEAF3E2F881154F9D60D4A85F9C84F897E476C97044E378E33D8601","PASS",""
"064400","LG CNS","soph_handoff_lg_cns_v1_INPUT_PACKAGE_FOR_SOPH.zip","253001EABC6F2BABEF55109B210DFE88CE290FEEEC36D420FEEDCEE97E765E92","[LG씨엔에스]반기보고서_IFRS(원문XBRL)(2024.08.14).zip","D1DC3968CD886FA0D9DF1736F8E203742842354B68768DBCB6A7B199CCB91224","2","entity00139834_2024-06-30.xsd","entity00139834_2024-06-30.xsd",".xsd","51435","3423","False","True","False","False","False","False","00E826BDA5453075DD64EA11FEDC938B767CDBA48B3D2C8299EF28B15A0848E2","PASS",""
"064400","LG CNS","soph_handoff_lg_cns_v1_INPUT_PACKAGE_FOR_SOPH.zip","253001EABC6F2BABEF55109B210DFE88CE290FEEEC36D420FEEDCEE97E765E92","[LG씨엔에스]반기보고서_IFRS(원문XBRL)(2024.08.14).zip","D1DC3968CD886FA0D9DF1736F8E203742842354B68768DBCB6A7B199CCB91224","3","entity00139834_2024-06-30_def.xml","entity00139834_2024-06-30_def.xml",".xml","290482","12172","False","False","False","False","False","True","37B5A8790F9C9C82DB9580787312FD468BBFB12AB238EAA50FA06531C373EC1E","PASS",""
"064400","LG CNS","soph_handoff_lg_cns_v1_INPUT_PACKAGE_FOR_SOPH.zip","253001EABC6F2BABEF55109B210DFE88CE290FEEEC36D420FEEDCEE97E765E92","[LG씨엔에스]반기보고서_IFRS(원문XBRL)(2024.08.14).zip","D1DC3968CD886FA0D9DF1736F8E203742842354B68768DBCB6A7B199CCB91224","4","entity00139834_2024-06-30_cal.xml","entity00139834_2024-06-30_cal.xml",".xml","202649","8955","False","False","False","False","True","False","F58C8959E9CF034542CB6CEAA155BF06A22E39C94A4F68FF2A650AE4FE9A1486","PASS",""
"064400","LG CNS","soph_handoff_lg_cns_v1_INPUT_PACKAGE_FOR_SOPH.zip","253001EABC6F2BABEF55109B210DFE88CE290FEEEC36D420FEEDCEE97E765E92","[LG씨엔에스]반기보고서_IFRS(원문XBRL)(2024.08.14).zip","D1DC3968CD886FA0D9DF1736F8E203742842354B68768DBCB6A7B199CCB91224","5","entity00139834_2024-06-30_pre.xml","entity00139834_2024-06-30_pre.xml",".xml","281692","11896","False","False","False","True","False","False","AD5E87053F5A4A5678C48DA23356ECC66E9547BD255E6E47563F93D801EAC57F","PASS",""
"064400","LG CNS","soph_handoff_lg_cns_v1_INPUT_PACKAGE_FOR_SOPH.zip","253001EABC6F2BABEF55109B210DFE88CE290FEEEC36D420FEEDCEE97E765E92","[LG씨엔에스]반기보고서_IFRS(원문XBRL)(2024.08.14).zip","D1DC3968CD886FA0D9DF1736F8E203742842354B68768DBCB6A7B199CCB91224","6","entity00139834_2024-06-30_lab-ko.xml","entity00139834_2024-06-30_lab-ko.xml",".xml","430150","21048","False","False","True","False","False","False","3018AD33BD9CA45073A2D601B810C2BD77ECE43F03613E033F6F4D9E71CF972F","PASS",""
"064400","LG CNS","soph_handoff_lg_cns_v1_INPUT_PACKAGE_FOR_SOPH.zip","253001EABC6F2BABEF55109B210DFE88CE290FEEEC36D420FEEDCEE97E765E92","[LG씨엔에스]반기보고서_IFRS(원문XBRL)(2024.08.14).zip","D1DC3968CD886FA0D9DF1736F8E203742842354B68768DBCB6A7B199CCB91224","7","entity00139834_2024-06-30_lab-en.xml","entity00139834_2024-06-30_lab-en.xml",".xml","438795","20234","False","False","True","False","False","False","8E1E782BB93A74FB9B05B59FA46174608F6B993A213460FDBF8CC5B20BAC8935","PASS",""
"064400","LG CNS","soph_handoff_lg_cns_v1_INPUT_PACKAGE_FOR_SOPH.zip","253001EABC6F2BABEF55109B210DFE88CE290FEEEC36D420FEEDCEE97E765E92","[LG씨엔에스]반기보고서_IFRS(원문XBRL)(2025.08.14).zip","2A4E9EB9C1E3692AECD3F2A4D1EE9034B27C7217164A6568F07FECC2AB03507A","1","entity00139834_2025-06-30.xbrl","entity00139834_2025-06-30.xbrl",".xbrl","4852079","232922","True","False","False","False","False","False","6E70EB4ACF6CDDAEB906567A2A3B543811640C484ADDFEF2B2932882C987D465","PASS",""
"064400","LG CNS","soph_handoff_lg_cns_v1_INPUT_PACKAGE_FOR_SOPH.zip","253001EABC6F2BABEF55109B210DFE88CE290FEEEC36D420FEEDCEE97E765E92","[LG씨엔에스]반기보고서_IFRS(원문XBRL)(2025.08.14).zip","2A4E9EB9C1E3692AECD3F2A4D1EE9034B27C7217164A6568F07FECC2AB03507A","2","entity00139834_2025-06-30.xsd","entity00139834_2025-06-30.xsd",".xsd","357710","26535","False","True","False","False","False","False","1A325FF55E41D227B266A32981A42617DE3DD430B0C49B0BD0EA805FF19BD003","PASS",""
"064400","LG CNS","soph_handoff_lg_cns_v1_INPUT_PACKAGE_FOR_SOPH.zip","253001EABC6F2BABEF55109B210DFE88CE290FEEEC36D420FEEDCEE97E765E92","[LG씨엔에스]반기보고서_IFRS(원문XBRL)(2025.08.14).zip","2A4E9EB9C1E3692AECD3F2A4D1EE9034B27C7217164A6568F07FECC2AB03507A","3","entity00139834_2025-06-30_def.xml","entity00139834_2025-06-30_def.xml",".xml","4586123","161046","False","False","False","False","False","True","4608532F283BA5AD80ADE9025126DA0E8BF6EC4E9FAC0887781690C27A340213","PASS",""
"064400","LG CNS","soph_handoff_lg_cns_v1_INPUT_PACKAGE_FOR_SOPH.zip","253001EABC6F2BABEF55109B210DFE88CE290FEEEC36D420FEEDCEE97E765E92","[LG씨엔에스]반기보고서_IFRS(원문XBRL)(2025.08.14).zip","2A4E9EB9C1E3692AECD3F2A4D1EE9034B27C7217164A6568F07FECC2AB03507A","4","entity00139834_2025-06-30_cal.xml","entity00139834_2025-06-30_cal.xml",".xml","184221","8242","False","False","False","False","True","False","337FF36C3239819F9F434F25074C8CA662E639FB3ECB18BFFC868B852F6BC76A","PASS",""
"064400","LG CNS","soph_handoff_lg_cns_v1_INPUT_PACKAGE_FOR_SOPH.zip","253001EABC6F2BABEF55109B210DFE88CE290FEEEC36D420FEEDCEE97E765E92","[LG씨엔에스]반기보고서_IFRS(원문XBRL)(2025.08.14).zip","2A4E9EB9C1E3692AECD3F2A4D1EE9034B27C7217164A6568F07FECC2AB03507A","5","entity00139834_2025-06-30_pre.xml","entity00139834_2025-06-30_pre.xml",".xml","3141428","134528","False","False","False","True","False","False","452D692E7483C12221353521E60C7F821AB9367AD7567EDFBF41A2D815E65051","PASS",""
"064400","LG CNS","soph_handoff_lg_cns_v1_INPUT_PACKAGE_FOR_SOPH.zip","253001EABC6F2BABEF55109B210DFE88CE290FEEEC36D420FEEDCEE97E765E92","[LG씨엔에스]반기보고서_IFRS(원문XBRL)(2025.08.14).zip","2A4E9EB9C1E3692AECD3F2A4D1EE9034B27C7217164A6568F07FECC2AB03507A","6","entity00139834_2025-06-30_lab-ko.xml","entity00139834_2025-06-30_lab-ko.xml",".xml","3621994","158844","False","False","True","False","False","False","E4B217F39D12DA8B04D392E0F66B8514EA6F9169A5F30628E4A200F8F492B643","PASS",""
"064400","LG CNS","soph_handoff_lg_cns_v1_INPUT_PACKAGE_FOR_SOPH.zip","253001EABC6F2BABEF55109B210DFE88CE290FEEEC36D420FEEDCEE97E765E92","[LG씨엔에스]반기보고서_IFRS(원문XBRL)(2025.08.14).zip","2A4E9EB9C1E3692AECD3F2A4D1EE9034B27C7217164A6568F07FECC2AB03507A","7","entity00139834_2025-06-30_lab-en.xml","entity00139834_2025-06-30_lab-en.xml",".xml","3688851","151290","False","False","True","False","False","False","ECA45448F6CE561EE32A761371155E0E97BDBC6094241CA7C26163CF0828A504","PASS",""
"064400","LG CNS","soph_handoff_lg_cns_v1_INPUT_PACKAGE_FOR_SOPH.zip","253001EABC6F2BABEF55109B210DFE88CE290FEEEC36D420FEEDCEE97E765E92","[LG씨엔에스]분기보고서_IFRS(원문XBRL)(2023.11.14).zip","9C1595C8ED86ACDEE69E65DE0E937445F64C37F7B67464853C54F31417436E0D","1","entity00139834_2023-09-30.xbrl","entity00139834_2023-09-30.xbrl",".xbrl","302110","16410","True","False","False","False","False","False","166A9E1CB976FBEDBF5B1DB9BB8484B1CEE0CA6F89AD2C8043BA20B786BF85B5","PASS",""
"064400","LG CNS","soph_handoff_lg_cns_v1_INPUT_PACKAGE_FOR_SOPH.zip","253001EABC6F2BABEF55109B210DFE88CE290FEEEC36D420FEEDCEE97E765E92","[LG씨엔에스]분기보고서_IFRS(원문XBRL)(2023.11.14).zip","9C1595C8ED86ACDEE69E65DE0E937445F64C37F7B67464853C54F31417436E0D","2","entity00139834_2023-09-30.xsd","entity00139834_2023-09-30.xsd",".xsd","49635","3395","False","True","False","False","False","False","8D2974BB6ED8D7C333DF958FB30DB0A0BF2C9C5FA6EF1FF20863D2DE3967A84D","PASS",""
"064400","LG CNS","soph_handoff_lg_cns_v1_INPUT_PACKAGE_FOR_SOPH.zip","253001EABC6F2BABEF55109B210DFE88CE290FEEEC36D420FEEDCEE97E765E92","[LG씨엔에스]분기보고서_IFRS(원문XBRL)(2023.11.14).zip","9C1595C8ED86ACDEE69E65DE0E937445F64C37F7B67464853C54F31417436E0D","3","entity00139834_2023-09-30_def.xml","entity00139834_2023-09-30_def.xml",".xml","285812","12114","False","False","False","False","False","True","C217F220E8B833801DFAD030FB55BBFF82FEA273562F41C845AA2A1B2B6EBD4C","PASS",""
"064400","LG CNS","soph_handoff_lg_cns_v1_INPUT_PACKAGE_FOR_SOPH.zip","253001EABC6F2BABEF55109B210DFE88CE290FEEEC36D420FEEDCEE97E765E92","[LG씨엔에스]분기보고서_IFRS(원문XBRL)(2023.11.14).zip","9C1595C8ED86ACDEE69E65DE0E937445F64C37F7B67464853C54F31417436E0D","4","entity00139834_2023-09-30_cal.xml","entity00139834_2023-09-30_cal.xml",".xml","197909","8846","False","False","False","False","True","False","2E28C74DC386C56BF823D9BFFCCEC5DBD593602D46590DAB5C8992444CFDE10A","PASS",""
"064400","LG CNS","soph_handoff_lg_cns_v1_INPUT_PACKAGE_FOR_SOPH.zip","253001EABC6F2BABEF55109B210DFE88CE290FEEEC36D420FEEDCEE97E765E92","[LG씨엔에스]분기보고서_IFRS(원문XBRL)(2023.11.14).zip","9C1595C8ED86ACDEE69E65DE0E937445F64C37F7B67464853C54F31417436E0D","5","entity00139834_2023-09-30_pre.xml","entity00139834_2023-09-30_pre.xml",".xml","277020","11793","False","False","False","True","False","False","D47CEFBED3C688B4273C82D948A8605B5FE5977889BA8F0819DCC3CAC45BEBC5","PASS",""
"064400","LG CNS","soph_handoff_lg_cns_v1_INPUT_PACKAGE_FOR_SOPH.zip","253001EABC6F2BABEF55109B210DFE88CE290FEEEC36D420FEEDCEE97E765E92","[LG씨엔에스]분기보고서_IFRS(원문XBRL)(2023.11.14).zip","9C1595C8ED86ACDEE69E65DE0E937445F64C37F7B67464853C54F31417436E0D","6","entity00139834_2023-09-30_lab-ko.xml","entity00139834_2023-09-30_lab-ko.xml",".xml","422112","20628","False","False","True","False","False","False","4B64FD3034F0A772BD520B31734ADED0F3CB7B9921A4A91B7C19DF05EBBF4E09","PASS",""
"064400","LG CNS","soph_handoff_lg_cns_v1_INPUT_PACKAGE_FOR_SOPH.zip","253001EABC6F2BABEF55109B210DFE88CE290FEEEC36D420FEEDCEE97E765E92","[LG씨엔에스]분기보고서_IFRS(원문XBRL)(2023.11.14).zip","9C1595C8ED86ACDEE69E65DE0E937445F64C37F7B67464853C54F31417436E0D","7","entity00139834_2023-09-30_lab-en.xml","entity00139834_2023-09-30_lab-en.xml",".xml","430844","19895","False","False","True","False","False","False","C68DCF1BBA7B3A5F186C5C7321784F08ECF3D56E25192BBBF8938B4AD97B6C12","PASS",""
"064400","LG CNS","soph_handoff_lg_cns_v1_INPUT_PACKAGE_FOR_SOPH.zip","253001EABC6F2BABEF55109B210DFE88CE290FEEEC36D420FEEDCEE97E765E92","[LG씨엔에스]분기보고서_IFRS(원문XBRL)(2024.05.16).zip","D5E4001E077B8C7C94112D4D72940D0F1A41E3C738846FC914255F864EC26797","1","entity00139834_2024-03-31.xbrl","entity00139834_2024-03-31.xbrl",".xbrl","268009","13594","True","False","False","False","False","False","5D4CCB59202C4F92366C96E7A908252C68094853EA4265DA4E3E686C46430DDA","PASS",""
"064400","LG CNS","soph_handoff_lg_cns_v1_INPUT_PACKAGE_FOR_SOPH.zip","253001EABC6F2BABEF55109B210DFE88CE290FEEEC36D420FEEDCEE97E765E92","[LG씨엔에스]분기보고서_IFRS(원문XBRL)(2024.05.16).zip","D5E4001E077B8C7C94112D4D72940D0F1A41E3C738846FC914255F864EC26797","2","entity00139834_2024-03-31.xsd","entity00139834_2024-03-31.xsd",".xsd","46269","3293","False","True","False","False","False","False","40E46FCC8C109D8615C86D735392C2A7CA3A3A55740116A77DA4ED9DA7989A33","PASS",""
"064400","LG CNS","soph_handoff_lg_cns_v1_INPUT_PACKAGE_FOR_SOPH.zip","253001EABC6F2BABEF55109B210DFE88CE290FEEEC36D420FEEDCEE97E765E92","[LG씨엔에스]분기보고서_IFRS(원문XBRL)(2024.05.16).zip","D5E4001E077B8C7C94112D4D72940D0F1A41E3C738846FC914255F864EC26797","3","entity00139834_2024-03-31_def.xml","entity00139834_2024-03-31_def.xml",".xml","275607","11595","False","False","False","False","False","True","C810676E80F53FE84CF3843EDBF5743C7E445543792432901C622582281F7F07","PASS",""
"064400","LG CNS","soph_handoff_lg_cns_v1_INPUT_PACKAGE_FOR_SOPH.zip","253001EABC6F2BABEF55109B210DFE88CE290FEEEC36D420FEEDCEE97E765E92","[LG씨엔에스]분기보고서_IFRS(원문XBRL)(2024.05.16).zip","D5E4001E077B8C7C94112D4D72940D0F1A41E3C738846FC914255F864EC26797","4","entity00139834_2024-03-31_cal.xml","entity00139834_2024-03-31_cal.xml",".xml","187582","8487","False","False","False","False","True","False","DEA338250848BA6512A192067EA22FD354FB10DFB936C3C86D569EE22C6DC679","PASS",""
"064400","LG CNS","soph_handoff_lg_cns_v1_INPUT_PACKAGE_FOR_SOPH.zip","253001EABC6F2BABEF55109B210DFE88CE290FEEEC36D420FEEDCEE97E765E92","[LG씨엔에스]분기보고서_IFRS(원문XBRL)(2024.05.16).zip","D5E4001E077B8C7C94112D4D72940D0F1A41E3C738846FC914255F864EC26797","5","entity00139834_2024-03-31_pre.xml","entity00139834_2024-03-31_pre.xml",".xml","266711","11360","False","False","False","True","False","False","8D85ED7B7D3DE1F47D20ED433F9DA78ABE4EED73899B642A5F4D87F23A59A249","PASS",""
"064400","LG CNS","soph_handoff_lg_cns_v1_INPUT_PACKAGE_FOR_SOPH.zip","253001EABC6F2BABEF55109B210DFE88CE290FEEEC36D420FEEDCEE97E765E92","[LG씨엔에스]분기보고서_IFRS(원문XBRL)(2024.05.16).zip","D5E4001E077B8C7C94112D4D72940D0F1A41E3C738846FC914255F864EC26797","6","entity00139834_2024-03-31_lab-ko.xml","entity00139834_2024-03-31_lab-ko.xml",".xml","406948","20242","False","False","True","False","False","False","15FD81C651A30085DC465C572D0AE29178D8460671B4F91620339DC77F7B82FB","PASS",""
"064400","LG CNS","soph_handoff_lg_cns_v1_INPUT_PACKAGE_FOR_SOPH.zip","253001EABC6F2BABEF55109B210DFE88CE290FEEEC36D420FEEDCEE97E765E92","[LG씨엔에스]분기보고서_IFRS(원문XBRL)(2024.05.16).zip","D5E4001E077B8C7C94112D4D72940D0F1A41E3C738846FC914255F864EC26797","7","entity00139834_2024-03-31_lab-en.xml","entity00139834_2024-03-31_lab-en.xml",".xml","415415","19411","False","False","True","False","False","False","B89DA94E442AB702C7840901F0EEFCDC469A6097F5A2A07173AAFBDA4D270AD1","PASS",""
"064400","LG CNS","soph_handoff_lg_cns_v1_INPUT_PACKAGE_FOR_SOPH.zip","253001EABC6F2BABEF55109B210DFE88CE290FEEEC36D420FEEDCEE97E765E92","[LG씨엔에스]분기보고서_IFRS(원문XBRL)(2024.11.14).zip","A939BDFBEC57896F02230E590187E641B7034EDE9860C1C2179FDDEF4C4DF3D5","1","entity00139834_2024-09-30.xbrl","entity00139834_2024-09-30.xbrl",".xbrl","307726","15764","True","False","False","False","False","False","96B6FFE34C33609C997A15D20D3F2F4FF4841A998BB91531403D1A18AB201C34","PASS",""
"064400","LG CNS","soph_handoff_lg_cns_v1_INPUT_PACKAGE_FOR_SOPH.zip","253001EABC6F2BABEF55109B210DFE88CE290FEEEC36D420FEEDCEE97E765E92","[LG씨엔에스]분기보고서_IFRS(원문XBRL)(2024.11.14).zip","A939BDFBEC57896F02230E590187E641B7034EDE9860C1C2179FDDEF4C4DF3D5","2","entity00139834_2024-09-30.xsd","entity00139834_2024-09-30.xsd",".xsd","52525","3444","False","True","False","False","False","False","315102092538ECC475BD3EACA40777E0127FD040C685644D848F7733992B104B","PASS",""
"064400","LG CNS","soph_handoff_lg_cns_v1_INPUT_PACKAGE_FOR_SOPH.zip","253001EABC6F2BABEF55109B210DFE88CE290FEEEC36D420FEEDCEE97E765E92","[LG씨엔에스]분기보고서_IFRS(원문XBRL)(2024.11.14).zip","A939BDFBEC57896F02230E590187E641B7034EDE9860C1C2179FDDEF4C4DF3D5","3","entity00139834_2024-09-30_def.xml","entity00139834_2024-09-30_def.xml",".xml","293551","12252","False","False","False","False","False","True","8F604EDE84F12557907F0F6D45032A05E74BB795AB9928A4F7307BB92711F7F3","PASS",""
"064400","LG CNS","soph_handoff_lg_cns_v1_INPUT_PACKAGE_FOR_SOPH.zip","253001EABC6F2BABEF55109B210DFE88CE290FEEEC36D420FEEDCEE97E765E92","[LG씨엔에스]분기보고서_IFRS(원문XBRL)(2024.11.14).zip","A939BDFBEC57896F02230E590187E641B7034EDE9860C1C2179FDDEF4C4DF3D5","4","entity00139834_2024-09-30_cal.xml","entity00139834_2024-09-30_cal.xml",".xml","205748","9052","False","False","False","False","True","False","463E23594A2903875B34985C045DA6683D513320605F7E74C7C3EDA5DB5E3719","PASS",""
"064400","LG CNS","soph_handoff_lg_cns_v1_INPUT_PACKAGE_FOR_SOPH.zip","253001EABC6F2BABEF55109B210DFE88CE290FEEEC36D420FEEDCEE97E765E92","[LG씨엔에스]분기보고서_IFRS(원문XBRL)(2024.11.14).zip","A939BDFBEC57896F02230E590187E641B7034EDE9860C1C2179FDDEF4C4DF3D5","5","entity00139834_2024-09-30_pre.xml","entity00139834_2024-09-30_pre.xml",".xml","284769","11974","False","False","False","True","False","False","8CBF58C2C856A3380F102F6BB6BC75FFC470027E69277ECEFF2C681B648D6074","PASS",""
"064400","LG CNS","soph_handoff_lg_cns_v1_INPUT_PACKAGE_FOR_SOPH.zip","253001EABC6F2BABEF55109B210DFE88CE290FEEEC36D420FEEDCEE97E765E92","[LG씨엔에스]분기보고서_IFRS(원문XBRL)(2024.11.14).zip","A939BDFBEC57896F02230E590187E641B7034EDE9860C1C2179FDDEF4C4DF3D5","6","entity00139834_2024-09-30_lab-ko.xml","entity00139834_2024-09-30_lab-ko.xml",".xml","435252","21211","False","False","True","False","False","False","53A0016D2E8FB7E671270B74F4CE976725724ED3DDB2AA99F62F7B7A00C53047","PASS",""
"064400","LG CNS","soph_handoff_lg_cns_v1_INPUT_PACKAGE_FOR_SOPH.zip","253001EABC6F2BABEF55109B210DFE88CE290FEEEC36D420FEEDCEE97E765E92","[LG씨엔에스]분기보고서_IFRS(원문XBRL)(2024.11.14).zip","A939BDFBEC57896F02230E590187E641B7034EDE9860C1C2179FDDEF4C4DF3D5","7","entity00139834_2024-09-30_lab-en.xml","entity00139834_2024-09-30_lab-en.xml",".xml","443970","20372","False","False","True","False","False","False","ACA15A92EA81D239D8E2039FE0A544B4E43C4E4D2666C6924A82212CA5106122","PASS",""
"064400","LG CNS","soph_handoff_lg_cns_v1_INPUT_PACKAGE_FOR_SOPH.zip","253001EABC6F2BABEF55109B210DFE88CE290FEEEC36D420FEEDCEE97E765E92","[LG씨엔에스]분기보고서_IFRS(원문XBRL)(2025.05.15).zip","16944088D47E5673244D516D3DD62E043C0EBDCBD62B7A5981B97A17783B8E89","1","entity00139834_2025-03-31.xbrl","entity00139834_2025-03-31.xbrl",".xbrl","4510159","217632","True","False","False","False","False","False","189EC72E695296E520A140E4FC01E163B15CD3F8AA478F422A5EE7422F35A53A","PASS",""
"064400","LG CNS","soph_handoff_lg_cns_v1_INPUT_PACKAGE_FOR_SOPH.zip","253001EABC6F2BABEF55109B210DFE88CE290FEEEC36D420FEEDCEE97E765E92","[LG씨엔에스]분기보고서_IFRS(원문XBRL)(2025.05.15).zip","16944088D47E5673244D516D3DD62E043C0EBDCBD62B7A5981B97A17783B8E89","2","entity00139834_2025-03-31.xsd","entity00139834_2025-03-31.xsd",".xsd","353716","22004","False","True","False","False","False","False","A350AA4C030D1FB50DB6EC465A1F69943A3ED1761E8499A8C8D987F4E5AB99A6","PASS",""
"064400","LG CNS","soph_handoff_lg_cns_v1_INPUT_PACKAGE_FOR_SOPH.zip","253001EABC6F2BABEF55109B210DFE88CE290FEEEC36D420FEEDCEE97E765E92","[LG씨엔에스]분기보고서_IFRS(원문XBRL)(2025.05.15).zip","16944088D47E5673244D516D3DD62E043C0EBDCBD62B7A5981B97A17783B8E89","3","entity00139834_2025-03-31_def.xml","entity00139834_2025-03-31_def.xml",".xml","4513818","157798","False","False","False","False","False","True","C054E284C568EF3B5F52D36BFD253318B82213E47A13B3D1AAC4D58352800780","PASS",""
"064400","LG CNS","soph_handoff_lg_cns_v1_INPUT_PACKAGE_FOR_SOPH.zip","253001EABC6F2BABEF55109B210DFE88CE290FEEEC36D420FEEDCEE97E765E92","[LG씨엔에스]분기보고서_IFRS(원문XBRL)(2025.05.15).zip","16944088D47E5673244D516D3DD62E043C0EBDCBD62B7A5981B97A17783B8E89","4","entity00139834_2025-03-31_cal.xml","entity00139834_2025-03-31_cal.xml",".xml","176218","7752","False","False","False","False","True","False","3B47D3260F5BCD1EE6453812F8F828C347E698B53A7B582EFCFFAAFC8D8151C5","PASS",""
"064400","LG CNS","soph_handoff_lg_cns_v1_INPUT_PACKAGE_FOR_SOPH.zip","253001EABC6F2BABEF55109B210DFE88CE290FEEEC36D420FEEDCEE97E765E92","[LG씨엔에스]분기보고서_IFRS(원문XBRL)(2025.05.15).zip","16944088D47E5673244D516D3DD62E043C0EBDCBD62B7A5981B97A17783B8E89","5","entity00139834_2025-03-31_pre.xml","entity00139834_2025-03-31_pre.xml",".xml","3088947","132258","False","False","False","True","False","False","25CB79F26BBD5EF6CA5C0C4E72F0925CC4419BD49487F5C75BB1DF8746E93025","PASS",""
"064400","LG CNS","soph_handoff_lg_cns_v1_INPUT_PACKAGE_FOR_SOPH.zip","253001EABC6F2BABEF55109B210DFE88CE290FEEEC36D420FEEDCEE97E765E92","[LG씨엔에스]분기보고서_IFRS(원문XBRL)(2025.05.15).zip","16944088D47E5673244D516D3DD62E043C0EBDCBD62B7A5981B97A17783B8E89","6","entity00139834_2025-03-31_lab-ko.xml","entity00139834_2025-03-31_lab-ko.xml",".xml","3559317","155767","False","False","True","False","False","False","556758D497281E6AE84182C11066BDB695C2A45F2AFBA649D6A803D373F208A6","PASS",""
"064400","LG CNS","soph_handoff_lg_cns_v1_INPUT_PACKAGE_FOR_SOPH.zip","253001EABC6F2BABEF55109B210DFE88CE290FEEEC36D420FEEDCEE97E765E92","[LG씨엔에스]분기보고서_IFRS(원문XBRL)(2025.05.15).zip","16944088D47E5673244D516D3DD62E043C0EBDCBD62B7A5981B97A17783B8E89","7","entity00139834_2025-03-31_lab-en.xml","entity00139834_2025-03-31_lab-en.xml",".xml","3624371","148560","False","False","True","False","False","False","329348406D73BE324CE7DF49FA2FE9BCAF487F04B03928B675BECD3E221BED1F","PASS",""
"064400","LG CNS","soph_handoff_lg_cns_v1_INPUT_PACKAGE_FOR_SOPH.zip","253001EABC6F2BABEF55109B210DFE88CE290FEEEC36D420FEEDCEE97E765E92","[LG씨엔에스]분기보고서_IFRS(원문XBRL)(2025.11.14).zip","DA7164AA86BF0FBB01B2926F8D44F7D9F6CBE6FE1D7A1DCD99B0372EC73BCD35","1","entity00139834_2025-09-30.xbrl","entity00139834_2025-09-30.xbrl",".xbrl","4865416","257867","True","False","False","False","False","False","68CAD1FDDDCED34C11425C477DD69D865680B9FC421E13C04307D831736451A9","PASS",""
"064400","LG CNS","soph_handoff_lg_cns_v1_INPUT_PACKAGE_FOR_SOPH.zip","253001EABC6F2BABEF55109B210DFE88CE290FEEEC36D420FEEDCEE97E765E92","[LG씨엔에스]분기보고서_IFRS(원문XBRL)(2025.11.14).zip","DA7164AA86BF0FBB01B2926F8D44F7D9F6CBE6FE1D7A1DCD99B0372EC73BCD35","2","entity00139834_2025-09-30.xsd","entity00139834_2025-09-30.xsd",".xsd","356794","26346","False","True","False","False","False","False","5225C36938ED52C4E75E4F0447E6355E2C0546131D0FB1BF2DB48E1150FEDAC4","PASS",""
"064400","LG CNS","soph_handoff_lg_cns_v1_INPUT_PACKAGE_FOR_SOPH.zip","253001EABC6F2BABEF55109B210DFE88CE290FEEEC36D420FEEDCEE97E765E92","[LG씨엔에스]분기보고서_IFRS(원문XBRL)(2025.11.14).zip","DA7164AA86BF0FBB01B2926F8D44F7D9F6CBE6FE1D7A1DCD99B0372EC73BCD35","3","entity00139834_2025-09-30_def.xml","entity00139834_2025-09-30_def.xml",".xml","4567430","161063","False","False","False","False","False","True","82B37773F148D0DD253FE07B3EDD724BCD64C02922355680AEF7B7A9918E3B4C","PASS",""
"064400","LG CNS","soph_handoff_lg_cns_v1_INPUT_PACKAGE_FOR_SOPH.zip","253001EABC6F2BABEF55109B210DFE88CE290FEEEC36D420FEEDCEE97E765E92","[LG씨엔에스]분기보고서_IFRS(원문XBRL)(2025.11.14).zip","DA7164AA86BF0FBB01B2926F8D44F7D9F6CBE6FE1D7A1DCD99B0372EC73BCD35","4","entity00139834_2025-09-30_cal.xml","entity00139834_2025-09-30_cal.xml",".xml","186530","8318","False","False","False","False","True","False","49D305695D235AD884AA42146D2B868211FA92E09F7BC1E1705DB9913C9FA355","PASS",""
"064400","LG CNS","soph_handoff_lg_cns_v1_INPUT_PACKAGE_FOR_SOPH.zip","253001EABC6F2BABEF55109B210DFE88CE290FEEEC36D420FEEDCEE97E765E92","[LG씨엔에스]분기보고서_IFRS(원문XBRL)(2025.11.14).zip","DA7164AA86BF0FBB01B2926F8D44F7D9F6CBE6FE1D7A1DCD99B0372EC73BCD35","5","entity00139834_2025-09-30_pre.xml","entity00139834_2025-09-30_pre.xml",".xml","3137432","134909","False","False","False","True","False","False","D628BE1194FEB471293FEB0529608C266D7F1D530BA97FBF8833E7BA326DC2E6","PASS",""
"064400","LG CNS","soph_handoff_lg_cns_v1_INPUT_PACKAGE_FOR_SOPH.zip","253001EABC6F2BABEF55109B210DFE88CE290FEEEC36D420FEEDCEE97E765E92","[LG씨엔에스]분기보고서_IFRS(원문XBRL)(2025.11.14).zip","DA7164AA86BF0FBB01B2926F8D44F7D9F6CBE6FE1D7A1DCD99B0372EC73BCD35","6","entity00139834_2025-09-30_lab-ko.xml","entity00139834_2025-09-30_lab-ko.xml",".xml","3640465","159426","False","False","True","False","False","False","463DCC2C7B68FB7429EDD4CCC67CD9C3B631D6CBF2222126DC27F60C6678EBBD","PASS",""
"064400","LG CNS","soph_handoff_lg_cns_v1_INPUT_PACKAGE_FOR_SOPH.zip","253001EABC6F2BABEF55109B210DFE88CE290FEEEC36D420FEEDCEE97E765E92","[LG씨엔에스]분기보고서_IFRS(원문XBRL)(2025.11.14).zip","DA7164AA86BF0FBB01B2926F8D44F7D9F6CBE6FE1D7A1DCD99B0372EC73BCD35","7","entity00139834_2025-09-30_lab-en.xml","entity00139834_2025-09-30_lab-en.xml",".xml","3706167","151798","False","False","True","False","False","False","2A535C48E9F8E5AB8562E81D42B879262805CEED306084EBBB1F817A17AD59B4","PASS",""
"064400","LG CNS","soph_handoff_lg_cns_v1_INPUT_PACKAGE_FOR_SOPH.zip","253001EABC6F2BABEF55109B210DFE88CE290FEEEC36D420FEEDCEE97E765E92","[LG씨엔에스]분기보고서_IFRS(원문XBRL)(2026.05.15).zip","C6EBF1DD9B797E5BAAAA58D3F4DD70630A7D416CBADE0B811B9D71BD36DED1AF","1","entity00139834_2026-03-31.xbrl","entity00139834_2026-03-31.xbrl",".xbrl","4167968","207944","True","False","False","False","False","False","F12AD7A4595E466B19C24B77C5DEE95881C248117A17A42206DCD2DC404603AA","PASS",""
"064400","LG CNS","soph_handoff_lg_cns_v1_INPUT_PACKAGE_FOR_SOPH.zip","253001EABC6F2BABEF55109B210DFE88CE290FEEEC36D420FEEDCEE97E765E92","[LG씨엔에스]분기보고서_IFRS(원문XBRL)(2026.05.15).zip","C6EBF1DD9B797E5BAAAA58D3F4DD70630A7D416CBADE0B811B9D71BD36DED1AF","2","entity00139834_2026-03-31.xsd","entity00139834_2026-03-31.xsd",".xsd","302178","23201","False","True","False","False","False","False","2056067CA286552EAF990E10847BB0EB235929A6716CF5DA34FD92DE64FE3BEB","PASS",""
"064400","LG CNS","soph_handoff_lg_cns_v1_INPUT_PACKAGE_FOR_SOPH.zip","253001EABC6F2BABEF55109B210DFE88CE290FEEEC36D420FEEDCEE97E765E92","[LG씨엔에스]분기보고서_IFRS(원문XBRL)(2026.05.15).zip","C6EBF1DD9B797E5BAAAA58D3F4DD70630A7D416CBADE0B811B9D71BD36DED1AF","3","entity00139834_2026-03-31_def.xml","entity00139834_2026-03-31_def.xml",".xml","4360510","152344","False","False","False","False","False","True","15773713C452CEB94BF0ACFF4F43B3850E9322F0191F41D51CA18D6849B77169","PASS",""
"064400","LG CNS","soph_handoff_lg_cns_v1_INPUT_PACKAGE_FOR_SOPH.zip","253001EABC6F2BABEF55109B210DFE88CE290FEEEC36D420FEEDCEE97E765E92","[LG씨엔에스]분기보고서_IFRS(원문XBRL)(2026.05.15).zip","C6EBF1DD9B797E5BAAAA58D3F4DD70630A7D416CBADE0B811B9D71BD36DED1AF","4","entity00139834_2026-03-31_cal.xml","entity00139834_2026-03-31_cal.xml",".xml","166082","7203","False","False","False","False","True","False","247E8633CC2F3FAEEF4E2F922D937BDD867FD24447A7995A2C3F8243952B7FD1","PASS",""
"064400","LG CNS","soph_handoff_lg_cns_v1_INPUT_PACKAGE_FOR_SOPH.zip","253001EABC6F2BABEF55109B210DFE88CE290FEEEC36D420FEEDCEE97E765E92","[LG씨엔에스]분기보고서_IFRS(원문XBRL)(2026.05.15).zip","C6EBF1DD9B797E5BAAAA58D3F4DD70630A7D416CBADE0B811B9D71BD36DED1AF","5","entity00139834_2026-03-31_pre.xml","entity00139834_2026-03-31_pre.xml",".xml","3025598","128905","False","False","False","True","False","False","3F2875A09D03AE618CCDE8749B0F93B74E0CF877AD82693BE5C776260E923B4D","PASS",""
"064400","LG CNS","soph_handoff_lg_cns_v1_INPUT_PACKAGE_FOR_SOPH.zip","253001EABC6F2BABEF55109B210DFE88CE290FEEEC36D420FEEDCEE97E765E92","[LG씨엔에스]분기보고서_IFRS(원문XBRL)(2026.05.15).zip","C6EBF1DD9B797E5BAAAA58D3F4DD70630A7D416CBADE0B811B9D71BD36DED1AF","6","entity00139834_2026-03-31_lab-ko.xml","entity00139834_2026-03-31_lab-ko.xml",".xml","3231262","147317","False","False","True","False","False","False","C62A88CEAE4FA40EFC21FD9CCF2D445B75428CA611B8877D4350294A30088502","PASS",""
"064400","LG CNS","soph_handoff_lg_cns_v1_INPUT_PACKAGE_FOR_SOPH.zip","253001EABC6F2BABEF55109B210DFE88CE290FEEEC36D420FEEDCEE97E765E92","[LG씨엔에스]분기보고서_IFRS(원문XBRL)(2026.05.15).zip","C6EBF1DD9B797E5BAAAA58D3F4DD70630A7D416CBADE0B811B9D71BD36DED1AF","7","entity00139834_2026-03-31_lab-en.xml","entity00139834_2026-03-31_lab-en.xml",".xml","3284409","139874","False","False","True","False","False","False","0EEDA1C2D0FC8EA262E1FB41E416836E0EB05ADF1800FF8E4F06E3B34EAE596A","PASS",""
"064400","LG CNS","soph_handoff_lg_cns_v1_INPUT_PACKAGE_FOR_SOPH.zip","253001EABC6F2BABEF55109B210DFE88CE290FEEEC36D420FEEDCEE97E765E92","[LG씨엔에스]사업보고서_IFRS(원문XBRL)(2024.04.01).zip","2B40DA3A3B01FDFFEFAF94E2BEAE3588006EBE73A2B33CCF0FC4E68974EC9248","1","entity00139834_2023-12-31.xbrl","entity00139834_2023-12-31.xbrl",".xbrl","402166","20223","True","False","False","False","False","False","81EF31621B96A0FB8346062D71D20869283F5EB878B528CC6CA6BD8C4AF509E3","PASS",""
"064400","LG CNS","soph_handoff_lg_cns_v1_INPUT_PACKAGE_FOR_SOPH.zip","253001EABC6F2BABEF55109B210DFE88CE290FEEEC36D420FEEDCEE97E765E92","[LG씨엔에스]사업보고서_IFRS(원문XBRL)(2024.04.01).zip","2B40DA3A3B01FDFFEFAF94E2BEAE3588006EBE73A2B33CCF0FC4E68974EC9248","2","entity00139834_2023-12-31.xsd","entity00139834_2023-12-31.xsd",".xsd","54373","3515","False","True","False","False","False","False","44DB96BEFE3B12967AB6BB9C90C4A94418D2A473528624E8BE9E5A1B852A9B44","PASS",""
"064400","LG CNS","soph_handoff_lg_cns_v1_INPUT_PACKAGE_FOR_SOPH.zip","253001EABC6F2BABEF55109B210DFE88CE290FEEEC36D420FEEDCEE97E765E92","[LG씨엔에스]사업보고서_IFRS(원문XBRL)(2024.04.01).zip","2B40DA3A3B01FDFFEFAF94E2BEAE3588006EBE73A2B33CCF0FC4E68974EC9248","3","entity00139834_2023-12-31_def.xml","entity00139834_2023-12-31_def.xml",".xml","298795","12442","False","False","False","False","False","True","FF2FCA607E642883CA2BB694AAFBB010786AA94568464478DAE0E640ACFCEFE5","PASS",""
"064400","LG CNS","soph_handoff_lg_cns_v1_INPUT_PACKAGE_FOR_SOPH.zip","253001EABC6F2BABEF55109B210DFE88CE290FEEEC36D420FEEDCEE97E765E92","[LG씨엔에스]사업보고서_IFRS(원문XBRL)(2024.04.01).zip","2B40DA3A3B01FDFFEFAF94E2BEAE3588006EBE73A2B33CCF0FC4E68974EC9248","4","entity00139834_2023-12-31_cal.xml","entity00139834_2023-12-31_cal.xml",".xml","211042","9115","False","False","False","False","True","False","2E2178C51A06FA5F7D37816125C0A3A868BD28498DDC13D3EB55BD39550E8095","PASS",""
"064400","LG CNS","soph_handoff_lg_cns_v1_INPUT_PACKAGE_FOR_SOPH.zip","253001EABC6F2BABEF55109B210DFE88CE290FEEEC36D420FEEDCEE97E765E92","[LG씨엔에스]사업보고서_IFRS(원문XBRL)(2024.04.01).zip","2B40DA3A3B01FDFFEFAF94E2BEAE3588006EBE73A2B33CCF0FC4E68974EC9248","5","entity00139834_2023-12-31_pre.xml","entity00139834_2023-12-31_pre.xml",".xml","289969","12117","False","False","False","True","False","False","A7BBD84171DD8B78DC0856D20654645057B54510BA45BCFC255ADF162EE6306C","PASS",""
"064400","LG CNS","soph_handoff_lg_cns_v1_INPUT_PACKAGE_FOR_SOPH.zip","253001EABC6F2BABEF55109B210DFE88CE290FEEEC36D420FEEDCEE97E765E92","[LG씨엔에스]사업보고서_IFRS(원문XBRL)(2024.04.01).zip","2B40DA3A3B01FDFFEFAF94E2BEAE3588006EBE73A2B33CCF0FC4E68974EC9248","6","entity00139834_2023-12-31_lab-ko.xml","entity00139834_2023-12-31_lab-ko.xml",".xml","443558","21331","False","False","True","False","False","False","E4B58159D46434103A3F2FB8DAF9B1AEAEFDBF6C6EFFEA1B4A1A276B03B4831D","PASS",""
"064400","LG CNS","soph_handoff_lg_cns_v1_INPUT_PACKAGE_FOR_SOPH.zip","253001EABC6F2BABEF55109B210DFE88CE290FEEEC36D420FEEDCEE97E765E92","[LG씨엔에스]사업보고서_IFRS(원문XBRL)(2024.04.01).zip","2B40DA3A3B01FDFFEFAF94E2BEAE3588006EBE73A2B33CCF0FC4E68974EC9248","7","entity00139834_2023-12-31_lab-en.xml","entity00139834_2023-12-31_lab-en.xml",".xml","452466","20623","False","False","True","False","False","False","1F25E5B6076BDE558A436FBB14D2D8078A71384696DF3A619938AF8BA674BD2A","PASS",""
"064400","LG CNS","soph_handoff_lg_cns_v1_INPUT_PACKAGE_FOR_SOPH.zip","253001EABC6F2BABEF55109B210DFE88CE290FEEEC36D420FEEDCEE97E765E92","[LG씨엔에스]사업보고서_IFRS(원문XBRL)(2025.03.11).zip","4ECE15FA45D7EABEAD12237BB52DCC34FB99AE33741AE4BB74C47395945BABEC","1","entity00139834_2024-12-31.xbrl","entity00139834_2024-12-31.xbrl",".xbrl","402364","18164","True","False","False","False","False","False","95875B7A01FBE1DFF7178FFB7EFFB7F6EA9BB2ADA105308FA7CA6751514EBEE3","PASS",""
"064400","LG CNS","soph_handoff_lg_cns_v1_INPUT_PACKAGE_FOR_SOPH.zip","253001EABC6F2BABEF55109B210DFE88CE290FEEEC36D420FEEDCEE97E765E92","[LG씨엔에스]사업보고서_IFRS(원문XBRL)(2025.03.11).zip","4ECE15FA45D7EABEAD12237BB52DCC34FB99AE33741AE4BB74C47395945BABEC","2","entity00139834_2024-12-31.xsd","entity00139834_2024-12-31.xsd",".xsd","54129","3505","False","True","False","False","False","False","DB3A77A784ECE09A5BA771BBBE334D47358F3E3EF4C7938B17A0B2AF5F7EE926","PASS",""
"064400","LG CNS","soph_handoff_lg_cns_v1_INPUT_PACKAGE_FOR_SOPH.zip","253001EABC6F2BABEF55109B210DFE88CE290FEEEC36D420FEEDCEE97E765E92","[LG씨엔에스]사업보고서_IFRS(원문XBRL)(2025.03.11).zip","4ECE15FA45D7EABEAD12237BB52DCC34FB99AE33741AE4BB74C47395945BABEC","3","entity00139834_2024-12-31_def.xml","entity00139834_2024-12-31_def.xml",".xml","298190","12504","False","False","False","False","False","True","389DCA93BEDD23FFC33DB64EDD721588CC3EB74FDA106A524CBDC84A145151EB","PASS",""
"064400","LG CNS","soph_handoff_lg_cns_v1_INPUT_PACKAGE_FOR_SOPH.zip","253001EABC6F2BABEF55109B210DFE88CE290FEEEC36D420FEEDCEE97E765E92","[LG씨엔에스]사업보고서_IFRS(원문XBRL)(2025.03.11).zip","4ECE15FA45D7EABEAD12237BB52DCC34FB99AE33741AE4BB74C47395945BABEC","4","entity00139834_2024-12-31_cal.xml","entity00139834_2024-12-31_cal.xml",".xml","210447","9147","False","False","False","False","True","False","CC064133D846A2457483CFD63609250C2C0321DBED016BDF173ED004A35A196D","PASS",""
"064400","LG CNS","soph_handoff_lg_cns_v1_INPUT_PACKAGE_FOR_SOPH.zip","253001EABC6F2BABEF55109B210DFE88CE290FEEEC36D420FEEDCEE97E765E92","[LG씨엔에스]사업보고서_IFRS(원문XBRL)(2025.03.11).zip","4ECE15FA45D7EABEAD12237BB52DCC34FB99AE33741AE4BB74C47395945BABEC","5","entity00139834_2024-12-31_pre.xml","entity00139834_2024-12-31_pre.xml",".xml","289424","12165","False","False","False","True","False","False","DB60DCAB768B3FC47BEF7F24F3D4D78C6F9196D46763EAFD315D8E6FFBE59992","PASS",""
"064400","LG CNS","soph_handoff_lg_cns_v1_INPUT_PACKAGE_FOR_SOPH.zip","253001EABC6F2BABEF55109B210DFE88CE290FEEEC36D420FEEDCEE97E765E92","[LG씨엔에스]사업보고서_IFRS(원문XBRL)(2025.03.11).zip","4ECE15FA45D7EABEAD12237BB52DCC34FB99AE33741AE4BB74C47395945BABEC","6","entity00139834_2024-12-31_lab-ko.xml","entity00139834_2024-12-31_lab-ko.xml",".xml","443650","21509","False","False","True","False","False","False","145F194AEE5438EB36192E6D521844FF0B54DF7475113E18E573E3BC777A22E1","PASS",""
"064400","LG CNS","soph_handoff_lg_cns_v1_INPUT_PACKAGE_FOR_SOPH.zip","253001EABC6F2BABEF55109B210DFE88CE290FEEEC36D420FEEDCEE97E765E92","[LG씨엔에스]사업보고서_IFRS(원문XBRL)(2025.03.11).zip","4ECE15FA45D7EABEAD12237BB52DCC34FB99AE33741AE4BB74C47395945BABEC","7","entity00139834_2024-12-31_lab-en.xml","entity00139834_2024-12-31_lab-en.xml",".xml","452371","20673","False","False","True","False","False","False","104445F922D7DFD7917AED971446BEBD74108E256F7716B77AA97F8EC3164203","PASS",""
"064400","LG CNS","soph_handoff_lg_cns_v1_INPUT_PACKAGE_FOR_SOPH.zip","253001EABC6F2BABEF55109B210DFE88CE290FEEEC36D420FEEDCEE97E765E92","[LG씨엔에스]사업보고서_IFRS(원문XBRL)(2026.03.16).zip","400FDADEC1D33173E270EDBB54190324A8BF18E000CB845E95AEE28CE1F5C881","1","entity00139834_2025-12-31.xbrl","entity00139834_2025-12-31.xbrl",".xbrl","4893286","239925","True","False","False","False","False","False","B8C32BCF0392E559AEA6BA94598227D1BB8D9A12DD60A12A62C3C751B28B2937","PASS",""
"064400","LG CNS","soph_handoff_lg_cns_v1_INPUT_PACKAGE_FOR_SOPH.zip","253001EABC6F2BABEF55109B210DFE88CE290FEEEC36D420FEEDCEE97E765E92","[LG씨엔에스]사업보고서_IFRS(원문XBRL)(2026.03.16).zip","400FDADEC1D33173E270EDBB54190324A8BF18E000CB845E95AEE28CE1F5C881","2","entity00139834_2025-12-31.xsd","entity00139834_2025-12-31.xsd",".xsd","362019","28135","False","True","False","False","False","False","3E74804B1570806CEE5DD13D45D3D44F91C937CF9EE127377A0A0B14115C85C7","PASS",""
"064400","LG CNS","soph_handoff_lg_cns_v1_INPUT_PACKAGE_FOR_SOPH.zip","253001EABC6F2BABEF55109B210DFE88CE290FEEEC36D420FEEDCEE97E765E92","[LG씨엔에스]사업보고서_IFRS(원문XBRL)(2026.03.16).zip","400FDADEC1D33173E270EDBB54190324A8BF18E000CB845E95AEE28CE1F5C881","3","entity00139834_2025-12-31_def.xml","entity00139834_2025-12-31_def.xml",".xml","5006230","176610","False","False","False","False","False","True","C368E52CE97215A8585DA34F9BE20886A0DE7F24E0EC05FA1B44DBA4C8E63CC4","PASS",""
"064400","LG CNS","soph_handoff_lg_cns_v1_INPUT_PACKAGE_FOR_SOPH.zip","253001EABC6F2BABEF55109B210DFE88CE290FEEEC36D420FEEDCEE97E765E92","[LG씨엔에스]사업보고서_IFRS(원문XBRL)(2026.03.16).zip","400FDADEC1D33173E270EDBB54190324A8BF18E000CB845E95AEE28CE1F5C881","4","entity00139834_2025-12-31_cal.xml","entity00139834_2025-12-31_cal.xml",".xml","182173","8183","False","False","False","False","True","False","0DF94825B4906A61EAB6F60A8553B81D0C8AF206B65B7E316EC2B56938ADF574","PASS",""
"064400","LG CNS","soph_handoff_lg_cns_v1_INPUT_PACKAGE_FOR_SOPH.zip","253001EABC6F2BABEF55109B210DFE88CE290FEEEC36D420FEEDCEE97E765E92","[LG씨엔에스]사업보고서_IFRS(원문XBRL)(2026.03.16).zip","400FDADEC1D33173E270EDBB54190324A8BF18E000CB845E95AEE28CE1F5C881","5","entity00139834_2025-12-31_pre.xml","entity00139834_2025-12-31_pre.xml",".xml","3493514","150422","False","False","False","True","False","False","9B2BD866530106ED134CECB28247D6B12933994FC241E08461EE513CC269A7C2","PASS",""
"064400","LG CNS","soph_handoff_lg_cns_v1_INPUT_PACKAGE_FOR_SOPH.zip","253001EABC6F2BABEF55109B210DFE88CE290FEEEC36D420FEEDCEE97E765E92","[LG씨엔에스]사업보고서_IFRS(원문XBRL)(2026.03.16).zip","400FDADEC1D33173E270EDBB54190324A8BF18E000CB845E95AEE28CE1F5C881","6","entity00139834_2025-12-31_lab-ko.xml","entity00139834_2025-12-31_lab-ko.xml",".xml","3938264","176726","False","False","True","False","False","False","DC89DC7B3BD8FCAEC9F1D1DB89952E4DBD8D835FBE85EE10F36450521DB405A3","PASS",""
"064400","LG CNS","soph_handoff_lg_cns_v1_INPUT_PACKAGE_FOR_SOPH.zip","253001EABC6F2BABEF55109B210DFE88CE290FEEEC36D420FEEDCEE97E765E92","[LG씨엔에스]사업보고서_IFRS(원문XBRL)(2026.03.16).zip","400FDADEC1D33173E270EDBB54190324A8BF18E000CB845E95AEE28CE1F5C881","7","entity00139834_2025-12-31_lab-en.xml","entity00139834_2025-12-31_lab-en.xml",".xml","4013143","168815","False","False","True","False","False","False","1369559CE3B1891C2B0719E126CA83BEFAC52B5BD2F168FCF967D526FBC89B1F","PASS",""
"307950","현대오토에버","soph_handoff_hyundai_autoever_v1_INPUT_PACKAGE_FOR_SOPH.zip","25E1D22A07252104A761E545A1D1D6B3704631EFD4CEBF21601B169C43286A7A","[현대오토에버][정정]사업보고서_IFRS(원문XBRL)(2024.03.29).zip","EC5B5B49888F9520470F4A9DD1A19970C8F7DA47577C2342008728DC43A06CAF","1","entity00362441_2023-12-31.xbrl","entity00362441_2023-12-31.xbrl",".xbrl","3418172","187827","True","False","False","False","False","False","E569A2E8D1721BF7BFFB1821C3881E9B8A5FF6000581D0DFF5F8C15152553B91","PASS",""
"307950","현대오토에버","soph_handoff_hyundai_autoever_v1_INPUT_PACKAGE_FOR_SOPH.zip","25E1D22A07252104A761E545A1D1D6B3704631EFD4CEBF21601B169C43286A7A","[현대오토에버][정정]사업보고서_IFRS(원문XBRL)(2024.03.29).zip","EC5B5B49888F9520470F4A9DD1A19970C8F7DA47577C2342008728DC43A06CAF","2","entity00362441_2023-12-31.xsd","entity00362441_2023-12-31.xsd",".xsd","428978","26682","False","True","False","False","False","False","43437CE18FE64C5158733D6A5C6F815DBF35633BE2248487FC5E272C70A32226","PASS",""
"307950","현대오토에버","soph_handoff_hyundai_autoever_v1_INPUT_PACKAGE_FOR_SOPH.zip","25E1D22A07252104A761E545A1D1D6B3704631EFD4CEBF21601B169C43286A7A","[현대오토에버][정정]사업보고서_IFRS(원문XBRL)(2024.03.29).zip","EC5B5B49888F9520470F4A9DD1A19970C8F7DA47577C2342008728DC43A06CAF","3","entity00362441_2023-12-31_def.xml","entity00362441_2023-12-31_def.xml",".xml","4191878","143061","False","False","False","False","False","True","1089EB89234CE20D620158A337D0530C632B5C299ADC93E2C306F1C95EDD9274","PASS",""
"307950","현대오토에버","soph_handoff_hyundai_autoever_v1_INPUT_PACKAGE_FOR_SOPH.zip","25E1D22A07252104A761E545A1D1D6B3704631EFD4CEBF21601B169C43286A7A","[현대오토에버][정정]사업보고서_IFRS(원문XBRL)(2024.03.29).zip","EC5B5B49888F9520470F4A9DD1A19970C8F7DA47577C2342008728DC43A06CAF","4","entity00362441_2023-12-31_cal.xml","entity00362441_2023-12-31_cal.xml",".xml","138660","6255","False","False","False","False","True","False","3DDCDDF5CF1EFB97D9CD7AED6069B0BA7A0258BD63814D292D1A8E8225765D6F","PASS",""
"307950","현대오토에버","soph_handoff_hyundai_autoever_v1_INPUT_PACKAGE_FOR_SOPH.zip","25E1D22A07252104A761E545A1D1D6B3704631EFD4CEBF21601B169C43286A7A","[현대오토에버][정정]사업보고서_IFRS(원문XBRL)(2024.03.29).zip","EC5B5B49888F9520470F4A9DD1A19970C8F7DA47577C2342008728DC43A06CAF","5","entity00362441_2023-12-31_pre.xml","entity00362441_2023-12-31_pre.xml",".xml","3049411","124574","False","False","False","True","False","False","DDE93F624ABFB992DCB6DBFAF7D14BE017BCDD6FF3F40BB8F842E6DC4A250C61","PASS",""
"307950","현대오토에버","soph_handoff_hyundai_autoever_v1_INPUT_PACKAGE_FOR_SOPH.zip","25E1D22A07252104A761E545A1D1D6B3704631EFD4CEBF21601B169C43286A7A","[현대오토에버][정정]사업보고서_IFRS(원문XBRL)(2024.03.29).zip","EC5B5B49888F9520470F4A9DD1A19970C8F7DA47577C2342008728DC43A06CAF","6","entity00362441_2023-12-31_lab-ko.xml","entity00362441_2023-12-31_lab-ko.xml",".xml","4578811","172182","False","False","True","False","False","False","B348A6F59685A2C8C5DA3F7EC547A43F55D6FF25F883C446A9BD4D8175DED8FD","PASS",""
"307950","현대오토에버","soph_handoff_hyundai_autoever_v1_INPUT_PACKAGE_FOR_SOPH.zip","25E1D22A07252104A761E545A1D1D6B3704631EFD4CEBF21601B169C43286A7A","[현대오토에버][정정]사업보고서_IFRS(원문XBRL)(2024.03.29).zip","EC5B5B49888F9520470F4A9DD1A19970C8F7DA47577C2342008728DC43A06CAF","7","entity00362441_2023-12-31_lab-en.xml","entity00362441_2023-12-31_lab-en.xml",".xml","4632716","161580","False","False","True","False","False","False","5F9484CAAD645D129E54B2E914889DEB2C2EEDE6163ED5D85C38CBBB7B51DAED","PASS",""
"307950","현대오토에버","soph_handoff_hyundai_autoever_v1_INPUT_PACKAGE_FOR_SOPH.zip","25E1D22A07252104A761E545A1D1D6B3704631EFD4CEBF21601B169C43286A7A","[현대오토에버]반기보고서_IFRS(원문XBRL)(2020.08.14).zip","806BCB66A78CDD0D0B41093C6F7DF0A38B4D5E931E798ACCA4623382E63F5F75","1","00362441_2019-05-02.xbrl","00362441_2019-05-02.xbrl",".xbrl","181766","10286","True","False","False","False","False","False","439A6B902CBDA6A298F1CDDAE19359A15D556795AA578631A2AC9E0860156AEC","PASS",""
"307950","현대오토에버","soph_handoff_hyundai_autoever_v1_INPUT_PACKAGE_FOR_SOPH.zip","25E1D22A07252104A761E545A1D1D6B3704631EFD4CEBF21601B169C43286A7A","[현대오토에버]반기보고서_IFRS(원문XBRL)(2020.08.14).zip","806BCB66A78CDD0D0B41093C6F7DF0A38B4D5E931E798ACCA4623382E63F5F75","2","00362441_entry_point_2019-05-02.xsd","00362441_entry_point_2019-05-02.xsd",".xsd","3948","798","False","True","False","False","False","False","99C3729E8A792D84387065FCED6CF53AF4DFC84BD8F44D21215F2E3419651204","PASS",""
"307950","현대오토에버","soph_handoff_hyundai_autoever_v1_INPUT_PACKAGE_FOR_SOPH.zip","25E1D22A07252104A761E545A1D1D6B3704631EFD4CEBF21601B169C43286A7A","[현대오토에버]반기보고서_IFRS(원문XBRL)(2020.08.14).zip","806BCB66A78CDD0D0B41093C6F7DF0A38B4D5E931E798ACCA4623382E63F5F75","3","ifrs_for_00362441/dimensions_ifrs_for_00362441/dim_ifrs_for_00362441_2019-05-02.xml","dim_ifrs_for_00362441_2019-05-02.xml",".xml","1450564","61701","True","False","False","False","False","False","439077EAF31272DEA5598E4C2459344C753EDC80AA4096B619B46C8B6EDCA6B0","PASS",""
"307950","현대오토에버","soph_handoff_hyundai_autoever_v1_INPUT_PACKAGE_FOR_SOPH.zip","25E1D22A07252104A761E545A1D1D6B3704631EFD4CEBF21601B169C43286A7A","[현대오토에버]반기보고서_IFRS(원문XBRL)(2020.08.14).zip","806BCB66A78CDD0D0B41093C6F7DF0A38B4D5E931E798ACCA4623382E63F5F75","4","ifrs_for_00362441/dimensions_ifrs_for_00362441/cal_ifrs_for_00362441_2019-05-02.xml","cal_ifrs_for_00362441_2019-05-02.xml",".xml","1416614","58563","True","False","False","False","False","False","9025BD77CC1CC58AE4C049D6FAFC793E722374AE4BA7CB14C5DAACF3559A143B","PASS",""
"307950","현대오토에버","soph_handoff_hyundai_autoever_v1_INPUT_PACKAGE_FOR_SOPH.zip","25E1D22A07252104A761E545A1D1D6B3704631EFD4CEBF21601B169C43286A7A","[현대오토에버]반기보고서_IFRS(원문XBRL)(2020.08.14).zip","806BCB66A78CDD0D0B41093C6F7DF0A38B4D5E931E798ACCA4623382E63F5F75","5","ifrs_for_00362441/dimensions_ifrs_for_00362441/pre_ifrs_for_00362441_2019-05-02.xml","pre_ifrs_for_00362441_2019-05-02.xml",".xml","1480504","62698","True","False","False","False","False","False","85CE13891B363AA85BE7E75E8532548F1B206BBFDA50C49627E010A5442B8B87","PASS",""
"307950","현대오토에버","soph_handoff_hyundai_autoever_v1_INPUT_PACKAGE_FOR_SOPH.zip","25E1D22A07252104A761E545A1D1D6B3704631EFD4CEBF21601B169C43286A7A","[현대오토에버]반기보고서_IFRS(원문XBRL)(2020.08.14).zip","806BCB66A78CDD0D0B41093C6F7DF0A38B4D5E931E798ACCA4623382E63F5F75","6","ifrs_for_00362441/dimensions_ifrs_for_00362441/role_ifrs_for_00362441-dim_2019-05-02.xsd","role_ifrs_for_00362441-dim_2019-05-02.xsd",".xsd","649","311","False","True","False","False","False","False","9F6B3B111992E8D08606A55B48F64A67A8FCD053ECA9D05AEE014720522C9E1E","PASS",""
"307950","현대오토에버","soph_handoff_hyundai_autoever_v1_INPUT_PACKAGE_FOR_SOPH.zip","25E1D22A07252104A761E545A1D1D6B3704631EFD4CEBF21601B169C43286A7A","[현대오토에버]반기보고서_IFRS(원문XBRL)(2020.08.14).zip","806BCB66A78CDD0D0B41093C6F7DF0A38B4D5E931E798ACCA4623382E63F5F75","7","labels/lab_00362441-ko_2019-05-02.xml","lab_00362441-ko_2019-05-02.xml",".xml","47331","3637","True","False","False","False","False","False","FC908A3233FCE763F2F6C5F4EA8015E4C39A8FF3076974E4D825CC5411BED902","PASS",""
"307950","현대오토에버","soph_handoff_hyundai_autoever_v1_INPUT_PACKAGE_FOR_SOPH.zip","25E1D22A07252104A761E545A1D1D6B3704631EFD4CEBF21601B169C43286A7A","[현대오토에버]반기보고서_IFRS(원문XBRL)(2020.08.14).zip","806BCB66A78CDD0D0B41093C6F7DF0A38B4D5E931E798ACCA4623382E63F5F75","8","labels/lab_00362441-en_2019-05-02.xml","lab_00362441-en_2019-05-02.xml",".xml","11060","1376","True","False","False","False","False","False","B796BFF72162B357A7440FF0376B426462B715C0C4B98AA5EE21B46FAA8633DD","PASS",""
"307950","현대오토에버","soph_handoff_hyundai_autoever_v1_INPUT_PACKAGE_FOR_SOPH.zip","25E1D22A07252104A761E545A1D1D6B3704631EFD4CEBF21601B169C43286A7A","[현대오토에버]반기보고서_IFRS(원문XBRL)(2021.08.17).zip","6068C50B068A87B97A42E164E0CFE92C31B9A4D96230144D58FB8CD3658D5A7D","1","00362441_2019-05-02.xbrl","00362441_2019-05-02.xbrl",".xbrl","197477","11112","True","False","False","False","False","False","B919EB1184CF8630CF82ACE2D27A337A85F9F6C63C3F39546694039424DE900F","PASS",""
"307950","현대오토에버","soph_handoff_hyundai_autoever_v1_INPUT_PACKAGE_FOR_SOPH.zip","25E1D22A07252104A761E545A1D1D6B3704631EFD4CEBF21601B169C43286A7A","[현대오토에버]반기보고서_IFRS(원문XBRL)(2021.08.17).zip","6068C50B068A87B97A42E164E0CFE92C31B9A4D96230144D58FB8CD3658D5A7D","2","00362441_entry_point_2019-05-02.xsd","00362441_entry_point_2019-05-02.xsd",".xsd","3948","798","False","True","False","False","False","False","99C3729E8A792D84387065FCED6CF53AF4DFC84BD8F44D21215F2E3419651204","PASS",""
"307950","현대오토에버","soph_handoff_hyundai_autoever_v1_INPUT_PACKAGE_FOR_SOPH.zip","25E1D22A07252104A761E545A1D1D6B3704631EFD4CEBF21601B169C43286A7A","[현대오토에버]반기보고서_IFRS(원문XBRL)(2021.08.17).zip","6068C50B068A87B97A42E164E0CFE92C31B9A4D96230144D58FB8CD3658D5A7D","3","ifrs_for_00362441/dimensions_ifrs_for_00362441/dim_ifrs_for_00362441_2019-05-02.xml","dim_ifrs_for_00362441_2019-05-02.xml",".xml","1456630","62015","True","False","False","False","False","False","A379574145347B39AC922D960C935394F939C25417D0EE7DC132EB34CB0CADE3","PASS",""
"307950","현대오토에버","soph_handoff_hyundai_autoever_v1_INPUT_PACKAGE_FOR_SOPH.zip","25E1D22A07252104A761E545A1D1D6B3704631EFD4CEBF21601B169C43286A7A","[현대오토에버]반기보고서_IFRS(원문XBRL)(2021.08.17).zip","6068C50B068A87B97A42E164E0CFE92C31B9A4D96230144D58FB8CD3658D5A7D","4","ifrs_for_00362441/dimensions_ifrs_for_00362441/cal_ifrs_for_00362441_2019-05-02.xml","cal_ifrs_for_00362441_2019-05-02.xml",".xml","1411228","58374","True","False","False","False","False","False","F09D605F636243C0934838CC2E51F846E2910B8817E6182A90978C299F06EBD7","PASS",""
"307950","현대오토에버","soph_handoff_hyundai_autoever_v1_INPUT_PACKAGE_FOR_SOPH.zip","25E1D22A07252104A761E545A1D1D6B3704631EFD4CEBF21601B169C43286A7A","[현대오토에버]반기보고서_IFRS(원문XBRL)(2021.08.17).zip","6068C50B068A87B97A42E164E0CFE92C31B9A4D96230144D58FB8CD3658D5A7D","5","ifrs_for_00362441/dimensions_ifrs_for_00362441/pre_ifrs_for_00362441_2019-05-02.xml","pre_ifrs_for_00362441_2019-05-02.xml",".xml","1486545","63005","True","False","False","False","False","False","9DEF7E7B5434EBD9F3EFC36A7DB535C3F593FB01A10AF88B598A2EC220DF1078","PASS",""
"307950","현대오토에버","soph_handoff_hyundai_autoever_v1_INPUT_PACKAGE_FOR_SOPH.zip","25E1D22A07252104A761E545A1D1D6B3704631EFD4CEBF21601B169C43286A7A","[현대오토에버]반기보고서_IFRS(원문XBRL)(2021.08.17).zip","6068C50B068A87B97A42E164E0CFE92C31B9A4D96230144D58FB8CD3658D5A7D","6","ifrs_for_00362441/dimensions_ifrs_for_00362441/role_ifrs_for_00362441-dim_2019-05-02.xsd","role_ifrs_for_00362441-dim_2019-05-02.xsd",".xsd","649","311","False","True","False","False","False","False","9F6B3B111992E8D08606A55B48F64A67A8FCD053ECA9D05AEE014720522C9E1E","PASS",""
"307950","현대오토에버","soph_handoff_hyundai_autoever_v1_INPUT_PACKAGE_FOR_SOPH.zip","25E1D22A07252104A761E545A1D1D6B3704631EFD4CEBF21601B169C43286A7A","[현대오토에버]반기보고서_IFRS(원문XBRL)(2021.08.17).zip","6068C50B068A87B97A42E164E0CFE92C31B9A4D96230144D58FB8CD3658D5A7D","7","labels/lab_00362441-ko_2019-05-02.xml","lab_00362441-ko_2019-05-02.xml",".xml","51056","3954","True","False","False","False","False","False","5BF11473818D7C1B8AA2B7AD5C102E623F83CC8949AB486A14CA51E73AEE7B94","PASS",""
"307950","현대오토에버","soph_handoff_hyundai_autoever_v1_INPUT_PACKAGE_FOR_SOPH.zip","25E1D22A07252104A761E545A1D1D6B3704631EFD4CEBF21601B169C43286A7A","[현대오토에버]반기보고서_IFRS(원문XBRL)(2021.08.17).zip","6068C50B068A87B97A42E164E0CFE92C31B9A4D96230144D58FB8CD3658D5A7D","8","labels/lab_00362441-en_2019-05-02.xml","lab_00362441-en_2019-05-02.xml",".xml","11060","1376","True","False","False","False","False","False","B796BFF72162B357A7440FF0376B426462B715C0C4B98AA5EE21B46FAA8633DD","PASS",""
"307950","현대오토에버","soph_handoff_hyundai_autoever_v1_INPUT_PACKAGE_FOR_SOPH.zip","25E1D22A07252104A761E545A1D1D6B3704631EFD4CEBF21601B169C43286A7A","[현대오토에버]반기보고서_IFRS(원문XBRL)(2022.08.16).zip","3063685AD46D21DFBB90819282089434BB0A19B946848B44D39593F92369FBD7","1","00362441_2019-05-02.xbrl","00362441_2019-05-02.xbrl",".xbrl","205602","11405","True","False","False","False","False","False","0A37DBAAEE655F249A8C7E9DA580438EA9A207B0C2AE382EAFCE9C622B863D8A","PASS",""
"307950","현대오토에버","soph_handoff_hyundai_autoever_v1_INPUT_PACKAGE_FOR_SOPH.zip","25E1D22A07252104A761E545A1D1D6B3704631EFD4CEBF21601B169C43286A7A","[현대오토에버]반기보고서_IFRS(원문XBRL)(2022.08.16).zip","3063685AD46D21DFBB90819282089434BB0A19B946848B44D39593F92369FBD7","2","00362441_entry_point_2019-05-02.xsd","00362441_entry_point_2019-05-02.xsd",".xsd","3948","798","False","True","False","False","False","False","99C3729E8A792D84387065FCED6CF53AF4DFC84BD8F44D21215F2E3419651204","PASS",""
"307950","현대오토에버","soph_handoff_hyundai_autoever_v1_INPUT_PACKAGE_FOR_SOPH.zip","25E1D22A07252104A761E545A1D1D6B3704631EFD4CEBF21601B169C43286A7A","[현대오토에버]반기보고서_IFRS(원문XBRL)(2022.08.16).zip","3063685AD46D21DFBB90819282089434BB0A19B946848B44D39593F92369FBD7","3","ifrs_for_00362441/dimensions_ifrs_for_00362441/dim_ifrs_for_00362441_2019-05-02.xml","dim_ifrs_for_00362441_2019-05-02.xml",".xml","1460614","62306","True","False","False","False","False","False","B0D2A2600BFD67E60738E53A099483099B9A8F98442DA1C14D437BD29DFDEC57","PASS",""
"307950","현대오토에버","soph_handoff_hyundai_autoever_v1_INPUT_PACKAGE_FOR_SOPH.zip","25E1D22A07252104A761E545A1D1D6B3704631EFD4CEBF21601B169C43286A7A","[현대오토에버]반기보고서_IFRS(원문XBRL)(2022.08.16).zip","3063685AD46D21DFBB90819282089434BB0A19B946848B44D39593F92369FBD7","4","ifrs_for_00362441/dimensions_ifrs_for_00362441/cal_ifrs_for_00362441_2019-05-02.xml","cal_ifrs_for_00362441_2019-05-02.xml",".xml","1412526","58408","True","False","False","False","False","False","4299AA5301867DA869DE2604949ECB00949843DCB6293732189754787C7DE6C6","PASS",""
"307950","현대오토에버","soph_handoff_hyundai_autoever_v1_INPUT_PACKAGE_FOR_SOPH.zip","25E1D22A07252104A761E545A1D1D6B3704631EFD4CEBF21601B169C43286A7A","[현대오토에버]반기보고서_IFRS(원문XBRL)(2022.08.16).zip","3063685AD46D21DFBB90819282089434BB0A19B946848B44D39593F92369FBD7","5","ifrs_for_00362441/dimensions_ifrs_for_00362441/pre_ifrs_for_00362441_2019-05-02.xml","pre_ifrs_for_00362441_2019-05-02.xml",".xml","1490584","63430","True","False","False","False","False","False","A3698DAA0E688676881E20F41B1F21F16FC933F0725BB2D7899F7554E31A4454","PASS",""
"307950","현대오토에버","soph_handoff_hyundai_autoever_v1_INPUT_PACKAGE_FOR_SOPH.zip","25E1D22A07252104A761E545A1D1D6B3704631EFD4CEBF21601B169C43286A7A","[현대오토에버]반기보고서_IFRS(원문XBRL)(2022.08.16).zip","3063685AD46D21DFBB90819282089434BB0A19B946848B44D39593F92369FBD7","6","ifrs_for_00362441/dimensions_ifrs_for_00362441/role_ifrs_for_00362441-dim_2019-05-02.xsd","role_ifrs_for_00362441-dim_2019-05-02.xsd",".xsd","649","311","False","True","False","False","False","False","9F6B3B111992E8D08606A55B48F64A67A8FCD053ECA9D05AEE014720522C9E1E","PASS",""
"307950","현대오토에버","soph_handoff_hyundai_autoever_v1_INPUT_PACKAGE_FOR_SOPH.zip","25E1D22A07252104A761E545A1D1D6B3704631EFD4CEBF21601B169C43286A7A","[현대오토에버]반기보고서_IFRS(원문XBRL)(2022.08.16).zip","3063685AD46D21DFBB90819282089434BB0A19B946848B44D39593F92369FBD7","7","labels/lab_00362441-ko_2019-05-02.xml","lab_00362441-ko_2019-05-02.xml",".xml","50831","3959","True","False","False","False","False","False","74C991283E574F631E581CB25FBD1D74FDD5C030B296D0080CCC9132D7051005","PASS",""
"307950","현대오토에버","soph_handoff_hyundai_autoever_v1_INPUT_PACKAGE_FOR_SOPH.zip","25E1D22A07252104A761E545A1D1D6B3704631EFD4CEBF21601B169C43286A7A","[현대오토에버]반기보고서_IFRS(원문XBRL)(2022.08.16).zip","3063685AD46D21DFBB90819282089434BB0A19B946848B44D39593F92369FBD7","8","labels/lab_00362441-en_2019-05-02.xml","lab_00362441-en_2019-05-02.xml",".xml","10344","1320","True","False","False","False","False","False","B6AE982A7CF275DF10852F5EB22B663E761DB5DDF468AF8BE5404EFB15377672","PASS",""
"307950","현대오토에버","soph_handoff_hyundai_autoever_v1_INPUT_PACKAGE_FOR_SOPH.zip","25E1D22A07252104A761E545A1D1D6B3704631EFD4CEBF21601B169C43286A7A","[현대오토에버]반기보고서_IFRS(원문XBRL)(2023.08.14).zip","778D1C9ED09775DBED4D265D94D9F0D3A586EAC809ADB7587790EEED9C134B79","1","00362441_2019-05-02.xbrl","00362441_2019-05-02.xbrl",".xbrl","202474","11214","True","False","False","False","False","False","18AE1DFF5DDC3A5AD758ABBB40636F0A96D95FA7142BC5F3594253B704F8C077","PASS",""
"307950","현대오토에버","soph_handoff_hyundai_autoever_v1_INPUT_PACKAGE_FOR_SOPH.zip","25E1D22A07252104A761E545A1D1D6B3704631EFD4CEBF21601B169C43286A7A","[현대오토에버]반기보고서_IFRS(원문XBRL)(2023.08.14).zip","778D1C9ED09775DBED4D265D94D9F0D3A586EAC809ADB7587790EEED9C134B79","2","00362441_entry_point_2019-05-02.xsd","00362441_entry_point_2019-05-02.xsd",".xsd","3948","798","False","True","False","False","False","False","99C3729E8A792D84387065FCED6CF53AF4DFC84BD8F44D21215F2E3419651204","PASS",""
"307950","현대오토에버","soph_handoff_hyundai_autoever_v1_INPUT_PACKAGE_FOR_SOPH.zip","25E1D22A07252104A761E545A1D1D6B3704631EFD4CEBF21601B169C43286A7A","[현대오토에버]반기보고서_IFRS(원문XBRL)(2023.08.14).zip","778D1C9ED09775DBED4D265D94D9F0D3A586EAC809ADB7587790EEED9C134B79","3","ifrs_for_00362441/dimensions_ifrs_for_00362441/dim_ifrs_for_00362441_2019-05-02.xml","dim_ifrs_for_00362441_2019-05-02.xml",".xml","1462131","62267","True","False","False","False","False","False","5D57061012A46ADB513FEFCB18A2B52EFCA50961E6D420367EE23131E3E1800D","PASS",""
"307950","현대오토에버","soph_handoff_hyundai_autoever_v1_INPUT_PACKAGE_FOR_SOPH.zip","25E1D22A07252104A761E545A1D1D6B3704631EFD4CEBF21601B169C43286A7A","[현대오토에버]반기보고서_IFRS(원문XBRL)(2023.08.14).zip","778D1C9ED09775DBED4D265D94D9F0D3A586EAC809ADB7587790EEED9C134B79","4","ifrs_for_00362441/dimensions_ifrs_for_00362441/cal_ifrs_for_00362441_2019-05-02.xml","cal_ifrs_for_00362441_2019-05-02.xml",".xml","1414022","58457","True","False","False","False","False","False","A18FA1BD32583D34E3244664A6408375842C8AE1DD13391B46D1D47D8613F627","PASS",""
"307950","현대오토에버","soph_handoff_hyundai_autoever_v1_INPUT_PACKAGE_FOR_SOPH.zip","25E1D22A07252104A761E545A1D1D6B3704631EFD4CEBF21601B169C43286A7A","[현대오토에버]반기보고서_IFRS(원문XBRL)(2023.08.14).zip","778D1C9ED09775DBED4D265D94D9F0D3A586EAC809ADB7587790EEED9C134B79","5","ifrs_for_00362441/dimensions_ifrs_for_00362441/pre_ifrs_for_00362441_2019-05-02.xml","pre_ifrs_for_00362441_2019-05-02.xml",".xml","1492192","63375","True","False","False","False","False","False","975E369BD052B83170545635DF40C400C7DB5EF8886581E149004E8C8080AEF5","PASS",""
"307950","현대오토에버","soph_handoff_hyundai_autoever_v1_INPUT_PACKAGE_FOR_SOPH.zip","25E1D22A07252104A761E545A1D1D6B3704631EFD4CEBF21601B169C43286A7A","[현대오토에버]반기보고서_IFRS(원문XBRL)(2023.08.14).zip","778D1C9ED09775DBED4D265D94D9F0D3A586EAC809ADB7587790EEED9C134B79","6","ifrs_for_00362441/dimensions_ifrs_for_00362441/role_ifrs_for_00362441-dim_2019-05-02.xsd","role_ifrs_for_00362441-dim_2019-05-02.xsd",".xsd","649","311","False","True","False","False","False","False","9F6B3B111992E8D08606A55B48F64A67A8FCD053ECA9D05AEE014720522C9E1E","PASS",""
"307950","현대오토에버","soph_handoff_hyundai_autoever_v1_INPUT_PACKAGE_FOR_SOPH.zip","25E1D22A07252104A761E545A1D1D6B3704631EFD4CEBF21601B169C43286A7A","[현대오토에버]반기보고서_IFRS(원문XBRL)(2023.08.14).zip","778D1C9ED09775DBED4D265D94D9F0D3A586EAC809ADB7587790EEED9C134B79","7","labels/lab_00362441-ko_2019-05-02.xml","lab_00362441-ko_2019-05-02.xml",".xml","52600","3973","True","False","False","False","False","False","F4EBE373A11652B1B7D707EC7749D2236A98EAD579EAA09B521A21A189F8E718","PASS",""
"307950","현대오토에버","soph_handoff_hyundai_autoever_v1_INPUT_PACKAGE_FOR_SOPH.zip","25E1D22A07252104A761E545A1D1D6B3704631EFD4CEBF21601B169C43286A7A","[현대오토에버]반기보고서_IFRS(원문XBRL)(2023.08.14).zip","778D1C9ED09775DBED4D265D94D9F0D3A586EAC809ADB7587790EEED9C134B79","8","labels/lab_00362441-en_2019-05-02.xml","lab_00362441-en_2019-05-02.xml",".xml","10344","1320","True","False","False","False","False","False","B6AE982A7CF275DF10852F5EB22B663E761DB5DDF468AF8BE5404EFB15377672","PASS",""
"307950","현대오토에버","soph_handoff_hyundai_autoever_v1_INPUT_PACKAGE_FOR_SOPH.zip","25E1D22A07252104A761E545A1D1D6B3704631EFD4CEBF21601B169C43286A7A","[현대오토에버]반기보고서_IFRS(원문XBRL)(2024.08.14).zip","C80876D353F7CCE58EF9A80BF11D06E00232E280F028DD245300ACF0CCF74B98","1","entity00362441_2024-06-30.xbrl","entity00362441_2024-06-30.xbrl",".xbrl","2777227","123466","True","False","False","False","False","False","A9DA3976F6A59943272A0B36ACB5BF7E3F9A7300AAABEDF97D99F48B421BB9A1","PASS",""
"307950","현대오토에버","soph_handoff_hyundai_autoever_v1_INPUT_PACKAGE_FOR_SOPH.zip","25E1D22A07252104A761E545A1D1D6B3704631EFD4CEBF21601B169C43286A7A","[현대오토에버]반기보고서_IFRS(원문XBRL)(2024.08.14).zip","C80876D353F7CCE58EF9A80BF11D06E00232E280F028DD245300ACF0CCF74B98","2","entity00362441_2024-06-30.xsd","entity00362441_2024-06-30.xsd",".xsd","331998","21082","False","True","False","False","False","False","865708483B1F5D310D2540DBB4C60D59546797546EDBE3F6EF85D5BE6D2D2D12","PASS",""
"307950","현대오토에버","soph_handoff_hyundai_autoever_v1_INPUT_PACKAGE_FOR_SOPH.zip","25E1D22A07252104A761E545A1D1D6B3704631EFD4CEBF21601B169C43286A7A","[현대오토에버]반기보고서_IFRS(원문XBRL)(2024.08.14).zip","C80876D353F7CCE58EF9A80BF11D06E00232E280F028DD245300ACF0CCF74B98","3","entity00362441_2024-06-30_def.xml","entity00362441_2024-06-30_def.xml",".xml","2849224","98289","False","False","False","False","False","True","787E013D3E6503BAB5D772B64B2C8F5BE98A214DD5397A7EA43DD7365D576CBF","PASS",""
"307950","현대오토에버","soph_handoff_hyundai_autoever_v1_INPUT_PACKAGE_FOR_SOPH.zip","25E1D22A07252104A761E545A1D1D6B3704631EFD4CEBF21601B169C43286A7A","[현대오토에버]반기보고서_IFRS(원문XBRL)(2024.08.14).zip","C80876D353F7CCE58EF9A80BF11D06E00232E280F028DD245300ACF0CCF74B98","4","entity00362441_2024-06-30_cal.xml","entity00362441_2024-06-30_cal.xml",".xml","131081","5613","False","False","False","False","True","False","B63F9E0F23C44E11A6D30D34196F447542842FD16D3E84FC7859C0A7CFAB6F68","PASS",""
"307950","현대오토에버","soph_handoff_hyundai_autoever_v1_INPUT_PACKAGE_FOR_SOPH.zip","25E1D22A07252104A761E545A1D1D6B3704631EFD4CEBF21601B169C43286A7A","[현대오토에버]반기보고서_IFRS(원문XBRL)(2024.08.14).zip","C80876D353F7CCE58EF9A80BF11D06E00232E280F028DD245300ACF0CCF74B98","5","entity00362441_2024-06-30_pre.xml","entity00362441_2024-06-30_pre.xml",".xml","2099705","85264","False","False","False","True","False","False","3C1975C3A90CBC00BC257946C2A9C6E0AF427975335BFE388C010FCAD0D5CDB4","PASS",""
"307950","현대오토에버","soph_handoff_hyundai_autoever_v1_INPUT_PACKAGE_FOR_SOPH.zip","25E1D22A07252104A761E545A1D1D6B3704631EFD4CEBF21601B169C43286A7A","[현대오토에버]반기보고서_IFRS(원문XBRL)(2024.08.14).zip","C80876D353F7CCE58EF9A80BF11D06E00232E280F028DD245300ACF0CCF74B98","6","entity00362441_2024-06-30_lab-ko.xml","entity00362441_2024-06-30_lab-ko.xml",".xml","3501194","131823","False","False","True","False","False","False","FA7419D360029887592998EE2263E8E99526A20B8B2064B87AC313C6D6FCD5DE","PASS",""
"307950","현대오토에버","soph_handoff_hyundai_autoever_v1_INPUT_PACKAGE_FOR_SOPH.zip","25E1D22A07252104A761E545A1D1D6B3704631EFD4CEBF21601B169C43286A7A","[현대오토에버]반기보고서_IFRS(원문XBRL)(2024.08.14).zip","C80876D353F7CCE58EF9A80BF11D06E00232E280F028DD245300ACF0CCF74B98","7","entity00362441_2024-06-30_lab-en.xml","entity00362441_2024-06-30_lab-en.xml",".xml","3541016","123647","False","False","True","False","False","False","07E5CB5531DDAC80B6F51D7551AA4F33834D70ADA61266DF6867A6FF393B6EEA","PASS",""
"307950","현대오토에버","soph_handoff_hyundai_autoever_v1_INPUT_PACKAGE_FOR_SOPH.zip","25E1D22A07252104A761E545A1D1D6B3704631EFD4CEBF21601B169C43286A7A","[현대오토에버]반기보고서_IFRS(원문XBRL)(2025.08.14).zip","9098C25EA49431DDA6DF5E3FD11595C7E877C2E72595378F9AC7D75EC868FFDF","1","entity00362441_2025-06-30.xbrl","entity00362441_2025-06-30.xbrl",".xbrl","2964089","119690","True","False","False","False","False","False","78389AB56CEE0B926A8DF10558978F97030C7B3B2AA320D2ECEA4232079E25D5","PASS",""
"307950","현대오토에버","soph_handoff_hyundai_autoever_v1_INPUT_PACKAGE_FOR_SOPH.zip","25E1D22A07252104A761E545A1D1D6B3704631EFD4CEBF21601B169C43286A7A","[현대오토에버]반기보고서_IFRS(원문XBRL)(2025.08.14).zip","9098C25EA49431DDA6DF5E3FD11595C7E877C2E72595378F9AC7D75EC868FFDF","2","entity00362441_2025-06-30.xsd","entity00362441_2025-06-30.xsd",".xsd","174379","12275","False","True","False","False","False","False","71692C6C197614929A96BCFB010763C9120AB58479EE27F0C140624FA3CF5672","PASS",""
"307950","현대오토에버","soph_handoff_hyundai_autoever_v1_INPUT_PACKAGE_FOR_SOPH.zip","25E1D22A07252104A761E545A1D1D6B3704631EFD4CEBF21601B169C43286A7A","[현대오토에버]반기보고서_IFRS(원문XBRL)(2025.08.14).zip","9098C25EA49431DDA6DF5E3FD11595C7E877C2E72595378F9AC7D75EC868FFDF","3","entity00362441_2025-06-30_def.xml","entity00362441_2025-06-30_def.xml",".xml","2543130","90822","False","False","False","False","False","True","CAFDDE2B18A1951DA6A149BA89DED6E588A305AF59661DDF015C22844F73C2D7","PASS",""
"307950","현대오토에버","soph_handoff_hyundai_autoever_v1_INPUT_PACKAGE_FOR_SOPH.zip","25E1D22A07252104A761E545A1D1D6B3704631EFD4CEBF21601B169C43286A7A","[현대오토에버]반기보고서_IFRS(원문XBRL)(2025.08.14).zip","9098C25EA49431DDA6DF5E3FD11595C7E877C2E72595378F9AC7D75EC868FFDF","4","entity00362441_2025-06-30_cal.xml","entity00362441_2025-06-30_cal.xml",".xml","142235","6246","False","False","False","False","True","False","43401F78FD04218D236E9F5E860FC09955D60318304255AE0DCCF553E2803F37","PASS",""
"307950","현대오토에버","soph_handoff_hyundai_autoever_v1_INPUT_PACKAGE_FOR_SOPH.zip","25E1D22A07252104A761E545A1D1D6B3704631EFD4CEBF21601B169C43286A7A","[현대오토에버]반기보고서_IFRS(원문XBRL)(2025.08.14).zip","9098C25EA49431DDA6DF5E3FD11595C7E877C2E72595378F9AC7D75EC868FFDF","5","entity00362441_2025-06-30_pre.xml","entity00362441_2025-06-30_pre.xml",".xml","1800085","75676","False","False","False","True","False","False","E217B472F3C8A73F0AABE589CC5F9AA61A138A2DD8D8B45F2A866119BC06B199","PASS",""
"307950","현대오토에버","soph_handoff_hyundai_autoever_v1_INPUT_PACKAGE_FOR_SOPH.zip","25E1D22A07252104A761E545A1D1D6B3704631EFD4CEBF21601B169C43286A7A","[현대오토에버]반기보고서_IFRS(원문XBRL)(2025.08.14).zip","9098C25EA49431DDA6DF5E3FD11595C7E877C2E72595378F9AC7D75EC868FFDF","6","entity00362441_2025-06-30_lab-ko.xml","entity00362441_2025-06-30_lab-ko.xml",".xml","1906047","87991","False","False","True","False","False","False","A5977155BE40F772438414ABA7A180B659997E125B94B0DD53CA1910E50E033E","PASS",""
"307950","현대오토에버","soph_handoff_hyundai_autoever_v1_INPUT_PACKAGE_FOR_SOPH.zip","25E1D22A07252104A761E545A1D1D6B3704631EFD4CEBF21601B169C43286A7A","[현대오토에버]반기보고서_IFRS(원문XBRL)(2025.08.14).zip","9098C25EA49431DDA6DF5E3FD11595C7E877C2E72595378F9AC7D75EC868FFDF","7","entity00362441_2025-06-30_lab-en.xml","entity00362441_2025-06-30_lab-en.xml",".xml","1939863","83051","False","False","True","False","False","False","7CFF3A09B5CC4FE8E75988E1B68E231417B32E0DCC382B22A03BB3F4983D2946","PASS",""
"307950","현대오토에버","soph_handoff_hyundai_autoever_v1_INPUT_PACKAGE_FOR_SOPH.zip","25E1D22A07252104A761E545A1D1D6B3704631EFD4CEBF21601B169C43286A7A","[현대오토에버]분기보고서_IFRS(원문XBRL)(2020.11.16).zip","7B7993E71D0EC7EE42B31B198A05F5F4190E303EF3620D9DDA4A826143CD2641","1","00362441_2019-05-02.xbrl","00362441_2019-05-02.xbrl",".xbrl","182964","10381","True","False","False","False","False","False","A14BC76A9C2755A4A5D66C86B8A77831878577AD7D6D8F62712CA6D49B104A25","PASS",""
"307950","현대오토에버","soph_handoff_hyundai_autoever_v1_INPUT_PACKAGE_FOR_SOPH.zip","25E1D22A07252104A761E545A1D1D6B3704631EFD4CEBF21601B169C43286A7A","[현대오토에버]분기보고서_IFRS(원문XBRL)(2020.11.16).zip","7B7993E71D0EC7EE42B31B198A05F5F4190E303EF3620D9DDA4A826143CD2641","2","00362441_entry_point_2019-05-02.xsd","00362441_entry_point_2019-05-02.xsd",".xsd","3948","798","False","True","False","False","False","False","99C3729E8A792D84387065FCED6CF53AF4DFC84BD8F44D21215F2E3419651204","PASS",""
"307950","현대오토에버","soph_handoff_hyundai_autoever_v1_INPUT_PACKAGE_FOR_SOPH.zip","25E1D22A07252104A761E545A1D1D6B3704631EFD4CEBF21601B169C43286A7A","[현대오토에버]분기보고서_IFRS(원문XBRL)(2020.11.16).zip","7B7993E71D0EC7EE42B31B198A05F5F4190E303EF3620D9DDA4A826143CD2641","3","ifrs_for_00362441/dimensions_ifrs_for_00362441/dim_ifrs_for_00362441_2019-05-02.xml","dim_ifrs_for_00362441_2019-05-02.xml",".xml","1454070","61887","True","False","False","False","False","False","9D349A0FC5DD1C2157D6AE10E95DD01A434EBE9012D89B212ED70C1AF2A2C009","PASS",""
"307950","현대오토에버","soph_handoff_hyundai_autoever_v1_INPUT_PACKAGE_FOR_SOPH.zip","25E1D22A07252104A761E545A1D1D6B3704631EFD4CEBF21601B169C43286A7A","[현대오토에버]분기보고서_IFRS(원문XBRL)(2020.11.16).zip","7B7993E71D0EC7EE42B31B198A05F5F4190E303EF3620D9DDA4A826143CD2641","4","ifrs_for_00362441/dimensions_ifrs_for_00362441/cal_ifrs_for_00362441_2019-05-02.xml","cal_ifrs_for_00362441_2019-05-02.xml",".xml","1413495","58482","True","False","False","False","False","False","8E017632F75DF90451968B0722276274A63A63CA6F430C705FB1FE0EABB373F3","PASS",""
"307950","현대오토에버","soph_handoff_hyundai_autoever_v1_INPUT_PACKAGE_FOR_SOPH.zip","25E1D22A07252104A761E545A1D1D6B3704631EFD4CEBF21601B169C43286A7A","[현대오토에버]분기보고서_IFRS(원문XBRL)(2020.11.16).zip","7B7993E71D0EC7EE42B31B198A05F5F4190E303EF3620D9DDA4A826143CD2641","5","ifrs_for_00362441/dimensions_ifrs_for_00362441/pre_ifrs_for_00362441_2019-05-02.xml","pre_ifrs_for_00362441_2019-05-02.xml",".xml","1484014","62905","True","False","False","False","False","False","01D2CFE4C39146E85C2B23FB65421BEA067F2B1353C8BC6EBD795044888E89FE","PASS",""
"307950","현대오토에버","soph_handoff_hyundai_autoever_v1_INPUT_PACKAGE_FOR_SOPH.zip","25E1D22A07252104A761E545A1D1D6B3704631EFD4CEBF21601B169C43286A7A","[현대오토에버]분기보고서_IFRS(원문XBRL)(2020.11.16).zip","7B7993E71D0EC7EE42B31B198A05F5F4190E303EF3620D9DDA4A826143CD2641","6","ifrs_for_00362441/dimensions_ifrs_for_00362441/role_ifrs_for_00362441-dim_2019-05-02.xsd","role_ifrs_for_00362441-dim_2019-05-02.xsd",".xsd","649","311","False","True","False","False","False","False","9F6B3B111992E8D08606A55B48F64A67A8FCD053ECA9D05AEE014720522C9E1E","PASS",""
"307950","현대오토에버","soph_handoff_hyundai_autoever_v1_INPUT_PACKAGE_FOR_SOPH.zip","25E1D22A07252104A761E545A1D1D6B3704631EFD4CEBF21601B169C43286A7A","[현대오토에버]분기보고서_IFRS(원문XBRL)(2020.11.16).zip","7B7993E71D0EC7EE42B31B198A05F5F4190E303EF3620D9DDA4A826143CD2641","7","labels/lab_00362441-ko_2019-05-02.xml","lab_00362441-ko_2019-05-02.xml",".xml","48789","3735","True","False","False","False","False","False","C74B336C9E00ADAA0A24FC095569BAA01CFF5174E1C214E9B98D3E54E960C8D9","PASS",""
"307950","현대오토에버","soph_handoff_hyundai_autoever_v1_INPUT_PACKAGE_FOR_SOPH.zip","25E1D22A07252104A761E545A1D1D6B3704631EFD4CEBF21601B169C43286A7A","[현대오토에버]분기보고서_IFRS(원문XBRL)(2020.11.16).zip","7B7993E71D0EC7EE42B31B198A05F5F4190E303EF3620D9DDA4A826143CD2641","8","labels/lab_00362441-en_2019-05-02.xml","lab_00362441-en_2019-05-02.xml",".xml","11060","1376","True","False","False","False","False","False","B796BFF72162B357A7440FF0376B426462B715C0C4B98AA5EE21B46FAA8633DD","PASS",""
"307950","현대오토에버","soph_handoff_hyundai_autoever_v1_INPUT_PACKAGE_FOR_SOPH.zip","25E1D22A07252104A761E545A1D1D6B3704631EFD4CEBF21601B169C43286A7A","[현대오토에버]분기보고서_IFRS(원문XBRL)(2021.05.17).zip","2E9EA2D1755C4ECBD61C20E45C7B8B7B1B3611BC63AB6DA70213BC39DA8E8A03","1","00362441_2019-05-02.xbrl","00362441_2019-05-02.xbrl",".xbrl","185464","9790","True","False","False","False","False","False","220DADE2E16F524988ED4B5C4A2C5E3AFAD1C5B11C2AF07A86831459C69F422D","PASS",""
"307950","현대오토에버","soph_handoff_hyundai_autoever_v1_INPUT_PACKAGE_FOR_SOPH.zip","25E1D22A07252104A761E545A1D1D6B3704631EFD4CEBF21601B169C43286A7A","[현대오토에버]분기보고서_IFRS(원문XBRL)(2021.05.17).zip","2E9EA2D1755C4ECBD61C20E45C7B8B7B1B3611BC63AB6DA70213BC39DA8E8A03","2","00362441_entry_point_2019-05-02.xsd","00362441_entry_point_2019-05-02.xsd",".xsd","3948","798","False","True","False","False","False","False","99C3729E8A792D84387065FCED6CF53AF4DFC84BD8F44D21215F2E3419651204","PASS",""
"307950","현대오토에버","soph_handoff_hyundai_autoever_v1_INPUT_PACKAGE_FOR_SOPH.zip","25E1D22A07252104A761E545A1D1D6B3704631EFD4CEBF21601B169C43286A7A","[현대오토에버]분기보고서_IFRS(원문XBRL)(2021.05.17).zip","2E9EA2D1755C4ECBD61C20E45C7B8B7B1B3611BC63AB6DA70213BC39DA8E8A03","3","ifrs_for_00362441/dimensions_ifrs_for_00362441/dim_ifrs_for_00362441_2019-05-02.xml","dim_ifrs_for_00362441_2019-05-02.xml",".xml","1452491","61794","True","False","False","False","False","False","526472E46AAC55528A5996BF07EF79DAB1AAD80D73B4214A5818309B150DDFD7","PASS",""
"307950","현대오토에버","soph_handoff_hyundai_autoever_v1_INPUT_PACKAGE_FOR_SOPH.zip","25E1D22A07252104A761E545A1D1D6B3704631EFD4CEBF21601B169C43286A7A","[현대오토에버]분기보고서_IFRS(원문XBRL)(2021.05.17).zip","2E9EA2D1755C4ECBD61C20E45C7B8B7B1B3611BC63AB6DA70213BC39DA8E8A03","4","ifrs_for_00362441/dimensions_ifrs_for_00362441/cal_ifrs_for_00362441_2019-05-02.xml","cal_ifrs_for_00362441_2019-05-02.xml",".xml","1417833","58613","True","False","False","False","False","False","56F7EB352E70D0D681F03441DE316DDC033308423433339A85E2F37143EED3D8","PASS",""
"307950","현대오토에버","soph_handoff_hyundai_autoever_v1_INPUT_PACKAGE_FOR_SOPH.zip","25E1D22A07252104A761E545A1D1D6B3704631EFD4CEBF21601B169C43286A7A","[현대오토에버]분기보고서_IFRS(원문XBRL)(2021.05.17).zip","2E9EA2D1755C4ECBD61C20E45C7B8B7B1B3611BC63AB6DA70213BC39DA8E8A03","5","ifrs_for_00362441/dimensions_ifrs_for_00362441/pre_ifrs_for_00362441_2019-05-02.xml","pre_ifrs_for_00362441_2019-05-02.xml",".xml","1482378","62796","True","False","False","False","False","False","25FE39DD3D63CC6ECE858F3AFBC8E4939EB3BBABCC9EFADCFBEFE5DF61BEAFD7","PASS",""
"307950","현대오토에버","soph_handoff_hyundai_autoever_v1_INPUT_PACKAGE_FOR_SOPH.zip","25E1D22A07252104A761E545A1D1D6B3704631EFD4CEBF21601B169C43286A7A","[현대오토에버]분기보고서_IFRS(원문XBRL)(2021.05.17).zip","2E9EA2D1755C4ECBD61C20E45C7B8B7B1B3611BC63AB6DA70213BC39DA8E8A03","6","ifrs_for_00362441/dimensions_ifrs_for_00362441/role_ifrs_for_00362441-dim_2019-05-02.xsd","role_ifrs_for_00362441-dim_2019-05-02.xsd",".xsd","649","311","False","True","False","False","False","False","9F6B3B111992E8D08606A55B48F64A67A8FCD053ECA9D05AEE014720522C9E1E","PASS",""
"307950","현대오토에버","soph_handoff_hyundai_autoever_v1_INPUT_PACKAGE_FOR_SOPH.zip","25E1D22A07252104A761E545A1D1D6B3704631EFD4CEBF21601B169C43286A7A","[현대오토에버]분기보고서_IFRS(원문XBRL)(2021.05.17).zip","2E9EA2D1755C4ECBD61C20E45C7B8B7B1B3611BC63AB6DA70213BC39DA8E8A03","7","labels/lab_00362441-ko_2019-05-02.xml","lab_00362441-ko_2019-05-02.xml",".xml","44971","3544","True","False","False","False","False","False","CEDD25EBF0690C4484DBFE29FA368AC99D8A05BEF1A7C2F2DAADDADA577CCB7B","PASS",""
"307950","현대오토에버","soph_handoff_hyundai_autoever_v1_INPUT_PACKAGE_FOR_SOPH.zip","25E1D22A07252104A761E545A1D1D6B3704631EFD4CEBF21601B169C43286A7A","[현대오토에버]분기보고서_IFRS(원문XBRL)(2021.05.17).zip","2E9EA2D1755C4ECBD61C20E45C7B8B7B1B3611BC63AB6DA70213BC39DA8E8A03","8","labels/lab_00362441-en_2019-05-02.xml","lab_00362441-en_2019-05-02.xml",".xml","11060","1376","True","False","False","False","False","False","B796BFF72162B357A7440FF0376B426462B715C0C4B98AA5EE21B46FAA8633DD","PASS",""
"307950","현대오토에버","soph_handoff_hyundai_autoever_v1_INPUT_PACKAGE_FOR_SOPH.zip","25E1D22A07252104A761E545A1D1D6B3704631EFD4CEBF21601B169C43286A7A","[현대오토에버]분기보고서_IFRS(원문XBRL)(2021.11.15).zip","931698F6CB14064857CDE55892C035498E7A52D2073D4C92F8437A66FA22C955","1","00362441_2019-05-02.xbrl","00362441_2019-05-02.xbrl",".xbrl","198004","11173","True","False","False","False","False","False","863DB8E48C73E1399E1EF23537510FEC595BC7B8AB65C7D4CAD1D93CC4D025BE","PASS",""
"307950","현대오토에버","soph_handoff_hyundai_autoever_v1_INPUT_PACKAGE_FOR_SOPH.zip","25E1D22A07252104A761E545A1D1D6B3704631EFD4CEBF21601B169C43286A7A","[현대오토에버]분기보고서_IFRS(원문XBRL)(2021.11.15).zip","931698F6CB14064857CDE55892C035498E7A52D2073D4C92F8437A66FA22C955","2","00362441_entry_point_2019-05-02.xsd","00362441_entry_point_2019-05-02.xsd",".xsd","3948","798","False","True","False","False","False","False","99C3729E8A792D84387065FCED6CF53AF4DFC84BD8F44D21215F2E3419651204","PASS",""
"307950","현대오토에버","soph_handoff_hyundai_autoever_v1_INPUT_PACKAGE_FOR_SOPH.zip","25E1D22A07252104A761E545A1D1D6B3704631EFD4CEBF21601B169C43286A7A","[현대오토에버]분기보고서_IFRS(원문XBRL)(2021.11.15).zip","931698F6CB14064857CDE55892C035498E7A52D2073D4C92F8437A66FA22C955","3","ifrs_for_00362441/dimensions_ifrs_for_00362441/dim_ifrs_for_00362441_2019-05-02.xml","dim_ifrs_for_00362441_2019-05-02.xml",".xml","1458494","62160","True","False","False","False","False","False","FF26BF8CE603220EEA37A8585CDF642EDC2D970677ACDE48E62E8DBD1798738E","PASS",""
"307950","현대오토에버","soph_handoff_hyundai_autoever_v1_INPUT_PACKAGE_FOR_SOPH.zip","25E1D22A07252104A761E545A1D1D6B3704631EFD4CEBF21601B169C43286A7A","[현대오토에버]분기보고서_IFRS(원문XBRL)(2021.11.15).zip","931698F6CB14064857CDE55892C035498E7A52D2073D4C92F8437A66FA22C955","4","ifrs_for_00362441/dimensions_ifrs_for_00362441/cal_ifrs_for_00362441_2019-05-02.xml","cal_ifrs_for_00362441_2019-05-02.xml",".xml","1411594","58403","True","False","False","False","False","False","08D9CFF2B852B97289F3BC819F0E3EA343F6647A9E6ED753FA68115138CB6573","PASS",""
"307950","현대오토에버","soph_handoff_hyundai_autoever_v1_INPUT_PACKAGE_FOR_SOPH.zip","25E1D22A07252104A761E545A1D1D6B3704631EFD4CEBF21601B169C43286A7A","[현대오토에버]분기보고서_IFRS(원문XBRL)(2021.11.15).zip","931698F6CB14064857CDE55892C035498E7A52D2073D4C92F8437A66FA22C955","5","ifrs_for_00362441/dimensions_ifrs_for_00362441/pre_ifrs_for_00362441_2019-05-02.xml","pre_ifrs_for_00362441_2019-05-02.xml",".xml","1488391","63153","True","False","False","False","False","False","8424099F0188B3BED356A820F99D70442CE489605A6DA44E5537B0ADB906EC15","PASS",""
"307950","현대오토에버","soph_handoff_hyundai_autoever_v1_INPUT_PACKAGE_FOR_SOPH.zip","25E1D22A07252104A761E545A1D1D6B3704631EFD4CEBF21601B169C43286A7A","[현대오토에버]분기보고서_IFRS(원문XBRL)(2021.11.15).zip","931698F6CB14064857CDE55892C035498E7A52D2073D4C92F8437A66FA22C955","6","ifrs_for_00362441/dimensions_ifrs_for_00362441/role_ifrs_for_00362441-dim_2019-05-02.xsd","role_ifrs_for_00362441-dim_2019-05-02.xsd",".xsd","649","311","False","True","False","False","False","False","9F6B3B111992E8D08606A55B48F64A67A8FCD053ECA9D05AEE014720522C9E1E","PASS",""
"307950","현대오토에버","soph_handoff_hyundai_autoever_v1_INPUT_PACKAGE_FOR_SOPH.zip","25E1D22A07252104A761E545A1D1D6B3704631EFD4CEBF21601B169C43286A7A","[현대오토에버]분기보고서_IFRS(원문XBRL)(2021.11.15).zip","931698F6CB14064857CDE55892C035498E7A52D2073D4C92F8437A66FA22C955","7","labels/lab_00362441-ko_2019-05-02.xml","lab_00362441-ko_2019-05-02.xml",".xml","51666","4007","True","False","False","False","False","False","6D35BFACE714908399E865E7738E1E84AD45D849515865AAAD889BF1A9B66C60","PASS",""
"307950","현대오토에버","soph_handoff_hyundai_autoever_v1_INPUT_PACKAGE_FOR_SOPH.zip","25E1D22A07252104A761E545A1D1D6B3704631EFD4CEBF21601B169C43286A7A","[현대오토에버]분기보고서_IFRS(원문XBRL)(2021.11.15).zip","931698F6CB14064857CDE55892C035498E7A52D2073D4C92F8437A66FA22C955","8","labels/lab_00362441-en_2019-05-02.xml","lab_00362441-en_2019-05-02.xml",".xml","11060","1376","True","False","False","False","False","False","B796BFF72162B357A7440FF0376B426462B715C0C4B98AA5EE21B46FAA8633DD","PASS",""
"307950","현대오토에버","soph_handoff_hyundai_autoever_v1_INPUT_PACKAGE_FOR_SOPH.zip","25E1D22A07252104A761E545A1D1D6B3704631EFD4CEBF21601B169C43286A7A","[현대오토에버]분기보고서_IFRS(원문XBRL)(2022.05.16).zip","CE2CEFA53EDF802FFE360AA10DA23DB2699E16BD1067A65173C68296D791E48A","1","00362441_2019-05-02.xbrl","00362441_2019-05-02.xbrl",".xbrl","193618","10259","True","False","False","False","False","False","B11048FD1C13B7F0AD1E0EEAB1DC5358A28AB5214F9D2235E5D49706CFCA7379","PASS",""
"307950","현대오토에버","soph_handoff_hyundai_autoever_v1_INPUT_PACKAGE_FOR_SOPH.zip","25E1D22A07252104A761E545A1D1D6B3704631EFD4CEBF21601B169C43286A7A","[현대오토에버]분기보고서_IFRS(원문XBRL)(2022.05.16).zip","CE2CEFA53EDF802FFE360AA10DA23DB2699E16BD1067A65173C68296D791E48A","2","00362441_entry_point_2019-05-02.xsd","00362441_entry_point_2019-05-02.xsd",".xsd","3948","798","False","True","False","False","False","False","99C3729E8A792D84387065FCED6CF53AF4DFC84BD8F44D21215F2E3419651204","PASS",""
"307950","현대오토에버","soph_handoff_hyundai_autoever_v1_INPUT_PACKAGE_FOR_SOPH.zip","25E1D22A07252104A761E545A1D1D6B3704631EFD4CEBF21601B169C43286A7A","[현대오토에버]분기보고서_IFRS(원문XBRL)(2022.05.16).zip","CE2CEFA53EDF802FFE360AA10DA23DB2699E16BD1067A65173C68296D791E48A","3","ifrs_for_00362441/dimensions_ifrs_for_00362441/dim_ifrs_for_00362441_2019-05-02.xml","dim_ifrs_for_00362441_2019-05-02.xml",".xml","1459045","62115","True","False","False","False","False","False","FC22FDCCC6408C023973E5509A55ECB711E952D37313A93B667CCB084375F6AF","PASS",""
"307950","현대오토에버","soph_handoff_hyundai_autoever_v1_INPUT_PACKAGE_FOR_SOPH.zip","25E1D22A07252104A761E545A1D1D6B3704631EFD4CEBF21601B169C43286A7A","[현대오토에버]분기보고서_IFRS(원문XBRL)(2022.05.16).zip","CE2CEFA53EDF802FFE360AA10DA23DB2699E16BD1067A65173C68296D791E48A","4","ifrs_for_00362441/dimensions_ifrs_for_00362441/cal_ifrs_for_00362441_2019-05-02.xml","cal_ifrs_for_00362441_2019-05-02.xml",".xml","1417014","58593","True","False","False","False","False","False","D2061A3441B494709EFFE12048F6744C31ED71660AB65B846DBC1553D8F9964D","PASS",""
"307950","현대오토에버","soph_handoff_hyundai_autoever_v1_INPUT_PACKAGE_FOR_SOPH.zip","25E1D22A07252104A761E545A1D1D6B3704631EFD4CEBF21601B169C43286A7A","[현대오토에버]분기보고서_IFRS(원문XBRL)(2022.05.16).zip","CE2CEFA53EDF802FFE360AA10DA23DB2699E16BD1067A65173C68296D791E48A","5","ifrs_for_00362441/dimensions_ifrs_for_00362441/pre_ifrs_for_00362441_2019-05-02.xml","pre_ifrs_for_00362441_2019-05-02.xml",".xml","1488948","63129","True","False","False","False","False","False","14524BB55F45FFD4228E1C5E9602CA968FE75B0FCFC5679980B3979DFCD80D5D","PASS",""
"307950","현대오토에버","soph_handoff_hyundai_autoever_v1_INPUT_PACKAGE_FOR_SOPH.zip","25E1D22A07252104A761E545A1D1D6B3704631EFD4CEBF21601B169C43286A7A","[현대오토에버]분기보고서_IFRS(원문XBRL)(2022.05.16).zip","CE2CEFA53EDF802FFE360AA10DA23DB2699E16BD1067A65173C68296D791E48A","6","ifrs_for_00362441/dimensions_ifrs_for_00362441/role_ifrs_for_00362441-dim_2019-05-02.xsd","role_ifrs_for_00362441-dim_2019-05-02.xsd",".xsd","649","311","False","True","False","False","False","False","9F6B3B111992E8D08606A55B48F64A67A8FCD053ECA9D05AEE014720522C9E1E","PASS",""
"307950","현대오토에버","soph_handoff_hyundai_autoever_v1_INPUT_PACKAGE_FOR_SOPH.zip","25E1D22A07252104A761E545A1D1D6B3704631EFD4CEBF21601B169C43286A7A","[현대오토에버]분기보고서_IFRS(원문XBRL)(2022.05.16).zip","CE2CEFA53EDF802FFE360AA10DA23DB2699E16BD1067A65173C68296D791E48A","7","labels/lab_00362441-ko_2019-05-02.xml","lab_00362441-ko_2019-05-02.xml",".xml","47060","3670","True","False","False","False","False","False","D1AFC1789B88D6D1542DADB92D2CA6226B95D89E1B9871A46B1F926D9FF14988","PASS",""
"307950","현대오토에버","soph_handoff_hyundai_autoever_v1_INPUT_PACKAGE_FOR_SOPH.zip","25E1D22A07252104A761E545A1D1D6B3704631EFD4CEBF21601B169C43286A7A","[현대오토에버]분기보고서_IFRS(원문XBRL)(2022.05.16).zip","CE2CEFA53EDF802FFE360AA10DA23DB2699E16BD1067A65173C68296D791E48A","8","labels/lab_00362441-en_2019-05-02.xml","lab_00362441-en_2019-05-02.xml",".xml","10344","1320","True","False","False","False","False","False","B6AE982A7CF275DF10852F5EB22B663E761DB5DDF468AF8BE5404EFB15377672","PASS",""
"307950","현대오토에버","soph_handoff_hyundai_autoever_v1_INPUT_PACKAGE_FOR_SOPH.zip","25E1D22A07252104A761E545A1D1D6B3704631EFD4CEBF21601B169C43286A7A","[현대오토에버]분기보고서_IFRS(원문XBRL)(2022.11.14).zip","7FB4B116FA67C692680ACF800BE9A5D171A36824270D2D153FAFA40567BFC13E","1","00362441_2019-05-02.xbrl","00362441_2019-05-02.xbrl",".xbrl","206592","11456","True","False","False","False","False","False","EE500E6F7DBE0F5B58E01BE7BE058DC0DAC2C23B2ED0F7CB10DE29D0E96E9521","PASS",""
"307950","현대오토에버","soph_handoff_hyundai_autoever_v1_INPUT_PACKAGE_FOR_SOPH.zip","25E1D22A07252104A761E545A1D1D6B3704631EFD4CEBF21601B169C43286A7A","[현대오토에버]분기보고서_IFRS(원문XBRL)(2022.11.14).zip","7FB4B116FA67C692680ACF800BE9A5D171A36824270D2D153FAFA40567BFC13E","2","00362441_entry_point_2019-05-02.xsd","00362441_entry_point_2019-05-02.xsd",".xsd","3948","798","False","True","False","False","False","False","99C3729E8A792D84387065FCED6CF53AF4DFC84BD8F44D21215F2E3419651204","PASS",""
"307950","현대오토에버","soph_handoff_hyundai_autoever_v1_INPUT_PACKAGE_FOR_SOPH.zip","25E1D22A07252104A761E545A1D1D6B3704631EFD4CEBF21601B169C43286A7A","[현대오토에버]분기보고서_IFRS(원문XBRL)(2022.11.14).zip","7FB4B116FA67C692680ACF800BE9A5D171A36824270D2D153FAFA40567BFC13E","3","ifrs_for_00362441/dimensions_ifrs_for_00362441/dim_ifrs_for_00362441_2019-05-02.xml","dim_ifrs_for_00362441_2019-05-02.xml",".xml","1462008","62294","True","False","False","False","False","False","A81B253078FA6CE8B953A42F6D18307A4167F11A7C3B2FC532D43690E109C9F1","PASS",""
"307950","현대오토에버","soph_handoff_hyundai_autoever_v1_INPUT_PACKAGE_FOR_SOPH.zip","25E1D22A07252104A761E545A1D1D6B3704631EFD4CEBF21601B169C43286A7A","[현대오토에버]분기보고서_IFRS(원문XBRL)(2022.11.14).zip","7FB4B116FA67C692680ACF800BE9A5D171A36824270D2D153FAFA40567BFC13E","4","ifrs_for_00362441/dimensions_ifrs_for_00362441/cal_ifrs_for_00362441_2019-05-02.xml","cal_ifrs_for_00362441_2019-05-02.xml",".xml","1411308","58349","True","False","False","False","False","False","19C7A6D2D1E2D313B632C34F20A0E16996858EF09C282A72CFF59B03EB1B8DCB","PASS",""
"307950","현대오토에버","soph_handoff_hyundai_autoever_v1_INPUT_PACKAGE_FOR_SOPH.zip","25E1D22A07252104A761E545A1D1D6B3704631EFD4CEBF21601B169C43286A7A","[현대오토에버]분기보고서_IFRS(원문XBRL)(2022.11.14).zip","7FB4B116FA67C692680ACF800BE9A5D171A36824270D2D153FAFA40567BFC13E","5","ifrs_for_00362441/dimensions_ifrs_for_00362441/pre_ifrs_for_00362441_2019-05-02.xml","pre_ifrs_for_00362441_2019-05-02.xml",".xml","1492122","63439","True","False","False","False","False","False","85E0653CD290B84E64D719D44C16133D019AB150CF27A92E3EB1D51DEDF699A4","PASS",""
"307950","현대오토에버","soph_handoff_hyundai_autoever_v1_INPUT_PACKAGE_FOR_SOPH.zip","25E1D22A07252104A761E545A1D1D6B3704631EFD4CEBF21601B169C43286A7A","[현대오토에버]분기보고서_IFRS(원문XBRL)(2022.11.14).zip","7FB4B116FA67C692680ACF800BE9A5D171A36824270D2D153FAFA40567BFC13E","6","ifrs_for_00362441/dimensions_ifrs_for_00362441/role_ifrs_for_00362441-dim_2019-05-02.xsd","role_ifrs_for_00362441-dim_2019-05-02.xsd",".xsd","649","311","False","True","False","False","False","False","9F6B3B111992E8D08606A55B48F64A67A8FCD053ECA9D05AEE014720522C9E1E","PASS",""
"307950","현대오토에버","soph_handoff_hyundai_autoever_v1_INPUT_PACKAGE_FOR_SOPH.zip","25E1D22A07252104A761E545A1D1D6B3704631EFD4CEBF21601B169C43286A7A","[현대오토에버]분기보고서_IFRS(원문XBRL)(2022.11.14).zip","7FB4B116FA67C692680ACF800BE9A5D171A36824270D2D153FAFA40567BFC13E","7","labels/lab_00362441-ko_2019-05-02.xml","lab_00362441-ko_2019-05-02.xml",".xml","50887","3972","True","False","False","False","False","False","50AE3CB9935B5B3E485B92362409881A38B278775327ED3AA245F229140F978D","PASS",""
"307950","현대오토에버","soph_handoff_hyundai_autoever_v1_INPUT_PACKAGE_FOR_SOPH.zip","25E1D22A07252104A761E545A1D1D6B3704631EFD4CEBF21601B169C43286A7A","[현대오토에버]분기보고서_IFRS(원문XBRL)(2022.11.14).zip","7FB4B116FA67C692680ACF800BE9A5D171A36824270D2D153FAFA40567BFC13E","8","labels/lab_00362441-en_2019-05-02.xml","lab_00362441-en_2019-05-02.xml",".xml","10344","1320","True","False","False","False","False","False","B6AE982A7CF275DF10852F5EB22B663E761DB5DDF468AF8BE5404EFB15377672","PASS",""
"307950","현대오토에버","soph_handoff_hyundai_autoever_v1_INPUT_PACKAGE_FOR_SOPH.zip","25E1D22A07252104A761E545A1D1D6B3704631EFD4CEBF21601B169C43286A7A","[현대오토에버]분기보고서_IFRS(원문XBRL)(2023.05.15).zip","2CA43EC992382FED13F4ABC17793AAAC119E499A40C00F25C4502E82BC0ED768","1","00362441_2019-05-02.xbrl","00362441_2019-05-02.xbrl",".xbrl","200465","10470","True","False","False","False","False","False","A1610701D714DCB742E638B837CC0773E9AEB6F23ACA37EB77BCC7743D0D805E","PASS",""
"307950","현대오토에버","soph_handoff_hyundai_autoever_v1_INPUT_PACKAGE_FOR_SOPH.zip","25E1D22A07252104A761E545A1D1D6B3704631EFD4CEBF21601B169C43286A7A","[현대오토에버]분기보고서_IFRS(원문XBRL)(2023.05.15).zip","2CA43EC992382FED13F4ABC17793AAAC119E499A40C00F25C4502E82BC0ED768","2","00362441_entry_point_2019-05-02.xsd","00362441_entry_point_2019-05-02.xsd",".xsd","3948","798","False","True","False","False","False","False","99C3729E8A792D84387065FCED6CF53AF4DFC84BD8F44D21215F2E3419651204","PASS",""
"307950","현대오토에버","soph_handoff_hyundai_autoever_v1_INPUT_PACKAGE_FOR_SOPH.zip","25E1D22A07252104A761E545A1D1D6B3704631EFD4CEBF21601B169C43286A7A","[현대오토에버]분기보고서_IFRS(원문XBRL)(2023.05.15).zip","2CA43EC992382FED13F4ABC17793AAAC119E499A40C00F25C4502E82BC0ED768","3","ifrs_for_00362441/dimensions_ifrs_for_00362441/dim_ifrs_for_00362441_2019-05-02.xml","dim_ifrs_for_00362441_2019-05-02.xml",".xml","1462928","62310","True","False","False","False","False","False","B62CD441271FB1BC0323F124F723A5CA8F1E14E9BAEBB7C8322824BE501AB92B","PASS",""
"307950","현대오토에버","soph_handoff_hyundai_autoever_v1_INPUT_PACKAGE_FOR_SOPH.zip","25E1D22A07252104A761E545A1D1D6B3704631EFD4CEBF21601B169C43286A7A","[현대오토에버]분기보고서_IFRS(원문XBRL)(2023.05.15).zip","2CA43EC992382FED13F4ABC17793AAAC119E499A40C00F25C4502E82BC0ED768","4","ifrs_for_00362441/dimensions_ifrs_for_00362441/cal_ifrs_for_00362441_2019-05-02.xml","cal_ifrs_for_00362441_2019-05-02.xml",".xml","1414644","58477","True","False","False","False","False","False","9F78C58C1F1242CD4D2FCE6284134A76A0A9BCCB42684F2C9519A66F8872CDD6","PASS",""
"307950","현대오토에버","soph_handoff_hyundai_autoever_v1_INPUT_PACKAGE_FOR_SOPH.zip","25E1D22A07252104A761E545A1D1D6B3704631EFD4CEBF21601B169C43286A7A","[현대오토에버]분기보고서_IFRS(원문XBRL)(2023.05.15).zip","2CA43EC992382FED13F4ABC17793AAAC119E499A40C00F25C4502E82BC0ED768","5","ifrs_for_00362441/dimensions_ifrs_for_00362441/pre_ifrs_for_00362441_2019-05-02.xml","pre_ifrs_for_00362441_2019-05-02.xml",".xml","1493064","63398","True","False","False","False","False","False","903362371C78FC90D66EA916101280DCBDB3EFD66E31C9CA130834FD5D1F1E6B","PASS",""
"307950","현대오토에버","soph_handoff_hyundai_autoever_v1_INPUT_PACKAGE_FOR_SOPH.zip","25E1D22A07252104A761E545A1D1D6B3704631EFD4CEBF21601B169C43286A7A","[현대오토에버]분기보고서_IFRS(원문XBRL)(2023.05.15).zip","2CA43EC992382FED13F4ABC17793AAAC119E499A40C00F25C4502E82BC0ED768","6","ifrs_for_00362441/dimensions_ifrs_for_00362441/role_ifrs_for_00362441-dim_2019-05-02.xsd","role_ifrs_for_00362441-dim_2019-05-02.xsd",".xsd","649","311","False","True","False","False","False","False","9F6B3B111992E8D08606A55B48F64A67A8FCD053ECA9D05AEE014720522C9E1E","PASS",""
"307950","현대오토에버","soph_handoff_hyundai_autoever_v1_INPUT_PACKAGE_FOR_SOPH.zip","25E1D22A07252104A761E545A1D1D6B3704631EFD4CEBF21601B169C43286A7A","[현대오토에버]분기보고서_IFRS(원문XBRL)(2023.05.15).zip","2CA43EC992382FED13F4ABC17793AAAC119E499A40C00F25C4502E82BC0ED768","7","labels/lab_00362441-ko_2019-05-02.xml","lab_00362441-ko_2019-05-02.xml",".xml","52632","3981","True","False","False","False","False","False","359525E97F98C97C3AAABF916C09E7027FA4095B2B1D43C60222024B4BFD585E","PASS",""
"307950","현대오토에버","soph_handoff_hyundai_autoever_v1_INPUT_PACKAGE_FOR_SOPH.zip","25E1D22A07252104A761E545A1D1D6B3704631EFD4CEBF21601B169C43286A7A","[현대오토에버]분기보고서_IFRS(원문XBRL)(2023.05.15).zip","2CA43EC992382FED13F4ABC17793AAAC119E499A40C00F25C4502E82BC0ED768","8","labels/lab_00362441-en_2019-05-02.xml","lab_00362441-en_2019-05-02.xml",".xml","10344","1320","True","False","False","False","False","False","B6AE982A7CF275DF10852F5EB22B663E761DB5DDF468AF8BE5404EFB15377672","PASS",""
"307950","현대오토에버","soph_handoff_hyundai_autoever_v1_INPUT_PACKAGE_FOR_SOPH.zip","25E1D22A07252104A761E545A1D1D6B3704631EFD4CEBF21601B169C43286A7A","[현대오토에버]분기보고서_IFRS(원문XBRL)(2023.11.14).zip","C6DE40BD6389D8E61CDBCC457664775A3A181BBFDA0AE9A7FC3113A55018CA9B","1","entity00362441_2023-09-30.xbrl","entity00362441_2023-09-30.xbrl",".xbrl","206822","13745","True","False","False","False","False","False","BAE25DA2E38CA7DD743F15EBBB7A5F36015DCC2ADF8BA78D6031759EA1E8FF79","PASS",""
"307950","현대오토에버","soph_handoff_hyundai_autoever_v1_INPUT_PACKAGE_FOR_SOPH.zip","25E1D22A07252104A761E545A1D1D6B3704631EFD4CEBF21601B169C43286A7A","[현대오토에버]분기보고서_IFRS(원문XBRL)(2023.11.14).zip","C6DE40BD6389D8E61CDBCC457664775A3A181BBFDA0AE9A7FC3113A55018CA9B","2","entity00362441_2023-09-30.xsd","entity00362441_2023-09-30.xsd",".xsd","9587","1436","False","True","False","False","False","False","F49AE42FE05F3F5749FA00F377C75DCFA085FB1715500CBD906D29CDA589F5FC","PASS",""
"307950","현대오토에버","soph_handoff_hyundai_autoever_v1_INPUT_PACKAGE_FOR_SOPH.zip","25E1D22A07252104A761E545A1D1D6B3704631EFD4CEBF21601B169C43286A7A","[현대오토에버]분기보고서_IFRS(원문XBRL)(2023.11.14).zip","C6DE40BD6389D8E61CDBCC457664775A3A181BBFDA0AE9A7FC3113A55018CA9B","3","entity00362441_2023-09-30_def.xml","entity00362441_2023-09-30_def.xml",".xml","212251","9304","False","False","False","False","False","True","78DCD3F864B1896DD1D189DDCCFC01B4EB6EBF0C2819D951381CFC122F4010F8","PASS",""
"307950","현대오토에버","soph_handoff_hyundai_autoever_v1_INPUT_PACKAGE_FOR_SOPH.zip","25E1D22A07252104A761E545A1D1D6B3704631EFD4CEBF21601B169C43286A7A","[현대오토에버]분기보고서_IFRS(원문XBRL)(2023.11.14).zip","C6DE40BD6389D8E61CDBCC457664775A3A181BBFDA0AE9A7FC3113A55018CA9B","4","entity00362441_2023-09-30_cal.xml","entity00362441_2023-09-30_cal.xml",".xml","130523","6331","False","False","False","False","True","False","2BF1FBB6906FC5B71263A2E41DC802EE21893C2AA561326D5F5D8D7780C529A8","PASS",""
"307950","현대오토에버","soph_handoff_hyundai_autoever_v1_INPUT_PACKAGE_FOR_SOPH.zip","25E1D22A07252104A761E545A1D1D6B3704631EFD4CEBF21601B169C43286A7A","[현대오토에버]분기보고서_IFRS(원문XBRL)(2023.11.14).zip","C6DE40BD6389D8E61CDBCC457664775A3A181BBFDA0AE9A7FC3113A55018CA9B","5","entity00362441_2023-09-30_pre.xml","entity00362441_2023-09-30_pre.xml",".xml","204996","9254","False","False","False","True","False","False","2520BA2F3316CF7000C6BE4750E5FB36E1F9D00AE70E7E0D6FE72E1CFC96EB74","PASS",""
"307950","현대오토에버","soph_handoff_hyundai_autoever_v1_INPUT_PACKAGE_FOR_SOPH.zip","25E1D22A07252104A761E545A1D1D6B3704631EFD4CEBF21601B169C43286A7A","[현대오토에버]분기보고서_IFRS(원문XBRL)(2023.11.14).zip","C6DE40BD6389D8E61CDBCC457664775A3A181BBFDA0AE9A7FC3113A55018CA9B","6","entity00362441_2023-09-30_lab-ko.xml","entity00362441_2023-09-30_lab-ko.xml",".xml","290252","15921","False","False","True","False","False","False","1CB751339799FD276C8341C2A498B6A6FDF6AABC326CAC0A0526D512FD720486","PASS",""
"307950","현대오토에버","soph_handoff_hyundai_autoever_v1_INPUT_PACKAGE_FOR_SOPH.zip","25E1D22A07252104A761E545A1D1D6B3704631EFD4CEBF21601B169C43286A7A","[현대오토에버]분기보고서_IFRS(원문XBRL)(2023.11.14).zip","C6DE40BD6389D8E61CDBCC457664775A3A181BBFDA0AE9A7FC3113A55018CA9B","7","entity00362441_2023-09-30_lab-en.xml","entity00362441_2023-09-30_lab-en.xml",".xml","297079","15396","False","False","True","False","False","False","36C2BC7158B378861E07B9C4C867E12CC1D3214C1F009CB1A99FF00B880D21B3","PASS",""
"307950","현대오토에버","soph_handoff_hyundai_autoever_v1_INPUT_PACKAGE_FOR_SOPH.zip","25E1D22A07252104A761E545A1D1D6B3704631EFD4CEBF21601B169C43286A7A","[현대오토에버]분기보고서_IFRS(원문XBRL)(2024.05.16).zip","3E2B50525B6745E0B08C9A21FC5A2E1A2972DDF223F41DDEB3F577B8174BC7C9","1","entity00362441_2024-03-31.xbrl","entity00362441_2024-03-31.xbrl",".xbrl","2473991","107290","True","False","False","False","False","False","DF178709708F0AC303BD3EF845ED78D3EA1F36B8D0C4E6CDCD19C38CAD028950","PASS",""
"307950","현대오토에버","soph_handoff_hyundai_autoever_v1_INPUT_PACKAGE_FOR_SOPH.zip","25E1D22A07252104A761E545A1D1D6B3704631EFD4CEBF21601B169C43286A7A","[현대오토에버]분기보고서_IFRS(원문XBRL)(2024.05.16).zip","3E2B50525B6745E0B08C9A21FC5A2E1A2972DDF223F41DDEB3F577B8174BC7C9","2","entity00362441_2024-03-31.xsd","entity00362441_2024-03-31.xsd",".xsd","319826","20485","False","True","False","False","False","False","D05796CA1F734DF08BA8A4EA2A65C3703B34D5C60EAA851547B5D4F19BA06F47","PASS",""
"307950","현대오토에버","soph_handoff_hyundai_autoever_v1_INPUT_PACKAGE_FOR_SOPH.zip","25E1D22A07252104A761E545A1D1D6B3704631EFD4CEBF21601B169C43286A7A","[현대오토에버]분기보고서_IFRS(원문XBRL)(2024.05.16).zip","3E2B50525B6745E0B08C9A21FC5A2E1A2972DDF223F41DDEB3F577B8174BC7C9","3","entity00362441_2024-03-31_def.xml","entity00362441_2024-03-31_def.xml",".xml","2816720","96538","False","False","False","False","False","True","A341CA8E31897A3E789264A70A58868D14E7B599BC68B6DFE0CA26E6BF114BEE","PASS",""
"307950","현대오토에버","soph_handoff_hyundai_autoever_v1_INPUT_PACKAGE_FOR_SOPH.zip","25E1D22A07252104A761E545A1D1D6B3704631EFD4CEBF21601B169C43286A7A","[현대오토에버]분기보고서_IFRS(원문XBRL)(2024.05.16).zip","3E2B50525B6745E0B08C9A21FC5A2E1A2972DDF223F41DDEB3F577B8174BC7C9","4","entity00362441_2024-03-31_cal.xml","entity00362441_2024-03-31_cal.xml",".xml","121194","5256","False","False","False","False","True","False","BCE2644E7775871EB4A48A95B7B3203EA979C1838CC968ECF714F12E7733F21F","PASS",""
"307950","현대오토에버","soph_handoff_hyundai_autoever_v1_INPUT_PACKAGE_FOR_SOPH.zip","25E1D22A07252104A761E545A1D1D6B3704631EFD4CEBF21601B169C43286A7A","[현대오토에버]분기보고서_IFRS(원문XBRL)(2024.05.16).zip","3E2B50525B6745E0B08C9A21FC5A2E1A2972DDF223F41DDEB3F577B8174BC7C9","5","entity00362441_2024-03-31_pre.xml","entity00362441_2024-03-31_pre.xml",".xml","2066490","83861","False","False","False","True","False","False","149E8434DB5CF3EF64056408EE98ABE72FB0AB5E2F038AB08EA147A9F1829E0C","PASS",""
"307950","현대오토에버","soph_handoff_hyundai_autoever_v1_INPUT_PACKAGE_FOR_SOPH.zip","25E1D22A07252104A761E545A1D1D6B3704631EFD4CEBF21601B169C43286A7A","[현대오토에버]분기보고서_IFRS(원문XBRL)(2024.05.16).zip","3E2B50525B6745E0B08C9A21FC5A2E1A2972DDF223F41DDEB3F577B8174BC7C9","6","entity00362441_2024-03-31_lab-ko.xml","entity00362441_2024-03-31_lab-ko.xml",".xml","3375425","127031","False","False","True","False","False","False","7E122222951C56D20EDC0BE4C8D05A51178D213AADF703569676C94F4A282D26","PASS",""
"307950","현대오토에버","soph_handoff_hyundai_autoever_v1_INPUT_PACKAGE_FOR_SOPH.zip","25E1D22A07252104A761E545A1D1D6B3704631EFD4CEBF21601B169C43286A7A","[현대오토에버]분기보고서_IFRS(원문XBRL)(2024.05.16).zip","3E2B50525B6745E0B08C9A21FC5A2E1A2972DDF223F41DDEB3F577B8174BC7C9","7","entity00362441_2024-03-31_lab-en.xml","entity00362441_2024-03-31_lab-en.xml",".xml","3414548","118983","False","False","True","False","False","False","BE00B8240871235A44E933E8A7112B1AC152B6888D4A3FEB121C180B3C1BB9DD","PASS",""
"307950","현대오토에버","soph_handoff_hyundai_autoever_v1_INPUT_PACKAGE_FOR_SOPH.zip","25E1D22A07252104A761E545A1D1D6B3704631EFD4CEBF21601B169C43286A7A","[현대오토에버]분기보고서_IFRS(원문XBRL)(2024.11.14).zip","C8582944C297314D0A32658A4229BD385603543BE780022D3B90BDF1C9D726DD","1","entity00362441_2024-09-30.xbrl","entity00362441_2024-09-30.xbrl",".xbrl","3572138","136002","True","False","False","False","False","False","1E652DC924C0B31C91DEEAF9F66699CD8C41BEB88483509775C682C9B1EE07E4","PASS",""
"307950","현대오토에버","soph_handoff_hyundai_autoever_v1_INPUT_PACKAGE_FOR_SOPH.zip","25E1D22A07252104A761E545A1D1D6B3704631EFD4CEBF21601B169C43286A7A","[현대오토에버]분기보고서_IFRS(원문XBRL)(2024.11.14).zip","C8582944C297314D0A32658A4229BD385603543BE780022D3B90BDF1C9D726DD","2","entity00362441_2024-09-30.xsd","entity00362441_2024-09-30.xsd",".xsd","181998","11298","False","True","False","False","False","False","D183A780DA2EB030B75C3A775735B0A443E9F77BB566AD54625569CF185A4E03","PASS",""
"307950","현대오토에버","soph_handoff_hyundai_autoever_v1_INPUT_PACKAGE_FOR_SOPH.zip","25E1D22A07252104A761E545A1D1D6B3704631EFD4CEBF21601B169C43286A7A","[현대오토에버]분기보고서_IFRS(원문XBRL)(2024.11.14).zip","C8582944C297314D0A32658A4229BD385603543BE780022D3B90BDF1C9D726DD","3","entity00362441_2024-09-30_def.xml","entity00362441_2024-09-30_def.xml",".xml","2654261","95551","False","False","False","False","False","True","3AE4D4063FF259DDDF5305D470BBE81B58F6D1F8CA28C9C9FEBBCFFF31AF235D","PASS",""
"307950","현대오토에버","soph_handoff_hyundai_autoever_v1_INPUT_PACKAGE_FOR_SOPH.zip","25E1D22A07252104A761E545A1D1D6B3704631EFD4CEBF21601B169C43286A7A","[현대오토에버]분기보고서_IFRS(원문XBRL)(2024.11.14).zip","C8582944C297314D0A32658A4229BD385603543BE780022D3B90BDF1C9D726DD","4","entity00362441_2024-09-30_cal.xml","entity00362441_2024-09-30_cal.xml",".xml","139412","5951","False","False","False","False","True","False","9B2925602A1B5E0D9DD5902AC148D751334188BB2C2F71AB045501976AE0F033","PASS",""
"307950","현대오토에버","soph_handoff_hyundai_autoever_v1_INPUT_PACKAGE_FOR_SOPH.zip","25E1D22A07252104A761E545A1D1D6B3704631EFD4CEBF21601B169C43286A7A","[현대오토에버]분기보고서_IFRS(원문XBRL)(2024.11.14).zip","C8582944C297314D0A32658A4229BD385603543BE780022D3B90BDF1C9D726DD","5","entity00362441_2024-09-30_pre.xml","entity00362441_2024-09-30_pre.xml",".xml","1838581","78287","False","False","False","True","False","False","2DD155D1995131A7BF6BEA6082120FD76E2736CA1E8E8B64358B9DBDC6C7013B","PASS",""
"307950","현대오토에버","soph_handoff_hyundai_autoever_v1_INPUT_PACKAGE_FOR_SOPH.zip","25E1D22A07252104A761E545A1D1D6B3704631EFD4CEBF21601B169C43286A7A","[현대오토에버]분기보고서_IFRS(원문XBRL)(2024.11.14).zip","C8582944C297314D0A32658A4229BD385603543BE780022D3B90BDF1C9D726DD","6","entity00362441_2024-09-30_lab-ko.xml","entity00362441_2024-09-30_lab-ko.xml",".xml","1884561","86482","False","False","True","False","False","False","D1BDFAAECFD21CE69E8807B26E206339463BFC7BD28C5776DEA97D97CC1674D0","PASS",""
"307950","현대오토에버","soph_handoff_hyundai_autoever_v1_INPUT_PACKAGE_FOR_SOPH.zip","25E1D22A07252104A761E545A1D1D6B3704631EFD4CEBF21601B169C43286A7A","[현대오토에버]분기보고서_IFRS(원문XBRL)(2024.11.14).zip","C8582944C297314D0A32658A4229BD385603543BE780022D3B90BDF1C9D726DD","7","entity00362441_2024-09-30_lab-en.xml","entity00362441_2024-09-30_lab-en.xml",".xml","1918834","81524","False","False","True","False","False","False","505C3791C5600F916750A9E4EC08372BCC42C216826DBC88D53EFC662A3976B7","PASS",""
"307950","현대오토에버","soph_handoff_hyundai_autoever_v1_INPUT_PACKAGE_FOR_SOPH.zip","25E1D22A07252104A761E545A1D1D6B3704631EFD4CEBF21601B169C43286A7A","[현대오토에버]분기보고서_IFRS(원문XBRL)(2025.05.15).zip","F796BC10B42DBD760F49CBFF9487E410E1DA5B00B89B388EFD413773926DDC68","1","entity00362441_2025-03-31.xbrl","entity00362441_2025-03-31.xbrl",".xbrl","3799420","136912","True","False","False","False","False","False","83401D1647A12DC052A2AE1B9EB26A3936FAB13E1030867E2A9464FD76C68BDC","PASS",""
"307950","현대오토에버","soph_handoff_hyundai_autoever_v1_INPUT_PACKAGE_FOR_SOPH.zip","25E1D22A07252104A761E545A1D1D6B3704631EFD4CEBF21601B169C43286A7A","[현대오토에버]분기보고서_IFRS(원문XBRL)(2025.05.15).zip","F796BC10B42DBD760F49CBFF9487E410E1DA5B00B89B388EFD413773926DDC68","2","entity00362441_2025-03-31.xsd","entity00362441_2025-03-31.xsd",".xsd","180910","11250","False","True","False","False","False","False","E820B25E3F07D9C28F3851B4FAF3ACDF9A8AAAA348E1DA1EAF2C8D4E08587515","PASS",""
"307950","현대오토에버","soph_handoff_hyundai_autoever_v1_INPUT_PACKAGE_FOR_SOPH.zip","25E1D22A07252104A761E545A1D1D6B3704631EFD4CEBF21601B169C43286A7A","[현대오토에버]분기보고서_IFRS(원문XBRL)(2025.05.15).zip","F796BC10B42DBD760F49CBFF9487E410E1DA5B00B89B388EFD413773926DDC68","3","entity00362441_2025-03-31_def.xml","entity00362441_2025-03-31_def.xml",".xml","2610743","92401","False","False","False","False","False","True","5B177E01BC78FE9E3408C887966CAEE9F2054FCF0C98080152654AD5947F8A0F","PASS",""
"307950","현대오토에버","soph_handoff_hyundai_autoever_v1_INPUT_PACKAGE_FOR_SOPH.zip","25E1D22A07252104A761E545A1D1D6B3704631EFD4CEBF21601B169C43286A7A","[현대오토에버]분기보고서_IFRS(원문XBRL)(2025.05.15).zip","F796BC10B42DBD760F49CBFF9487E410E1DA5B00B89B388EFD413773926DDC68","4","entity00362441_2025-03-31_cal.xml","entity00362441_2025-03-31_cal.xml",".xml","132605","5885","False","False","False","False","True","False","66C290967CA2C438338228087A86DFB6DBAA01167E63A6B0446F09C5D7FFC79E","PASS",""
"307950","현대오토에버","soph_handoff_hyundai_autoever_v1_INPUT_PACKAGE_FOR_SOPH.zip","25E1D22A07252104A761E545A1D1D6B3704631EFD4CEBF21601B169C43286A7A","[현대오토에버]분기보고서_IFRS(원문XBRL)(2025.05.15).zip","F796BC10B42DBD760F49CBFF9487E410E1DA5B00B89B388EFD413773926DDC68","5","entity00362441_2025-03-31_pre.xml","entity00362441_2025-03-31_pre.xml",".xml","1827896","76909","False","False","False","True","False","False","1AD9955DEDE0B8D9E5848B0D69CF781E959195488D49D0E1B7CD141351BBDDA8","PASS",""
"307950","현대오토에버","soph_handoff_hyundai_autoever_v1_INPUT_PACKAGE_FOR_SOPH.zip","25E1D22A07252104A761E545A1D1D6B3704631EFD4CEBF21601B169C43286A7A","[현대오토에버]분기보고서_IFRS(원문XBRL)(2025.05.15).zip","F796BC10B42DBD760F49CBFF9487E410E1DA5B00B89B388EFD413773926DDC68","6","entity00362441_2025-03-31_lab-ko.xml","entity00362441_2025-03-31_lab-ko.xml",".xml","1874920","86914","False","False","True","False","False","False","529B375ACDDAE2EF0D6EFC564A6B7F60A462F8D08A166FF8897B2557F16DAB43","PASS",""
"307950","현대오토에버","soph_handoff_hyundai_autoever_v1_INPUT_PACKAGE_FOR_SOPH.zip","25E1D22A07252104A761E545A1D1D6B3704631EFD4CEBF21601B169C43286A7A","[현대오토에버]분기보고서_IFRS(원문XBRL)(2025.05.15).zip","F796BC10B42DBD760F49CBFF9487E410E1DA5B00B89B388EFD413773926DDC68","7","entity00362441_2025-03-31_lab-en.xml","entity00362441_2025-03-31_lab-en.xml",".xml","1908881","82397","False","False","True","False","False","False","1AF2C67726420CB47EA4A897B43B87FCEAD3D6CC489F189F4839D6236B61B992","PASS",""
"307950","현대오토에버","soph_handoff_hyundai_autoever_v1_INPUT_PACKAGE_FOR_SOPH.zip","25E1D22A07252104A761E545A1D1D6B3704631EFD4CEBF21601B169C43286A7A","[현대오토에버]분기보고서_IFRS(원문XBRL)(2025.11.14).zip","948D2F046BD15AA1DC8FC332C06025BDAE541EAD024F9693E3BBE12FE2438BEE","1","entity00362441_2025-09-30.xbrl","entity00362441_2025-09-30.xbrl",".xbrl","3602205","149566","True","False","False","False","False","False","4EAF9C4997DCF96D46786DDE5AFA24CCEB6EABA92B3E8F9FF79C60A157249808","PASS",""
"307950","현대오토에버","soph_handoff_hyundai_autoever_v1_INPUT_PACKAGE_FOR_SOPH.zip","25E1D22A07252104A761E545A1D1D6B3704631EFD4CEBF21601B169C43286A7A","[현대오토에버]분기보고서_IFRS(원문XBRL)(2025.11.14).zip","948D2F046BD15AA1DC8FC332C06025BDAE541EAD024F9693E3BBE12FE2438BEE","2","entity00362441_2025-09-30.xsd","entity00362441_2025-09-30.xsd",".xsd","177167","12581","False","True","False","False","False","False","CFFA86B64A244053B3D277ED08403EBF455BFD5BD9946ACE5BDF3FD454E5498F","PASS",""
"307950","현대오토에버","soph_handoff_hyundai_autoever_v1_INPUT_PACKAGE_FOR_SOPH.zip","25E1D22A07252104A761E545A1D1D6B3704631EFD4CEBF21601B169C43286A7A","[현대오토에버]분기보고서_IFRS(원문XBRL)(2025.11.14).zip","948D2F046BD15AA1DC8FC332C06025BDAE541EAD024F9693E3BBE12FE2438BEE","3","entity00362441_2025-09-30_def.xml","entity00362441_2025-09-30_def.xml",".xml","2583067","92735","False","False","False","False","False","True","955BBF4D49EDC32EA5D3CEE24018F952EB2AF7891ABF5032D8204A643105FB12","PASS",""
"307950","현대오토에버","soph_handoff_hyundai_autoever_v1_INPUT_PACKAGE_FOR_SOPH.zip","25E1D22A07252104A761E545A1D1D6B3704631EFD4CEBF21601B169C43286A7A","[현대오토에버]분기보고서_IFRS(원문XBRL)(2025.11.14).zip","948D2F046BD15AA1DC8FC332C06025BDAE541EAD024F9693E3BBE12FE2438BEE","4","entity00362441_2025-09-30_cal.xml","entity00362441_2025-09-30_cal.xml",".xml","147598","6362","False","False","False","False","True","False","ED14352ABC460398C7F2218A6F52087608A922A8EF02FCF9E2F2214B93898B9B","PASS",""
"307950","현대오토에버","soph_handoff_hyundai_autoever_v1_INPUT_PACKAGE_FOR_SOPH.zip","25E1D22A07252104A761E545A1D1D6B3704631EFD4CEBF21601B169C43286A7A","[현대오토에버]분기보고서_IFRS(원문XBRL)(2025.11.14).zip","948D2F046BD15AA1DC8FC332C06025BDAE541EAD024F9693E3BBE12FE2438BEE","5","entity00362441_2025-09-30_pre.xml","entity00362441_2025-09-30_pre.xml",".xml","1828136","77567","False","False","False","True","False","False","7ABD30D919F7D6C5503EC24C95D41433C19700DDDE443D78963CB2D211B6155A","PASS",""
"307950","현대오토에버","soph_handoff_hyundai_autoever_v1_INPUT_PACKAGE_FOR_SOPH.zip","25E1D22A07252104A761E545A1D1D6B3704631EFD4CEBF21601B169C43286A7A","[현대오토에버]분기보고서_IFRS(원문XBRL)(2025.11.14).zip","948D2F046BD15AA1DC8FC332C06025BDAE541EAD024F9693E3BBE12FE2438BEE","6","entity00362441_2025-09-30_lab-ko.xml","entity00362441_2025-09-30_lab-ko.xml",".xml","1937408","89654","False","False","True","False","False","False","102572884A980753EE1E643DB4BC0ACBF38516F3FD6787640DE1398E757A906E","PASS",""
"307950","현대오토에버","soph_handoff_hyundai_autoever_v1_INPUT_PACKAGE_FOR_SOPH.zip","25E1D22A07252104A761E545A1D1D6B3704631EFD4CEBF21601B169C43286A7A","[현대오토에버]분기보고서_IFRS(원문XBRL)(2025.11.14).zip","948D2F046BD15AA1DC8FC332C06025BDAE541EAD024F9693E3BBE12FE2438BEE","7","entity00362441_2025-09-30_lab-en.xml","entity00362441_2025-09-30_lab-en.xml",".xml","1970252","85493","False","False","True","False","False","False","4902E8D178165A889BC6A4ACCE42C0F14D1C877BB7353C20F295E8FCC76F0089","PASS",""
"307950","현대오토에버","soph_handoff_hyundai_autoever_v1_INPUT_PACKAGE_FOR_SOPH.zip","25E1D22A07252104A761E545A1D1D6B3704631EFD4CEBF21601B169C43286A7A","[현대오토에버]분기보고서_IFRS(원문XBRL)(2026.05.15).zip","019C5E81AD8EE20C2DFDFCB3C5C67D4ED657DC5B7BB2AE5B53E547F9113C2B36","1","entity00362441_2026-03-31.xbrl","entity00362441_2026-03-31.xbrl",".xbrl","3370327","143880","True","False","False","False","False","False","C4D6C9420DC47FD6511532943A0BED5208CCD293E7BBF807B5308D7FE86A12B1","PASS",""
"307950","현대오토에버","soph_handoff_hyundai_autoever_v1_INPUT_PACKAGE_FOR_SOPH.zip","25E1D22A07252104A761E545A1D1D6B3704631EFD4CEBF21601B169C43286A7A","[현대오토에버]분기보고서_IFRS(원문XBRL)(2026.05.15).zip","019C5E81AD8EE20C2DFDFCB3C5C67D4ED657DC5B7BB2AE5B53E547F9113C2B36","2","entity00362441_2026-03-31.xsd","entity00362441_2026-03-31.xsd",".xsd","169254","12323","False","True","False","False","False","False","72373EB4E2BB8D2F9BE1EB96F42CA87EF412CD415BFF27B9C2219D3E3B0A4975","PASS",""
"307950","현대오토에버","soph_handoff_hyundai_autoever_v1_INPUT_PACKAGE_FOR_SOPH.zip","25E1D22A07252104A761E545A1D1D6B3704631EFD4CEBF21601B169C43286A7A","[현대오토에버]분기보고서_IFRS(원문XBRL)(2026.05.15).zip","019C5E81AD8EE20C2DFDFCB3C5C67D4ED657DC5B7BB2AE5B53E547F9113C2B36","3","entity00362441_2026-03-31_def.xml","entity00362441_2026-03-31_def.xml",".xml","2476696","88441","False","False","False","False","False","True","E1785A93C5394DFAE035B33FCA48845BF1F1FBBB3CCDA799991436ECEC893348","PASS",""
"307950","현대오토에버","soph_handoff_hyundai_autoever_v1_INPUT_PACKAGE_FOR_SOPH.zip","25E1D22A07252104A761E545A1D1D6B3704631EFD4CEBF21601B169C43286A7A","[현대오토에버]분기보고서_IFRS(원문XBRL)(2026.05.15).zip","019C5E81AD8EE20C2DFDFCB3C5C67D4ED657DC5B7BB2AE5B53E547F9113C2B36","4","entity00362441_2026-03-31_cal.xml","entity00362441_2026-03-31_cal.xml",".xml","134968","5589","False","False","False","False","True","False","2FEB68EC6122C5ADF4997B1E124F287B4BCB65D83AA8C41FE063702B78CE2618","PASS",""
"307950","현대오토에버","soph_handoff_hyundai_autoever_v1_INPUT_PACKAGE_FOR_SOPH.zip","25E1D22A07252104A761E545A1D1D6B3704631EFD4CEBF21601B169C43286A7A","[현대오토에버]분기보고서_IFRS(원문XBRL)(2026.05.15).zip","019C5E81AD8EE20C2DFDFCB3C5C67D4ED657DC5B7BB2AE5B53E547F9113C2B36","5","entity00362441_2026-03-31_pre.xml","entity00362441_2026-03-31_pre.xml",".xml","1779067","76224","False","False","False","True","False","False","BAA9C62652AC3C07217DE2B443621AA8E3FFA7A5253310E4B2B853D4F0967F58","PASS",""
"307950","현대오토에버","soph_handoff_hyundai_autoever_v1_INPUT_PACKAGE_FOR_SOPH.zip","25E1D22A07252104A761E545A1D1D6B3704631EFD4CEBF21601B169C43286A7A","[현대오토에버]분기보고서_IFRS(원문XBRL)(2026.05.15).zip","019C5E81AD8EE20C2DFDFCB3C5C67D4ED657DC5B7BB2AE5B53E547F9113C2B36","6","entity00362441_2026-03-31_lab-ko.xml","entity00362441_2026-03-31_lab-ko.xml",".xml","1896573","87074","False","False","True","False","False","False","AE3099E2B764FE7BD3977E57B8910D749B33187F56CF8D412C2C2CB3CE9A5AD5","PASS",""
"307950","현대오토에버","soph_handoff_hyundai_autoever_v1_INPUT_PACKAGE_FOR_SOPH.zip","25E1D22A07252104A761E545A1D1D6B3704631EFD4CEBF21601B169C43286A7A","[현대오토에버]분기보고서_IFRS(원문XBRL)(2026.05.15).zip","019C5E81AD8EE20C2DFDFCB3C5C67D4ED657DC5B7BB2AE5B53E547F9113C2B36","7","entity00362441_2026-03-31_lab-en.xml","entity00362441_2026-03-31_lab-en.xml",".xml","1932548","84100","False","False","True","False","False","False","6B20487EDCA51E39F87D0A3A06E094927CBA2B62124877FCBE492A9783449E45","PASS",""
"307950","현대오토에버","soph_handoff_hyundai_autoever_v1_INPUT_PACKAGE_FOR_SOPH.zip","25E1D22A07252104A761E545A1D1D6B3704631EFD4CEBF21601B169C43286A7A","[현대오토에버]사업보고서_IFRS(원문XBRL)(2021.03.18).zip","B2EFC9AE1F2AD412DED530E33FC1CBD766A80B144792447DDCA59B35750D6E88","1","00362441_2019-05-02.xbrl","00362441_2019-05-02.xbrl",".xbrl","228960","12036","True","False","False","False","False","False","92249BE5A4E4972326B78310F622617EFFC7B6C6A9B4FFE700E51DC292242304","PASS",""
"307950","현대오토에버","soph_handoff_hyundai_autoever_v1_INPUT_PACKAGE_FOR_SOPH.zip","25E1D22A07252104A761E545A1D1D6B3704631EFD4CEBF21601B169C43286A7A","[현대오토에버]사업보고서_IFRS(원문XBRL)(2021.03.18).zip","B2EFC9AE1F2AD412DED530E33FC1CBD766A80B144792447DDCA59B35750D6E88","2","00362441_entry_point_2019-05-02.xsd","00362441_entry_point_2019-05-02.xsd",".xsd","3948","798","False","True","False","False","False","False","99C3729E8A792D84387065FCED6CF53AF4DFC84BD8F44D21215F2E3419651204","PASS",""
"307950","현대오토에버","soph_handoff_hyundai_autoever_v1_INPUT_PACKAGE_FOR_SOPH.zip","25E1D22A07252104A761E545A1D1D6B3704631EFD4CEBF21601B169C43286A7A","[현대오토에버]사업보고서_IFRS(원문XBRL)(2021.03.18).zip","B2EFC9AE1F2AD412DED530E33FC1CBD766A80B144792447DDCA59B35750D6E88","3","ifrs_for_00362441/dimensions_ifrs_for_00362441/dim_ifrs_for_00362441_2019-05-02.xml","dim_ifrs_for_00362441_2019-05-02.xml",".xml","1454004","61911","True","False","False","False","False","False","0FC23274AA5E413B7AC475C44A6F58EF54581141398A38BD84EDF59DD2AE03DA","PASS",""
"307950","현대오토에버","soph_handoff_hyundai_autoever_v1_INPUT_PACKAGE_FOR_SOPH.zip","25E1D22A07252104A761E545A1D1D6B3704631EFD4CEBF21601B169C43286A7A","[현대오토에버]사업보고서_IFRS(원문XBRL)(2021.03.18).zip","B2EFC9AE1F2AD412DED530E33FC1CBD766A80B144792447DDCA59B35750D6E88","4","ifrs_for_00362441/dimensions_ifrs_for_00362441/cal_ifrs_for_00362441_2019-05-02.xml","cal_ifrs_for_00362441_2019-05-02.xml",".xml","1410040","58397","True","False","False","False","False","False","2035C6CBC420BF6507A8F03C48EF59FA5C02DCE11692C295429B3C2EA47A6527","PASS",""
"307950","현대오토에버","soph_handoff_hyundai_autoever_v1_INPUT_PACKAGE_FOR_SOPH.zip","25E1D22A07252104A761E545A1D1D6B3704631EFD4CEBF21601B169C43286A7A","[현대오토에버]사업보고서_IFRS(원문XBRL)(2021.03.18).zip","B2EFC9AE1F2AD412DED530E33FC1CBD766A80B144792447DDCA59B35750D6E88","5","ifrs_for_00362441/dimensions_ifrs_for_00362441/pre_ifrs_for_00362441_2019-05-02.xml","pre_ifrs_for_00362441_2019-05-02.xml",".xml","1483886","62944","True","False","False","False","False","False","4936491FD7F63DAB42ABFA3E413EDCD4DBAE591C78AA70C4B4C4ADDFA8756048","PASS",""
"307950","현대오토에버","soph_handoff_hyundai_autoever_v1_INPUT_PACKAGE_FOR_SOPH.zip","25E1D22A07252104A761E545A1D1D6B3704631EFD4CEBF21601B169C43286A7A","[현대오토에버]사업보고서_IFRS(원문XBRL)(2021.03.18).zip","B2EFC9AE1F2AD412DED530E33FC1CBD766A80B144792447DDCA59B35750D6E88","6","ifrs_for_00362441/dimensions_ifrs_for_00362441/role_ifrs_for_00362441-dim_2019-05-02.xsd","role_ifrs_for_00362441-dim_2019-05-02.xsd",".xsd","649","311","False","True","False","False","False","False","9F6B3B111992E8D08606A55B48F64A67A8FCD053ECA9D05AEE014720522C9E1E","PASS",""
"307950","현대오토에버","soph_handoff_hyundai_autoever_v1_INPUT_PACKAGE_FOR_SOPH.zip","25E1D22A07252104A761E545A1D1D6B3704631EFD4CEBF21601B169C43286A7A","[현대오토에버]사업보고서_IFRS(원문XBRL)(2021.03.18).zip","B2EFC9AE1F2AD412DED530E33FC1CBD766A80B144792447DDCA59B35750D6E88","7","labels/lab_00362441-ko_2019-05-02.xml","lab_00362441-ko_2019-05-02.xml",".xml","50509","3896","True","False","False","False","False","False","4BC334020C231FA8AB0C56EF4E1896658531A38E74533D1D4E018CB64B363C27","PASS",""
"307950","현대오토에버","soph_handoff_hyundai_autoever_v1_INPUT_PACKAGE_FOR_SOPH.zip","25E1D22A07252104A761E545A1D1D6B3704631EFD4CEBF21601B169C43286A7A","[현대오토에버]사업보고서_IFRS(원문XBRL)(2021.03.18).zip","B2EFC9AE1F2AD412DED530E33FC1CBD766A80B144792447DDCA59B35750D6E88","8","labels/lab_00362441-en_2019-05-02.xml","lab_00362441-en_2019-05-02.xml",".xml","11060","1376","True","False","False","False","False","False","B796BFF72162B357A7440FF0376B426462B715C0C4B98AA5EE21B46FAA8633DD","PASS",""
"307950","현대오토에버","soph_handoff_hyundai_autoever_v1_INPUT_PACKAGE_FOR_SOPH.zip","25E1D22A07252104A761E545A1D1D6B3704631EFD4CEBF21601B169C43286A7A","[현대오토에버]사업보고서_IFRS(원문XBRL)(2022.03.17).zip","FEFFEFBF22129519147446162CBA7B52A8B621DA8F88B84349E06B806315461D","1","00362441_2019-05-02.xbrl","00362441_2019-05-02.xbrl",".xbrl","241015","12771","True","False","False","False","False","False","E696D00DB297FF9A227CFCAAB960B1392AAA320C7B6F0482DA5955689FBEE621","PASS",""
"307950","현대오토에버","soph_handoff_hyundai_autoever_v1_INPUT_PACKAGE_FOR_SOPH.zip","25E1D22A07252104A761E545A1D1D6B3704631EFD4CEBF21601B169C43286A7A","[현대오토에버]사업보고서_IFRS(원문XBRL)(2022.03.17).zip","FEFFEFBF22129519147446162CBA7B52A8B621DA8F88B84349E06B806315461D","2","00362441_entry_point_2019-05-02.xsd","00362441_entry_point_2019-05-02.xsd",".xsd","3948","798","False","True","False","False","False","False","99C3729E8A792D84387065FCED6CF53AF4DFC84BD8F44D21215F2E3419651204","PASS",""
"307950","현대오토에버","soph_handoff_hyundai_autoever_v1_INPUT_PACKAGE_FOR_SOPH.zip","25E1D22A07252104A761E545A1D1D6B3704631EFD4CEBF21601B169C43286A7A","[현대오토에버]사업보고서_IFRS(원문XBRL)(2022.03.17).zip","FEFFEFBF22129519147446162CBA7B52A8B621DA8F88B84349E06B806315461D","3","ifrs_for_00362441/dimensions_ifrs_for_00362441/dim_ifrs_for_00362441_2019-05-02.xml","dim_ifrs_for_00362441_2019-05-02.xml",".xml","1460034","62079","True","False","False","False","False","False","E4711A59AE202C957A17A50D8DEED6E07D47DBC0FED03E32199C38FDCAB302FE","PASS",""
"307950","현대오토에버","soph_handoff_hyundai_autoever_v1_INPUT_PACKAGE_FOR_SOPH.zip","25E1D22A07252104A761E545A1D1D6B3704631EFD4CEBF21601B169C43286A7A","[현대오토에버]사업보고서_IFRS(원문XBRL)(2022.03.17).zip","FEFFEFBF22129519147446162CBA7B52A8B621DA8F88B84349E06B806315461D","4","ifrs_for_00362441/dimensions_ifrs_for_00362441/cal_ifrs_for_00362441_2019-05-02.xml","cal_ifrs_for_00362441_2019-05-02.xml",".xml","1407774","58286","True","False","False","False","False","False","0FFF6DA5865EAFE3A5422B879C4BC97704F5554B168BBD6A0A1583975588374F","PASS",""
"307950","현대오토에버","soph_handoff_hyundai_autoever_v1_INPUT_PACKAGE_FOR_SOPH.zip","25E1D22A07252104A761E545A1D1D6B3704631EFD4CEBF21601B169C43286A7A","[현대오토에버]사업보고서_IFRS(원문XBRL)(2022.03.17).zip","FEFFEFBF22129519147446162CBA7B52A8B621DA8F88B84349E06B806315461D","5","ifrs_for_00362441/dimensions_ifrs_for_00362441/pre_ifrs_for_00362441_2019-05-02.xml","pre_ifrs_for_00362441_2019-05-02.xml",".xml","1490078","63185","True","False","False","False","False","False","A7EEC78E07F81D3407ACBF6E71CDE1E256806529F71C357A88881EC829D72C35","PASS",""
"307950","현대오토에버","soph_handoff_hyundai_autoever_v1_INPUT_PACKAGE_FOR_SOPH.zip","25E1D22A07252104A761E545A1D1D6B3704631EFD4CEBF21601B169C43286A7A","[현대오토에버]사업보고서_IFRS(원문XBRL)(2022.03.17).zip","FEFFEFBF22129519147446162CBA7B52A8B621DA8F88B84349E06B806315461D","6","ifrs_for_00362441/dimensions_ifrs_for_00362441/role_ifrs_for_00362441-dim_2019-05-02.xsd","role_ifrs_for_00362441-dim_2019-05-02.xsd",".xsd","649","311","False","True","False","False","False","False","9F6B3B111992E8D08606A55B48F64A67A8FCD053ECA9D05AEE014720522C9E1E","PASS",""
"307950","현대오토에버","soph_handoff_hyundai_autoever_v1_INPUT_PACKAGE_FOR_SOPH.zip","25E1D22A07252104A761E545A1D1D6B3704631EFD4CEBF21601B169C43286A7A","[현대오토에버]사업보고서_IFRS(원문XBRL)(2022.03.17).zip","FEFFEFBF22129519147446162CBA7B52A8B621DA8F88B84349E06B806315461D","7","labels/lab_00362441-ko_2019-05-02.xml","lab_00362441-ko_2019-05-02.xml",".xml","52146","4092","True","False","False","False","False","False","C44A4BE89811E607B28F39289C2990956CEE523A02A0B17FAE616375877E6603","PASS",""
"307950","현대오토에버","soph_handoff_hyundai_autoever_v1_INPUT_PACKAGE_FOR_SOPH.zip","25E1D22A07252104A761E545A1D1D6B3704631EFD4CEBF21601B169C43286A7A","[현대오토에버]사업보고서_IFRS(원문XBRL)(2022.03.17).zip","FEFFEFBF22129519147446162CBA7B52A8B621DA8F88B84349E06B806315461D","8","labels/lab_00362441-en_2019-05-02.xml","lab_00362441-en_2019-05-02.xml",".xml","10344","1320","True","False","False","False","False","False","B6AE982A7CF275DF10852F5EB22B663E761DB5DDF468AF8BE5404EFB15377672","PASS",""
"307950","현대오토에버","soph_handoff_hyundai_autoever_v1_INPUT_PACKAGE_FOR_SOPH.zip","25E1D22A07252104A761E545A1D1D6B3704631EFD4CEBF21601B169C43286A7A","[현대오토에버]사업보고서_IFRS(원문XBRL)(2023.03.17).zip","DFDC35CB01513AAB6317B3D95FEC06700A796907D3E3A22B83337414DA64773F","1","00362441_2019-05-02.xbrl","00362441_2019-05-02.xbrl",".xbrl","246693","12885","True","False","False","False","False","False","19B79AC66667D53CAE9F97D45A9123E851D7F313C5576D6649A46FF54EE0EA26","PASS",""
"307950","현대오토에버","soph_handoff_hyundai_autoever_v1_INPUT_PACKAGE_FOR_SOPH.zip","25E1D22A07252104A761E545A1D1D6B3704631EFD4CEBF21601B169C43286A7A","[현대오토에버]사업보고서_IFRS(원문XBRL)(2023.03.17).zip","DFDC35CB01513AAB6317B3D95FEC06700A796907D3E3A22B83337414DA64773F","2","00362441_entry_point_2019-05-02.xsd","00362441_entry_point_2019-05-02.xsd",".xsd","3948","798","False","True","False","False","False","False","99C3729E8A792D84387065FCED6CF53AF4DFC84BD8F44D21215F2E3419651204","PASS",""
"307950","현대오토에버","soph_handoff_hyundai_autoever_v1_INPUT_PACKAGE_FOR_SOPH.zip","25E1D22A07252104A761E545A1D1D6B3704631EFD4CEBF21601B169C43286A7A","[현대오토에버]사업보고서_IFRS(원문XBRL)(2023.03.17).zip","DFDC35CB01513AAB6317B3D95FEC06700A796907D3E3A22B83337414DA64773F","3","ifrs_for_00362441/dimensions_ifrs_for_00362441/dim_ifrs_for_00362441_2019-05-02.xml","dim_ifrs_for_00362441_2019-05-02.xml",".xml","1464954","62449","True","False","False","False","False","False","12B4722FF9894E074F7310A9DA96A25084DDC7F0A23D981BEBE19BB3B04FAE51","PASS",""
"307950","현대오토에버","soph_handoff_hyundai_autoever_v1_INPUT_PACKAGE_FOR_SOPH.zip","25E1D22A07252104A761E545A1D1D6B3704631EFD4CEBF21601B169C43286A7A","[현대오토에버]사업보고서_IFRS(원문XBRL)(2023.03.17).zip","DFDC35CB01513AAB6317B3D95FEC06700A796907D3E3A22B83337414DA64773F","4","ifrs_for_00362441/dimensions_ifrs_for_00362441/cal_ifrs_for_00362441_2019-05-02.xml","cal_ifrs_for_00362441_2019-05-02.xml",".xml","1407715","58219","True","False","False","False","False","False","B342C9593274DD494EB15BAAB0409E32828B7C9B8C7E416F9727B5B3B7189357","PASS",""
"307950","현대오토에버","soph_handoff_hyundai_autoever_v1_INPUT_PACKAGE_FOR_SOPH.zip","25E1D22A07252104A761E545A1D1D6B3704631EFD4CEBF21601B169C43286A7A","[현대오토에버]사업보고서_IFRS(원문XBRL)(2023.03.17).zip","DFDC35CB01513AAB6317B3D95FEC06700A796907D3E3A22B83337414DA64773F","5","ifrs_for_00362441/dimensions_ifrs_for_00362441/pre_ifrs_for_00362441_2019-05-02.xml","pre_ifrs_for_00362441_2019-05-02.xml",".xml","1495202","63612","True","False","False","False","False","False","654CB4FAA125C70DE44545247E1922FC188CBA38FF2ED2FB6CC1A7156B808353","PASS",""
"307950","현대오토에버","soph_handoff_hyundai_autoever_v1_INPUT_PACKAGE_FOR_SOPH.zip","25E1D22A07252104A761E545A1D1D6B3704631EFD4CEBF21601B169C43286A7A","[현대오토에버]사업보고서_IFRS(원문XBRL)(2023.03.17).zip","DFDC35CB01513AAB6317B3D95FEC06700A796907D3E3A22B83337414DA64773F","6","ifrs_for_00362441/dimensions_ifrs_for_00362441/role_ifrs_for_00362441-dim_2019-05-02.xsd","role_ifrs_for_00362441-dim_2019-05-02.xsd",".xsd","649","311","False","True","False","False","False","False","9F6B3B111992E8D08606A55B48F64A67A8FCD053ECA9D05AEE014720522C9E1E","PASS",""
"307950","현대오토에버","soph_handoff_hyundai_autoever_v1_INPUT_PACKAGE_FOR_SOPH.zip","25E1D22A07252104A761E545A1D1D6B3704631EFD4CEBF21601B169C43286A7A","[현대오토에버]사업보고서_IFRS(원문XBRL)(2023.03.17).zip","DFDC35CB01513AAB6317B3D95FEC06700A796907D3E3A22B83337414DA64773F","7","labels/lab_00362441-ko_2019-05-02.xml","lab_00362441-ko_2019-05-02.xml",".xml","54669","4190","True","False","False","False","False","False","0D34015C0AD4AF2FBD438B376CE506B79E0B7608AED63AFD861845303AE05911","PASS",""
"307950","현대오토에버","soph_handoff_hyundai_autoever_v1_INPUT_PACKAGE_FOR_SOPH.zip","25E1D22A07252104A761E545A1D1D6B3704631EFD4CEBF21601B169C43286A7A","[현대오토에버]사업보고서_IFRS(원문XBRL)(2023.03.17).zip","DFDC35CB01513AAB6317B3D95FEC06700A796907D3E3A22B83337414DA64773F","8","labels/lab_00362441-en_2019-05-02.xml","lab_00362441-en_2019-05-02.xml",".xml","10344","1320","True","False","False","False","False","False","B6AE982A7CF275DF10852F5EB22B663E761DB5DDF468AF8BE5404EFB15377672","PASS",""
"307950","현대오토에버","soph_handoff_hyundai_autoever_v1_INPUT_PACKAGE_FOR_SOPH.zip","25E1D22A07252104A761E545A1D1D6B3704631EFD4CEBF21601B169C43286A7A","[현대오토에버]사업보고서_IFRS(원문XBRL)(2025.03.17).zip","034BDBC119B5FA47FD41A0E32037E81BA3639D816AE21724AA2819E51E6565CE","1","entity00362441_2024-12-31.xbrl","entity00362441_2024-12-31.xbrl",".xbrl","4893869","194736","True","False","False","False","False","False","DD9A81CA451A7ED98A169FBA90BCAA1D93F44951CA984AB600FD7F2E5FA591B6","PASS",""
"307950","현대오토에버","soph_handoff_hyundai_autoever_v1_INPUT_PACKAGE_FOR_SOPH.zip","25E1D22A07252104A761E545A1D1D6B3704631EFD4CEBF21601B169C43286A7A","[현대오토에버]사업보고서_IFRS(원문XBRL)(2025.03.17).zip","034BDBC119B5FA47FD41A0E32037E81BA3639D816AE21724AA2819E51E6565CE","2","entity00362441_2024-12-31.xsd","entity00362441_2024-12-31.xsd",".xsd","264038","17201","False","True","False","False","False","False","A3F693ADF1FAAAC672023A9D392F26BF2E0162354C9049E803D830BBC7350E8E","PASS",""
"307950","현대오토에버","soph_handoff_hyundai_autoever_v1_INPUT_PACKAGE_FOR_SOPH.zip","25E1D22A07252104A761E545A1D1D6B3704631EFD4CEBF21601B169C43286A7A","[현대오토에버]사업보고서_IFRS(원문XBRL)(2025.03.17).zip","034BDBC119B5FA47FD41A0E32037E81BA3639D816AE21724AA2819E51E6565CE","3","entity00362441_2024-12-31_def.xml","entity00362441_2024-12-31_def.xml",".xml","3915987","138354","False","False","False","False","False","True","6DE30FCDC17A94A0DEF4686203D6676FD25F61213FBCB0BEC077658280EB7161","PASS",""
"307950","현대오토에버","soph_handoff_hyundai_autoever_v1_INPUT_PACKAGE_FOR_SOPH.zip","25E1D22A07252104A761E545A1D1D6B3704631EFD4CEBF21601B169C43286A7A","[현대오토에버]사업보고서_IFRS(원문XBRL)(2025.03.17).zip","034BDBC119B5FA47FD41A0E32037E81BA3639D816AE21724AA2819E51E6565CE","4","entity00362441_2024-12-31_cal.xml","entity00362441_2024-12-31_cal.xml",".xml","150694","6638","False","False","False","False","True","False","90BFE261B6213F2CDB590AF9E35C5DE1FA23039D2E4951DE656E6E48616F0286","PASS",""
"307950","현대오토에버","soph_handoff_hyundai_autoever_v1_INPUT_PACKAGE_FOR_SOPH.zip","25E1D22A07252104A761E545A1D1D6B3704631EFD4CEBF21601B169C43286A7A","[현대오토에버]사업보고서_IFRS(원문XBRL)(2025.03.17).zip","034BDBC119B5FA47FD41A0E32037E81BA3639D816AE21724AA2819E51E6565CE","5","entity00362441_2024-12-31_pre.xml","entity00362441_2024-12-31_pre.xml",".xml","2745824","115943","False","False","False","True","False","False","726A650D83B722F179C8FB253B11BAFD4D4E50D10E837F6570D435D14DCEAAB5","PASS",""
"307950","현대오토에버","soph_handoff_hyundai_autoever_v1_INPUT_PACKAGE_FOR_SOPH.zip","25E1D22A07252104A761E545A1D1D6B3704631EFD4CEBF21601B169C43286A7A","[현대오토에버]사업보고서_IFRS(원문XBRL)(2025.03.17).zip","034BDBC119B5FA47FD41A0E32037E81BA3639D816AE21724AA2819E51E6565CE","6","entity00362441_2024-12-31_lab-ko.xml","entity00362441_2024-12-31_lab-ko.xml",".xml","2816607","126108","False","False","True","False","False","False","CAEB0B360C2118850237151CA5C27093DB3A246B5DCD3FF00C1F586ACECF89EF","PASS",""
"307950","현대오토에버","soph_handoff_hyundai_autoever_v1_INPUT_PACKAGE_FOR_SOPH.zip","25E1D22A07252104A761E545A1D1D6B3704631EFD4CEBF21601B169C43286A7A","[현대오토에버]사업보고서_IFRS(원문XBRL)(2025.03.17).zip","034BDBC119B5FA47FD41A0E32037E81BA3639D816AE21724AA2819E51E6565CE","7","entity00362441_2024-12-31_lab-en.xml","entity00362441_2024-12-31_lab-en.xml",".xml","2865405","119633","False","False","True","False","False","False","4574E12459864AC9039C9B9C5BB3588A9F45DC0359E127E7156691F8B8CF7035","PASS",""
"307950","현대오토에버","soph_handoff_hyundai_autoever_v1_INPUT_PACKAGE_FOR_SOPH.zip","25E1D22A07252104A761E545A1D1D6B3704631EFD4CEBF21601B169C43286A7A","[현대오토에버]사업보고서_IFRS(원문XBRL)(2026.03.18).zip","F29E6D72618CE1B90201319584571D3513D96E566C67E8F18E8275C697F2147B","1","entity00362441_2025-12-31.xbrl","entity00362441_2025-12-31.xbrl",".xbrl","4673594","196451","True","False","False","False","False","False","88C150EFD742B21CF6EA0527FF2C7041D3AE8FF077F2AF08DCC68C66845CFB2A","PASS",""
"307950","현대오토에버","soph_handoff_hyundai_autoever_v1_INPUT_PACKAGE_FOR_SOPH.zip","25E1D22A07252104A761E545A1D1D6B3704631EFD4CEBF21601B169C43286A7A","[현대오토에버]사업보고서_IFRS(원문XBRL)(2026.03.18).zip","F29E6D72618CE1B90201319584571D3513D96E566C67E8F18E8275C697F2147B","2","entity00362441_2025-12-31.xsd","entity00362441_2025-12-31.xsd",".xsd","265577","22350","False","True","False","False","False","False","AF147E30A3543928DD3EEEF3B60CD998490B9BCC69DC0442864C24764537D628","PASS",""
"307950","현대오토에버","soph_handoff_hyundai_autoever_v1_INPUT_PACKAGE_FOR_SOPH.zip","25E1D22A07252104A761E545A1D1D6B3704631EFD4CEBF21601B169C43286A7A","[현대오토에버]사업보고서_IFRS(원문XBRL)(2026.03.18).zip","F29E6D72618CE1B90201319584571D3513D96E566C67E8F18E8275C697F2147B","3","entity00362441_2025-12-31_def.xml","entity00362441_2025-12-31_def.xml",".xml","4011409","140475","False","False","False","False","False","True","B6E583BC29876DC2C51391ACE4DF933FCDF72B2B8C68CCD44A129ADF04F731DE","PASS",""
"307950","현대오토에버","soph_handoff_hyundai_autoever_v1_INPUT_PACKAGE_FOR_SOPH.zip","25E1D22A07252104A761E545A1D1D6B3704631EFD4CEBF21601B169C43286A7A","[현대오토에버]사업보고서_IFRS(원문XBRL)(2026.03.18).zip","F29E6D72618CE1B90201319584571D3513D96E566C67E8F18E8275C697F2147B","4","entity00362441_2025-12-31_cal.xml","entity00362441_2025-12-31_cal.xml",".xml","150018","6573","False","False","False","False","True","False","424EE9A356833B08AF7D7F6CE81172D489662B85F94104644F4FD0FB12DA2D5A","PASS",""
"307950","현대오토에버","soph_handoff_hyundai_autoever_v1_INPUT_PACKAGE_FOR_SOPH.zip","25E1D22A07252104A761E545A1D1D6B3704631EFD4CEBF21601B169C43286A7A","[현대오토에버]사업보고서_IFRS(원문XBRL)(2026.03.18).zip","F29E6D72618CE1B90201319584571D3513D96E566C67E8F18E8275C697F2147B","5","entity00362441_2025-12-31_pre.xml","entity00362441_2025-12-31_pre.xml",".xml","2852463","121771","False","False","False","True","False","False","3DFA0BC71813A076C178721415654D0366BEAB756D694659056BD810419553DF","PASS",""
"307950","현대오토에버","soph_handoff_hyundai_autoever_v1_INPUT_PACKAGE_FOR_SOPH.zip","25E1D22A07252104A761E545A1D1D6B3704631EFD4CEBF21601B169C43286A7A","[현대오토에버]사업보고서_IFRS(원문XBRL)(2026.03.18).zip","F29E6D72618CE1B90201319584571D3513D96E566C67E8F18E8275C697F2147B","6","entity00362441_2025-12-31_lab-ko.xml","entity00362441_2025-12-31_lab-ko.xml",".xml","2887508","131018","False","False","True","False","False","False","A1BECCA84EB3C12E10D099D3FC5E99B5A7358CA01DD7E90E52443D92BB9055B7","PASS",""
"307950","현대오토에버","soph_handoff_hyundai_autoever_v1_INPUT_PACKAGE_FOR_SOPH.zip","25E1D22A07252104A761E545A1D1D6B3704631EFD4CEBF21601B169C43286A7A","[현대오토에버]사업보고서_IFRS(원문XBRL)(2026.03.18).zip","F29E6D72618CE1B90201319584571D3513D96E566C67E8F18E8275C697F2147B","7","entity00362441_2025-12-31_lab-en.xml","entity00362441_2025-12-31_lab-en.xml",".xml","2938212","126392","False","False","True","False","False","False","EF5AFCD814437C3B5275952A3C827C77F18986E18B29DB71CDF9F6D3220A1585","PASS",""
"079550","LIG넥스원","soph_handoff_lig_nex1_v1_INPUT_PACKAGE_FOR_SOPH.zip","6D80973D4B163EC910512E36086E81A63E967E96045C065BC121A29ACE225C05","[LIG디펜스앤에어로스페이스][정정]사업보고서_IFRS(원문XBRL)(2021.04.27).zip","8CB93D88FE26643F56D5EAB57842C349CDBC5FE0C2B5C9CC3DFE3520A5BEAEE4","1","00503668_2015-11-13.xbrl","00503668_2015-11-13.xbrl",".xbrl","255336","12217","True","False","False","False","False","False","A399B42BE9A4FD4AE9D2913E225E598FA36D883A9BB5C1AEE6242D9629888E70","PASS",""
"079550","LIG넥스원","soph_handoff_lig_nex1_v1_INPUT_PACKAGE_FOR_SOPH.zip","6D80973D4B163EC910512E36086E81A63E967E96045C065BC121A29ACE225C05","[LIG디펜스앤에어로스페이스][정정]사업보고서_IFRS(원문XBRL)(2021.04.27).zip","8CB93D88FE26643F56D5EAB57842C349CDBC5FE0C2B5C9CC3DFE3520A5BEAEE4","2","00503668_entry_point_2015-11-13.xsd","00503668_entry_point_2015-11-13.xsd",".xsd","7182","1199","False","True","False","False","False","False","5A7A72B3A5464D2FD208B7B3DE7D31F90D5231FC75EFCF09E645E0D7C1C1E67E","PASS",""
"079550","LIG넥스원","soph_handoff_lig_nex1_v1_INPUT_PACKAGE_FOR_SOPH.zip","6D80973D4B163EC910512E36086E81A63E967E96045C065BC121A29ACE225C05","[LIG디펜스앤에어로스페이스][정정]사업보고서_IFRS(원문XBRL)(2021.04.27).zip","8CB93D88FE26643F56D5EAB57842C349CDBC5FE0C2B5C9CC3DFE3520A5BEAEE4","3","ifrs_for_00503668/dimensions_ifrs_for_00503668/dim_ifrs_for_00503668_2015-11-13.xml","dim_ifrs_for_00503668_2015-11-13.xml",".xml","1428163","61267","True","False","False","False","False","False","EF4540647824184406C3AAEDE60DC9A4EEA2CA274B632C0F98672C6C467BB036","PASS",""
"079550","LIG넥스원","soph_handoff_lig_nex1_v1_INPUT_PACKAGE_FOR_SOPH.zip","6D80973D4B163EC910512E36086E81A63E967E96045C065BC121A29ACE225C05","[LIG디펜스앤에어로스페이스][정정]사업보고서_IFRS(원문XBRL)(2021.04.27).zip","8CB93D88FE26643F56D5EAB57842C349CDBC5FE0C2B5C9CC3DFE3520A5BEAEE4","4","ifrs_for_00503668/dimensions_ifrs_for_00503668/cal_ifrs_for_00503668_2015-11-13.xml","cal_ifrs_for_00503668_2015-11-13.xml",".xml","1377274","57902","True","False","False","False","False","False","F126578C23D24C1ACBAF44898860D778091D0279CCB91D59909D25EEC582FA14","PASS",""
"079550","LIG넥스원","soph_handoff_lig_nex1_v1_INPUT_PACKAGE_FOR_SOPH.zip","6D80973D4B163EC910512E36086E81A63E967E96045C065BC121A29ACE225C05","[LIG디펜스앤에어로스페이스][정정]사업보고서_IFRS(원문XBRL)(2021.04.27).zip","8CB93D88FE26643F56D5EAB57842C349CDBC5FE0C2B5C9CC3DFE3520A5BEAEE4","5","ifrs_for_00503668/dimensions_ifrs_for_00503668/pre_ifrs_for_00503668_2015-11-13.xml","pre_ifrs_for_00503668_2015-11-13.xml",".xml","1458143","62171","True","False","False","False","False","False","CECA11BB02B7E7BB809C7B7C27D77E05618C05A4C189F873B26A2EADF9C2DAE9","PASS",""
"079550","LIG넥스원","soph_handoff_lig_nex1_v1_INPUT_PACKAGE_FOR_SOPH.zip","6D80973D4B163EC910512E36086E81A63E967E96045C065BC121A29ACE225C05","[LIG디펜스앤에어로스페이스][정정]사업보고서_IFRS(원문XBRL)(2021.04.27).zip","8CB93D88FE26643F56D5EAB57842C349CDBC5FE0C2B5C9CC3DFE3520A5BEAEE4","6","ifrs_for_00503668/dimensions_ifrs_for_00503668/role_ifrs_for_00503668-dim_2015-11-13.xsd","role_ifrs_for_00503668-dim_2015-11-13.xsd",".xsd","649","311","False","True","False","False","False","False","042D27178AB7B75444ED80D5BA1DD8213913752AB19EDC80349789A8A7CB29AB","PASS",""
"079550","LIG넥스원","soph_handoff_lig_nex1_v1_INPUT_PACKAGE_FOR_SOPH.zip","6D80973D4B163EC910512E36086E81A63E967E96045C065BC121A29ACE225C05","[LIG디펜스앤에어로스페이스][정정]사업보고서_IFRS(원문XBRL)(2021.04.27).zip","8CB93D88FE26643F56D5EAB57842C349CDBC5FE0C2B5C9CC3DFE3520A5BEAEE4","7","labels/lab_00503668-ko_2015-11-13.xml","lab_00503668-ko_2015-11-13.xml",".xml","34365","2593","True","False","False","False","False","False","CB6B9A27FFF4561798800AC678A08B0575091F3009FD93AECD34C3A8CD398FB8","PASS",""
"079550","LIG넥스원","soph_handoff_lig_nex1_v1_INPUT_PACKAGE_FOR_SOPH.zip","6D80973D4B163EC910512E36086E81A63E967E96045C065BC121A29ACE225C05","[LIG디펜스앤에어로스페이스][정정]사업보고서_IFRS(원문XBRL)(2021.04.27).zip","8CB93D88FE26643F56D5EAB57842C349CDBC5FE0C2B5C9CC3DFE3520A5BEAEE4","8","labels/lab_00503668-en_2015-11-13.xml","lab_00503668-en_2015-11-13.xml",".xml","31771","2321","True","False","False","False","False","False","E19BD4C5F150EBF0513C476D802B79F9F60093A7C691F2D8AC21FC8F864FFE48","PASS",""
"079550","LIG넥스원","soph_handoff_lig_nex1_v1_INPUT_PACKAGE_FOR_SOPH.zip","6D80973D4B163EC910512E36086E81A63E967E96045C065BC121A29ACE225C05","[LIG디펜스앤에어로스페이스][정정]사업보고서_IFRS(원문XBRL)(2022.03.18).zip","ED7ABA191CA35EA8DBB7836C833732093089E3261BCFD5F9BC146E5B3636991C","1","00503668_2015-11-13.xbrl","00503668_2015-11-13.xbrl",".xbrl","250426","12245","True","False","False","False","False","False","847675C1951D3177A2058200A7042CBAFA279A2A831AAEBECBD65E9304D96272","PASS",""
"079550","LIG넥스원","soph_handoff_lig_nex1_v1_INPUT_PACKAGE_FOR_SOPH.zip","6D80973D4B163EC910512E36086E81A63E967E96045C065BC121A29ACE225C05","[LIG디펜스앤에어로스페이스][정정]사업보고서_IFRS(원문XBRL)(2022.03.18).zip","ED7ABA191CA35EA8DBB7836C833732093089E3261BCFD5F9BC146E5B3636991C","2","00503668_entry_point_2015-11-13.xsd","00503668_entry_point_2015-11-13.xsd",".xsd","6610","1142","False","True","False","False","False","False","F54405477F3F1B9928769A9798F7E05F8295DCABCF3498E4CB7FFBB4F5D17C7E","PASS",""
"079550","LIG넥스원","soph_handoff_lig_nex1_v1_INPUT_PACKAGE_FOR_SOPH.zip","6D80973D4B163EC910512E36086E81A63E967E96045C065BC121A29ACE225C05","[LIG디펜스앤에어로스페이스][정정]사업보고서_IFRS(원문XBRL)(2022.03.18).zip","ED7ABA191CA35EA8DBB7836C833732093089E3261BCFD5F9BC146E5B3636991C","3","ifrs_for_00503668/dimensions_ifrs_for_00503668/dim_ifrs_for_00503668_2015-11-13.xml","dim_ifrs_for_00503668_2015-11-13.xml",".xml","1428431","61304","True","False","False","False","False","False","CD9E19578574A5A9BEC41D206C260896B7B25A272A3B74B4DCD47F4DB7EA71A1","PASS",""
"079550","LIG넥스원","soph_handoff_lig_nex1_v1_INPUT_PACKAGE_FOR_SOPH.zip","6D80973D4B163EC910512E36086E81A63E967E96045C065BC121A29ACE225C05","[LIG디펜스앤에어로스페이스][정정]사업보고서_IFRS(원문XBRL)(2022.03.18).zip","ED7ABA191CA35EA8DBB7836C833732093089E3261BCFD5F9BC146E5B3636991C","4","ifrs_for_00503668/dimensions_ifrs_for_00503668/cal_ifrs_for_00503668_2015-11-13.xml","cal_ifrs_for_00503668_2015-11-13.xml",".xml","1378075","57870","True","False","False","False","False","False","9DC5F30CAF35A3F1F43E126A3403DB980453233F447C92C16809E81C6B909096","PASS",""
"079550","LIG넥스원","soph_handoff_lig_nex1_v1_INPUT_PACKAGE_FOR_SOPH.zip","6D80973D4B163EC910512E36086E81A63E967E96045C065BC121A29ACE225C05","[LIG디펜스앤에어로스페이스][정정]사업보고서_IFRS(원문XBRL)(2022.03.18).zip","ED7ABA191CA35EA8DBB7836C833732093089E3261BCFD5F9BC146E5B3636991C","5","ifrs_for_00503668/dimensions_ifrs_for_00503668/pre_ifrs_for_00503668_2015-11-13.xml","pre_ifrs_for_00503668_2015-11-13.xml",".xml","1458044","62191","True","False","False","False","False","False","E967D9025930484E3F046308290013A358C94A3537A197D9868C68FA478E1304","PASS",""
"079550","LIG넥스원","soph_handoff_lig_nex1_v1_INPUT_PACKAGE_FOR_SOPH.zip","6D80973D4B163EC910512E36086E81A63E967E96045C065BC121A29ACE225C05","[LIG디펜스앤에어로스페이스][정정]사업보고서_IFRS(원문XBRL)(2022.03.18).zip","ED7ABA191CA35EA8DBB7836C833732093089E3261BCFD5F9BC146E5B3636991C","6","ifrs_for_00503668/dimensions_ifrs_for_00503668/role_ifrs_for_00503668-dim_2015-11-13.xsd","role_ifrs_for_00503668-dim_2015-11-13.xsd",".xsd","649","311","False","True","False","False","False","False","042D27178AB7B75444ED80D5BA1DD8213913752AB19EDC80349789A8A7CB29AB","PASS",""
"079550","LIG넥스원","soph_handoff_lig_nex1_v1_INPUT_PACKAGE_FOR_SOPH.zip","6D80973D4B163EC910512E36086E81A63E967E96045C065BC121A29ACE225C05","[LIG디펜스앤에어로스페이스][정정]사업보고서_IFRS(원문XBRL)(2022.03.18).zip","ED7ABA191CA35EA8DBB7836C833732093089E3261BCFD5F9BC146E5B3636991C","7","labels/lab_00503668-ko_2015-11-13.xml","lab_00503668-ko_2015-11-13.xml",".xml","31569","2506","True","False","False","False","False","False","97635038753B182EDBC03741C83C4F06FEA489D93B68F79B1B74B5F1D4139E13","PASS",""
"079550","LIG넥스원","soph_handoff_lig_nex1_v1_INPUT_PACKAGE_FOR_SOPH.zip","6D80973D4B163EC910512E36086E81A63E967E96045C065BC121A29ACE225C05","[LIG디펜스앤에어로스페이스][정정]사업보고서_IFRS(원문XBRL)(2022.03.18).zip","ED7ABA191CA35EA8DBB7836C833732093089E3261BCFD5F9BC146E5B3636991C","8","labels/lab_00503668-en_2015-11-13.xml","lab_00503668-en_2015-11-13.xml",".xml","27089","2123","True","False","False","False","False","False","6ECB0BEF117A970033C8F24871F8B3359D9932D83E06A4367434C27D5C41624C","PASS",""
"079550","LIG넥스원","soph_handoff_lig_nex1_v1_INPUT_PACKAGE_FOR_SOPH.zip","6D80973D4B163EC910512E36086E81A63E967E96045C065BC121A29ACE225C05","[LIG디펜스앤에어로스페이스][정정]사업보고서_IFRS(원문XBRL)(2024.03.20).zip","F57BA6D7EC75809CA69681BD183AA06D4FB1B8E0069AB2C4E262965F2F686235","1","entity00503668_2023-12-31.xbrl","entity00503668_2023-12-31.xbrl",".xbrl","4118399","208663","True","False","False","False","False","False","6FD4B1F8EBC4DA14D731415795BDC5055F393AC85E9C3878F0977F25D543D366","PASS",""
"079550","LIG넥스원","soph_handoff_lig_nex1_v1_INPUT_PACKAGE_FOR_SOPH.zip","6D80973D4B163EC910512E36086E81A63E967E96045C065BC121A29ACE225C05","[LIG디펜스앤에어로스페이스][정정]사업보고서_IFRS(원문XBRL)(2024.03.20).zip","F57BA6D7EC75809CA69681BD183AA06D4FB1B8E0069AB2C4E262965F2F686235","2","entity00503668_2023-12-31.xsd","entity00503668_2023-12-31.xsd",".xsd","308599","20059","False","True","False","False","False","False","B23F8A81569E1B12470EBA5082308503173AFC388AA60884D0700168ED80B164","PASS",""
"079550","LIG넥스원","soph_handoff_lig_nex1_v1_INPUT_PACKAGE_FOR_SOPH.zip","6D80973D4B163EC910512E36086E81A63E967E96045C065BC121A29ACE225C05","[LIG디펜스앤에어로스페이스][정정]사업보고서_IFRS(원문XBRL)(2024.03.20).zip","F57BA6D7EC75809CA69681BD183AA06D4FB1B8E0069AB2C4E262965F2F686235","3","entity00503668_2023-12-31_def.xml","entity00503668_2023-12-31_def.xml",".xml","3872567","135542","False","False","False","False","False","True","EF66021AC4DBBCC1C66F13641E6826E0B9F3CED2CF9E49BC09FAA0AD83DD48D9","PASS",""
"079550","LIG넥스원","soph_handoff_lig_nex1_v1_INPUT_PACKAGE_FOR_SOPH.zip","6D80973D4B163EC910512E36086E81A63E967E96045C065BC121A29ACE225C05","[LIG디펜스앤에어로스페이스][정정]사업보고서_IFRS(원문XBRL)(2024.03.20).zip","F57BA6D7EC75809CA69681BD183AA06D4FB1B8E0069AB2C4E262965F2F686235","4","entity00503668_2023-12-31_cal.xml","entity00503668_2023-12-31_cal.xml",".xml","177320","7813","False","False","False","False","True","False","FF4EA242F9B52F540D49CC93BC9E79A74A6504837C69BBEBAE81FADFD59320F6","PASS",""
"079550","LIG넥스원","soph_handoff_lig_nex1_v1_INPUT_PACKAGE_FOR_SOPH.zip","6D80973D4B163EC910512E36086E81A63E967E96045C065BC121A29ACE225C05","[LIG디펜스앤에어로스페이스][정정]사업보고서_IFRS(원문XBRL)(2024.03.20).zip","F57BA6D7EC75809CA69681BD183AA06D4FB1B8E0069AB2C4E262965F2F686235","5","entity00503668_2023-12-31_pre.xml","entity00503668_2023-12-31_pre.xml",".xml","2861193","120799","False","False","False","True","False","False","BDFE206F7D99465A504B6F0F0F5D2FA00BC8BE6C152B81484DBE6350FD88B113","PASS",""
"079550","LIG넥스원","soph_handoff_lig_nex1_v1_INPUT_PACKAGE_FOR_SOPH.zip","6D80973D4B163EC910512E36086E81A63E967E96045C065BC121A29ACE225C05","[LIG디펜스앤에어로스페이스][정정]사업보고서_IFRS(원문XBRL)(2024.03.20).zip","F57BA6D7EC75809CA69681BD183AA06D4FB1B8E0069AB2C4E262965F2F686235","6","entity00503668_2023-12-31_lab-ko.xml","entity00503668_2023-12-31_lab-ko.xml",".xml","2666687","121191","False","False","True","False","False","False","DD350CAD7EA97C6A348ED449DBFF8D79E54EBF4D94A771A53C1D41D35712DCB9","PASS",""
"079550","LIG넥스원","soph_handoff_lig_nex1_v1_INPUT_PACKAGE_FOR_SOPH.zip","6D80973D4B163EC910512E36086E81A63E967E96045C065BC121A29ACE225C05","[LIG디펜스앤에어로스페이스][정정]사업보고서_IFRS(원문XBRL)(2024.03.20).zip","F57BA6D7EC75809CA69681BD183AA06D4FB1B8E0069AB2C4E262965F2F686235","7","entity00503668_2023-12-31_lab-en.xml","entity00503668_2023-12-31_lab-en.xml",".xml","2699199","115447","False","False","True","False","False","False","97429E8387FFA0F9AABC6030E325B5A316B169D2907E3809D45F3BF9EDC55555","PASS",""
"079550","LIG넥스원","soph_handoff_lig_nex1_v1_INPUT_PACKAGE_FOR_SOPH.zip","6D80973D4B163EC910512E36086E81A63E967E96045C065BC121A29ACE225C05","[LIG디펜스앤에어로스페이스]반기보고서_IFRS(원문XBRL)(2021.08.12).zip","944978FAFC4C6F7C8859BFF64D5624FD0940A81C324FC3796890C5A7307A9FA0","1","00503668_2015-11-13.xbrl","00503668_2015-11-13.xbrl",".xbrl","205370","10590","True","False","False","False","False","False","3600E4DAF2ED127BEE8E3186DCB5FE5269217E23D48A183823E0C8D72BE79484","PASS",""
"079550","LIG넥스원","soph_handoff_lig_nex1_v1_INPUT_PACKAGE_FOR_SOPH.zip","6D80973D4B163EC910512E36086E81A63E967E96045C065BC121A29ACE225C05","[LIG디펜스앤에어로스페이스]반기보고서_IFRS(원문XBRL)(2021.08.12).zip","944978FAFC4C6F7C8859BFF64D5624FD0940A81C324FC3796890C5A7307A9FA0","2","00503668_entry_point_2015-11-13.xsd","00503668_entry_point_2015-11-13.xsd",".xsd","6610","1142","False","True","False","False","False","False","F54405477F3F1B9928769A9798F7E05F8295DCABCF3498E4CB7FFBB4F5D17C7E","PASS",""
"079550","LIG넥스원","soph_handoff_lig_nex1_v1_INPUT_PACKAGE_FOR_SOPH.zip","6D80973D4B163EC910512E36086E81A63E967E96045C065BC121A29ACE225C05","[LIG디펜스앤에어로스페이스]반기보고서_IFRS(원문XBRL)(2021.08.12).zip","944978FAFC4C6F7C8859BFF64D5624FD0940A81C324FC3796890C5A7307A9FA0","3","ifrs_for_00503668/dimensions_ifrs_for_00503668/dim_ifrs_for_00503668_2015-11-13.xml","dim_ifrs_for_00503668_2015-11-13.xml",".xml","1425727","61133","True","False","False","False","False","False","6DDAE72C0C6A6DE48104512ADCCFA17F10D4C6860C136C50C6EEF7D6E8FDF7A5","PASS",""
"079550","LIG넥스원","soph_handoff_lig_nex1_v1_INPUT_PACKAGE_FOR_SOPH.zip","6D80973D4B163EC910512E36086E81A63E967E96045C065BC121A29ACE225C05","[LIG디펜스앤에어로스페이스]반기보고서_IFRS(원문XBRL)(2021.08.12).zip","944978FAFC4C6F7C8859BFF64D5624FD0940A81C324FC3796890C5A7307A9FA0","4","ifrs_for_00503668/dimensions_ifrs_for_00503668/cal_ifrs_for_00503668_2015-11-13.xml","cal_ifrs_for_00503668_2015-11-13.xml",".xml","1383925","58198","True","False","False","False","False","False","647B3D4D3F064B3921FF7BA5CC3149A1A32491C8E0FC71798234EB8D95237CFD","PASS",""
"079550","LIG넥스원","soph_handoff_lig_nex1_v1_INPUT_PACKAGE_FOR_SOPH.zip","6D80973D4B163EC910512E36086E81A63E967E96045C065BC121A29ACE225C05","[LIG디펜스앤에어로스페이스]반기보고서_IFRS(원문XBRL)(2021.08.12).zip","944978FAFC4C6F7C8859BFF64D5624FD0940A81C324FC3796890C5A7307A9FA0","5","ifrs_for_00503668/dimensions_ifrs_for_00503668/pre_ifrs_for_00503668_2015-11-13.xml","pre_ifrs_for_00503668_2015-11-13.xml",".xml","1455311","62015","True","False","False","False","False","False","C0A8EC68B0DA1858E40B990DE60300249769B050A8928340D159615E575BE3FE","PASS",""
"079550","LIG넥스원","soph_handoff_lig_nex1_v1_INPUT_PACKAGE_FOR_SOPH.zip","6D80973D4B163EC910512E36086E81A63E967E96045C065BC121A29ACE225C05","[LIG디펜스앤에어로스페이스]반기보고서_IFRS(원문XBRL)(2021.08.12).zip","944978FAFC4C6F7C8859BFF64D5624FD0940A81C324FC3796890C5A7307A9FA0","6","ifrs_for_00503668/dimensions_ifrs_for_00503668/role_ifrs_for_00503668-dim_2015-11-13.xsd","role_ifrs_for_00503668-dim_2015-11-13.xsd",".xsd","649","311","False","True","False","False","False","False","042D27178AB7B75444ED80D5BA1DD8213913752AB19EDC80349789A8A7CB29AB","PASS",""
"079550","LIG넥스원","soph_handoff_lig_nex1_v1_INPUT_PACKAGE_FOR_SOPH.zip","6D80973D4B163EC910512E36086E81A63E967E96045C065BC121A29ACE225C05","[LIG디펜스앤에어로스페이스]반기보고서_IFRS(원문XBRL)(2021.08.12).zip","944978FAFC4C6F7C8859BFF64D5624FD0940A81C324FC3796890C5A7307A9FA0","7","labels/lab_00503668-ko_2015-11-13.xml","lab_00503668-ko_2015-11-13.xml",".xml","28079","2339","True","False","False","False","False","False","0CD315F2240EA61B1C9AD4511CB2686AEB1966E6F2939D303F5109A46D221600","PASS",""
"079550","LIG넥스원","soph_handoff_lig_nex1_v1_INPUT_PACKAGE_FOR_SOPH.zip","6D80973D4B163EC910512E36086E81A63E967E96045C065BC121A29ACE225C05","[LIG디펜스앤에어로스페이스]반기보고서_IFRS(원문XBRL)(2021.08.12).zip","944978FAFC4C6F7C8859BFF64D5624FD0940A81C324FC3796890C5A7307A9FA0","8","labels/lab_00503668-en_2015-11-13.xml","lab_00503668-en_2015-11-13.xml",".xml","27089","2123","True","False","False","False","False","False","6ECB0BEF117A970033C8F24871F8B3359D9932D83E06A4367434C27D5C41624C","PASS",""
"079550","LIG넥스원","soph_handoff_lig_nex1_v1_INPUT_PACKAGE_FOR_SOPH.zip","6D80973D4B163EC910512E36086E81A63E967E96045C065BC121A29ACE225C05","[LIG디펜스앤에어로스페이스]반기보고서_IFRS(원문XBRL)(2022.08.12).zip","4212BDCAF00426CFA6AF03768D1384FFC0C52F11316EAF0D8CFF0B8649F2EABF","1","00503668_2015-11-13.xbrl","00503668_2015-11-13.xbrl",".xbrl","205925","10690","True","False","False","False","False","False","CE81224B43F92EC0A96A1DBD0E7CB2FDDCE5EC08312C2CF5D276D20E7A6084E7","PASS",""
"079550","LIG넥스원","soph_handoff_lig_nex1_v1_INPUT_PACKAGE_FOR_SOPH.zip","6D80973D4B163EC910512E36086E81A63E967E96045C065BC121A29ACE225C05","[LIG디펜스앤에어로스페이스]반기보고서_IFRS(원문XBRL)(2022.08.12).zip","4212BDCAF00426CFA6AF03768D1384FFC0C52F11316EAF0D8CFF0B8649F2EABF","2","00503668_entry_point_2015-11-13.xsd","00503668_entry_point_2015-11-13.xsd",".xsd","6606","1138","False","True","False","False","False","False","0F20160AC5B63CAABB3526C89B80D6ADB358DFCCAF350BAC960B70F81EB31FA1","PASS",""
"079550","LIG넥스원","soph_handoff_lig_nex1_v1_INPUT_PACKAGE_FOR_SOPH.zip","6D80973D4B163EC910512E36086E81A63E967E96045C065BC121A29ACE225C05","[LIG디펜스앤에어로스페이스]반기보고서_IFRS(원문XBRL)(2022.08.12).zip","4212BDCAF00426CFA6AF03768D1384FFC0C52F11316EAF0D8CFF0B8649F2EABF","3","ifrs_for_00503668/dimensions_ifrs_for_00503668/dim_ifrs_for_00503668_2015-11-13.xml","dim_ifrs_for_00503668_2015-11-13.xml",".xml","1426432","61139","True","False","False","False","False","False","3D57B913659FFD8D86098EA51519DCB9C6D4448BA2EB60F1B756A2B96D9FB55D","PASS",""
"079550","LIG넥스원","soph_handoff_lig_nex1_v1_INPUT_PACKAGE_FOR_SOPH.zip","6D80973D4B163EC910512E36086E81A63E967E96045C065BC121A29ACE225C05","[LIG디펜스앤에어로스페이스]반기보고서_IFRS(원문XBRL)(2022.08.12).zip","4212BDCAF00426CFA6AF03768D1384FFC0C52F11316EAF0D8CFF0B8649F2EABF","4","ifrs_for_00503668/dimensions_ifrs_for_00503668/cal_ifrs_for_00503668_2015-11-13.xml","cal_ifrs_for_00503668_2015-11-13.xml",".xml","1382630","58037","True","False","False","False","False","False","4BA555918AA302DFD5994F0C149DDFDCFA596EAAEB9C88F431C284D4525B6A2A","PASS",""
"079550","LIG넥스원","soph_handoff_lig_nex1_v1_INPUT_PACKAGE_FOR_SOPH.zip","6D80973D4B163EC910512E36086E81A63E967E96045C065BC121A29ACE225C05","[LIG디펜스앤에어로스페이스]반기보고서_IFRS(원문XBRL)(2022.08.12).zip","4212BDCAF00426CFA6AF03768D1384FFC0C52F11316EAF0D8CFF0B8649F2EABF","5","ifrs_for_00503668/dimensions_ifrs_for_00503668/pre_ifrs_for_00503668_2015-11-13.xml","pre_ifrs_for_00503668_2015-11-13.xml",".xml","1456021","62000","True","False","False","False","False","False","81644635ECD1649786D6FF73932C8A1D8ECC94EB52297DF868F39ECD478ED670","PASS",""
"079550","LIG넥스원","soph_handoff_lig_nex1_v1_INPUT_PACKAGE_FOR_SOPH.zip","6D80973D4B163EC910512E36086E81A63E967E96045C065BC121A29ACE225C05","[LIG디펜스앤에어로스페이스]반기보고서_IFRS(원문XBRL)(2022.08.12).zip","4212BDCAF00426CFA6AF03768D1384FFC0C52F11316EAF0D8CFF0B8649F2EABF","6","ifrs_for_00503668/dimensions_ifrs_for_00503668/role_ifrs_for_00503668-dim_2015-11-13.xsd","role_ifrs_for_00503668-dim_2015-11-13.xsd",".xsd","649","311","False","True","False","False","False","False","042D27178AB7B75444ED80D5BA1DD8213913752AB19EDC80349789A8A7CB29AB","PASS",""
"079550","LIG넥스원","soph_handoff_lig_nex1_v1_INPUT_PACKAGE_FOR_SOPH.zip","6D80973D4B163EC910512E36086E81A63E967E96045C065BC121A29ACE225C05","[LIG디펜스앤에어로스페이스]반기보고서_IFRS(원문XBRL)(2022.08.12).zip","4212BDCAF00426CFA6AF03768D1384FFC0C52F11316EAF0D8CFF0B8649F2EABF","7","labels/lab_00503668-ko_2015-11-13.xml","lab_00503668-ko_2015-11-13.xml",".xml","29477","2381","True","False","False","False","False","False","793F6F1A4763A29C3A5309A42FE9CEDEC43A4AA2F0A9D5178F1EDA0C45A9A41B","PASS",""
"079550","LIG넥스원","soph_handoff_lig_nex1_v1_INPUT_PACKAGE_FOR_SOPH.zip","6D80973D4B163EC910512E36086E81A63E967E96045C065BC121A29ACE225C05","[LIG디펜스앤에어로스페이스]반기보고서_IFRS(원문XBRL)(2022.08.12).zip","4212BDCAF00426CFA6AF03768D1384FFC0C52F11316EAF0D8CFF0B8649F2EABF","8","labels/lab_00503668-en_2015-11-13.xml","lab_00503668-en_2015-11-13.xml",".xml","25226","2032","True","False","False","False","False","False","C24766E404331F0824B377BEDA9742B9626A67814993EEFC07FE9DDE20D54096","PASS",""
"079550","LIG넥스원","soph_handoff_lig_nex1_v1_INPUT_PACKAGE_FOR_SOPH.zip","6D80973D4B163EC910512E36086E81A63E967E96045C065BC121A29ACE225C05","[LIG디펜스앤에어로스페이스]반기보고서_IFRS(원문XBRL)(2023.08.14).zip","742D7575C7E4DC0739AD48B2820C0C57DA73605BA1EA3ABF1E73DDD8341323E7","1","00503668_2015-11-13.xbrl","00503668_2015-11-13.xbrl",".xbrl","199998","10566","True","False","False","False","False","False","C2527AA23D32A4408C6A04B8E76E94D016377C9A6FDCA3682E9A12F42C85737B","PASS",""
"079550","LIG넥스원","soph_handoff_lig_nex1_v1_INPUT_PACKAGE_FOR_SOPH.zip","6D80973D4B163EC910512E36086E81A63E967E96045C065BC121A29ACE225C05","[LIG디펜스앤에어로스페이스]반기보고서_IFRS(원문XBRL)(2023.08.14).zip","742D7575C7E4DC0739AD48B2820C0C57DA73605BA1EA3ABF1E73DDD8341323E7","2","00503668_entry_point_2015-11-13.xsd","00503668_entry_point_2015-11-13.xsd",".xsd","6612","1138","False","True","False","False","False","False","C24C6F7B3AC3A25CBDE7D17A26E33F0A5FF4FD29D733165877138BA24674809B","PASS",""
"079550","LIG넥스원","soph_handoff_lig_nex1_v1_INPUT_PACKAGE_FOR_SOPH.zip","6D80973D4B163EC910512E36086E81A63E967E96045C065BC121A29ACE225C05","[LIG디펜스앤에어로스페이스]반기보고서_IFRS(원문XBRL)(2023.08.14).zip","742D7575C7E4DC0739AD48B2820C0C57DA73605BA1EA3ABF1E73DDD8341323E7","3","ifrs_for_00503668/dimensions_ifrs_for_00503668/dim_ifrs_for_00503668_2015-11-13.xml","dim_ifrs_for_00503668_2015-11-13.xml",".xml","1425500","61129","True","False","False","False","False","False","DE23401837AD4D29669BF2380FD7548059AF892A4E05BE07463076C050DD42F7","PASS",""
"079550","LIG넥스원","soph_handoff_lig_nex1_v1_INPUT_PACKAGE_FOR_SOPH.zip","6D80973D4B163EC910512E36086E81A63E967E96045C065BC121A29ACE225C05","[LIG디펜스앤에어로스페이스]반기보고서_IFRS(원문XBRL)(2023.08.14).zip","742D7575C7E4DC0739AD48B2820C0C57DA73605BA1EA3ABF1E73DDD8341323E7","4","ifrs_for_00503668/dimensions_ifrs_for_00503668/cal_ifrs_for_00503668_2015-11-13.xml","cal_ifrs_for_00503668_2015-11-13.xml",".xml","1386780","58244","True","False","False","False","False","False","9B6C43849218C07B3C54675488A3836C9EBB5EB9C0BB6516F6215F4AB9C090D5","PASS",""
"079550","LIG넥스원","soph_handoff_lig_nex1_v1_INPUT_PACKAGE_FOR_SOPH.zip","6D80973D4B163EC910512E36086E81A63E967E96045C065BC121A29ACE225C05","[LIG디펜스앤에어로스페이스]반기보고서_IFRS(원문XBRL)(2023.08.14).zip","742D7575C7E4DC0739AD48B2820C0C57DA73605BA1EA3ABF1E73DDD8341323E7","5","ifrs_for_00503668/dimensions_ifrs_for_00503668/pre_ifrs_for_00503668_2015-11-13.xml","pre_ifrs_for_00503668_2015-11-13.xml",".xml","1455288","61991","True","False","False","False","False","False","39EE67CD270D399C59E83C2B02F91C852D87B264698341A6912643D90C612DA2","PASS",""
"079550","LIG넥스원","soph_handoff_lig_nex1_v1_INPUT_PACKAGE_FOR_SOPH.zip","6D80973D4B163EC910512E36086E81A63E967E96045C065BC121A29ACE225C05","[LIG디펜스앤에어로스페이스]반기보고서_IFRS(원문XBRL)(2023.08.14).zip","742D7575C7E4DC0739AD48B2820C0C57DA73605BA1EA3ABF1E73DDD8341323E7","6","ifrs_for_00503668/dimensions_ifrs_for_00503668/role_ifrs_for_00503668-dim_2015-11-13.xsd","role_ifrs_for_00503668-dim_2015-11-13.xsd",".xsd","649","311","False","True","False","False","False","False","042D27178AB7B75444ED80D5BA1DD8213913752AB19EDC80349789A8A7CB29AB","PASS",""
"079550","LIG넥스원","soph_handoff_lig_nex1_v1_INPUT_PACKAGE_FOR_SOPH.zip","6D80973D4B163EC910512E36086E81A63E967E96045C065BC121A29ACE225C05","[LIG디펜스앤에어로스페이스]반기보고서_IFRS(원문XBRL)(2023.08.14).zip","742D7575C7E4DC0739AD48B2820C0C57DA73605BA1EA3ABF1E73DDD8341323E7","7","labels/lab_00503668-ko_2015-11-13.xml","lab_00503668-ko_2015-11-13.xml",".xml","27353","2320","True","False","False","False","False","False","985032D26328F23151768A510238D5085C552E6A90096597A52FA9765831D7FE","PASS",""
"079550","LIG넥스원","soph_handoff_lig_nex1_v1_INPUT_PACKAGE_FOR_SOPH.zip","6D80973D4B163EC910512E36086E81A63E967E96045C065BC121A29ACE225C05","[LIG디펜스앤에어로스페이스]반기보고서_IFRS(원문XBRL)(2023.08.14).zip","742D7575C7E4DC0739AD48B2820C0C57DA73605BA1EA3ABF1E73DDD8341323E7","8","labels/lab_00503668-en_2015-11-13.xml","lab_00503668-en_2015-11-13.xml",".xml","24514","1965","True","False","False","False","False","False","040E7CD5A98226CA0DC917F43E7DDA741C57960742090831C3394205998022B7","PASS",""
"079550","LIG넥스원","soph_handoff_lig_nex1_v1_INPUT_PACKAGE_FOR_SOPH.zip","6D80973D4B163EC910512E36086E81A63E967E96045C065BC121A29ACE225C05","[LIG디펜스앤에어로스페이스]반기보고서_IFRS(원문XBRL)(2024.08.14).zip","96C4DC7712CDF336F615597C05C7475476D01E46F53E3B7F0815743B71AB883A","1","entity00503668_2024-06-30.xbrl","entity00503668_2024-06-30.xbrl",".xbrl","3311027","143155","True","False","False","False","False","False","89B0D9ACBEBB608A023712F97B381EB197453FFB55C7BAF19031E44ECD5E034F","PASS",""
"079550","LIG넥스원","soph_handoff_lig_nex1_v1_INPUT_PACKAGE_FOR_SOPH.zip","6D80973D4B163EC910512E36086E81A63E967E96045C065BC121A29ACE225C05","[LIG디펜스앤에어로스페이스]반기보고서_IFRS(원문XBRL)(2024.08.14).zip","96C4DC7712CDF336F615597C05C7475476D01E46F53E3B7F0815743B71AB883A","2","entity00503668_2024-06-30.xsd","entity00503668_2024-06-30.xsd",".xsd","282143","18449","False","True","False","False","False","False","EB9608C7DD3CA704F1F1B8F2F1958289838009125C84E5CCB193189291D13880","PASS",""
"079550","LIG넥스원","soph_handoff_lig_nex1_v1_INPUT_PACKAGE_FOR_SOPH.zip","6D80973D4B163EC910512E36086E81A63E967E96045C065BC121A29ACE225C05","[LIG디펜스앤에어로스페이스]반기보고서_IFRS(원문XBRL)(2024.08.14).zip","96C4DC7712CDF336F615597C05C7475476D01E46F53E3B7F0815743B71AB883A","3","entity00503668_2024-06-30_def.xml","entity00503668_2024-06-30_def.xml",".xml","3332305","112744","False","False","False","False","False","True","5D1AA441C801E29EBA081438701E7D534EABB558734EAEFD9D370E24984CEF07","PASS",""
"079550","LIG넥스원","soph_handoff_lig_nex1_v1_INPUT_PACKAGE_FOR_SOPH.zip","6D80973D4B163EC910512E36086E81A63E967E96045C065BC121A29ACE225C05","[LIG디펜스앤에어로스페이스]반기보고서_IFRS(원문XBRL)(2024.08.14).zip","96C4DC7712CDF336F615597C05C7475476D01E46F53E3B7F0815743B71AB883A","4","entity00503668_2024-06-30_cal.xml","entity00503668_2024-06-30_cal.xml",".xml","168060","7554","False","False","False","False","True","False","A6B53CC392796065C72917D7ADC3FC1890AE670271DB494385C08CF583AB7A54","PASS",""
"079550","LIG넥스원","soph_handoff_lig_nex1_v1_INPUT_PACKAGE_FOR_SOPH.zip","6D80973D4B163EC910512E36086E81A63E967E96045C065BC121A29ACE225C05","[LIG디펜스앤에어로스페이스]반기보고서_IFRS(원문XBRL)(2024.08.14).zip","96C4DC7712CDF336F615597C05C7475476D01E46F53E3B7F0815743B71AB883A","5","entity00503668_2024-06-30_pre.xml","entity00503668_2024-06-30_pre.xml",".xml","2450441","100335","False","False","False","True","False","False","CBDD91D67FE4F916EDDAFF21838DDE0A6D68A5CF4F3B7B792AECEC6B69FEB389","PASS",""
"079550","LIG넥스원","soph_handoff_lig_nex1_v1_INPUT_PACKAGE_FOR_SOPH.zip","6D80973D4B163EC910512E36086E81A63E967E96045C065BC121A29ACE225C05","[LIG디펜스앤에어로스페이스]반기보고서_IFRS(원문XBRL)(2024.08.14).zip","96C4DC7712CDF336F615597C05C7475476D01E46F53E3B7F0815743B71AB883A","6","entity00503668_2024-06-30_lab-ko.xml","entity00503668_2024-06-30_lab-ko.xml",".xml","2393807","107300","False","False","True","False","False","False","26F973CA8950DA70CF9B9D9374094117F260EC656205B7D153C03634B4AB6BB7","PASS",""
"079550","LIG넥스원","soph_handoff_lig_nex1_v1_INPUT_PACKAGE_FOR_SOPH.zip","6D80973D4B163EC910512E36086E81A63E967E96045C065BC121A29ACE225C05","[LIG디펜스앤에어로스페이스]반기보고서_IFRS(원문XBRL)(2024.08.14).zip","96C4DC7712CDF336F615597C05C7475476D01E46F53E3B7F0815743B71AB883A","7","entity00503668_2024-06-30_lab-en.xml","entity00503668_2024-06-30_lab-en.xml",".xml","2422712","101922","False","False","True","False","False","False","6A8551F5A222D9B04C013EA1E814211E0693B32579778847F590F8CBE5199E50","PASS",""
"079550","LIG넥스원","soph_handoff_lig_nex1_v1_INPUT_PACKAGE_FOR_SOPH.zip","6D80973D4B163EC910512E36086E81A63E967E96045C065BC121A29ACE225C05","[LIG디펜스앤에어로스페이스]반기보고서_IFRS(원문XBRL)(2025.08.14).zip","E0367D6FEB8B86D315722BEB2001B5428572FF3B1E0AB0BF91F4418E1BD24A2A","1","entity00503668_2025-06-30.xbrl","entity00503668_2025-06-30.xbrl",".xbrl","4724411","181404","True","False","False","False","False","False","4A9BE4D0BC1B033AE3F8E5BF1C3E68249925ACE3340BE04B0D4B6ADEBB776A42","PASS",""
"079550","LIG넥스원","soph_handoff_lig_nex1_v1_INPUT_PACKAGE_FOR_SOPH.zip","6D80973D4B163EC910512E36086E81A63E967E96045C065BC121A29ACE225C05","[LIG디펜스앤에어로스페이스]반기보고서_IFRS(원문XBRL)(2025.08.14).zip","E0367D6FEB8B86D315722BEB2001B5428572FF3B1E0AB0BF91F4418E1BD24A2A","2","entity00503668_2025-06-30.xsd","entity00503668_2025-06-30.xsd",".xsd","245112","20521","False","True","False","False","False","False","6B73330AC98C56128C7C1F9B95F141C11868A81F49F7FFA2AE5D9795308FE89B","PASS",""
"079550","LIG넥스원","soph_handoff_lig_nex1_v1_INPUT_PACKAGE_FOR_SOPH.zip","6D80973D4B163EC910512E36086E81A63E967E96045C065BC121A29ACE225C05","[LIG디펜스앤에어로스페이스]반기보고서_IFRS(원문XBRL)(2025.08.14).zip","E0367D6FEB8B86D315722BEB2001B5428572FF3B1E0AB0BF91F4418E1BD24A2A","3","entity00503668_2025-06-30_def.xml","entity00503668_2025-06-30_def.xml",".xml","3458952","120123","False","False","False","False","False","True","AF24A49262639D848C2D9CCB0798CE0CF4687F9BC8EB299280418599601EA19E","PASS",""
"079550","LIG넥스원","soph_handoff_lig_nex1_v1_INPUT_PACKAGE_FOR_SOPH.zip","6D80973D4B163EC910512E36086E81A63E967E96045C065BC121A29ACE225C05","[LIG디펜스앤에어로스페이스]반기보고서_IFRS(원문XBRL)(2025.08.14).zip","E0367D6FEB8B86D315722BEB2001B5428572FF3B1E0AB0BF91F4418E1BD24A2A","4","entity00503668_2025-06-30_cal.xml","entity00503668_2025-06-30_cal.xml",".xml","166127","7269","False","False","False","False","True","False","5DF9BE6E6C48FF9BCEEF87DD7DD426B1CE2616C1655C09DB86960F1E27C23176","PASS",""
"079550","LIG넥스원","soph_handoff_lig_nex1_v1_INPUT_PACKAGE_FOR_SOPH.zip","6D80973D4B163EC910512E36086E81A63E967E96045C065BC121A29ACE225C05","[LIG디펜스앤에어로스페이스]반기보고서_IFRS(원문XBRL)(2025.08.14).zip","E0367D6FEB8B86D315722BEB2001B5428572FF3B1E0AB0BF91F4418E1BD24A2A","5","entity00503668_2025-06-30_pre.xml","entity00503668_2025-06-30_pre.xml",".xml","2527790","105305","False","False","False","True","False","False","EBE510FCA067699A053D3A278FF53380FAA3278EF670691087B73957DFC7B224","PASS",""
"079550","LIG넥스원","soph_handoff_lig_nex1_v1_INPUT_PACKAGE_FOR_SOPH.zip","6D80973D4B163EC910512E36086E81A63E967E96045C065BC121A29ACE225C05","[LIG디펜스앤에어로스페이스]반기보고서_IFRS(원문XBRL)(2025.08.14).zip","E0367D6FEB8B86D315722BEB2001B5428572FF3B1E0AB0BF91F4418E1BD24A2A","6","entity00503668_2025-06-30_lab-ko.xml","entity00503668_2025-06-30_lab-ko.xml",".xml","2440444","112194","False","False","True","False","False","False","8A61D097A1BD180CD6FD76B78820250F63C54FEC738F47639233140F3626CF98","PASS",""
"079550","LIG넥스원","soph_handoff_lig_nex1_v1_INPUT_PACKAGE_FOR_SOPH.zip","6D80973D4B163EC910512E36086E81A63E967E96045C065BC121A29ACE225C05","[LIG디펜스앤에어로스페이스]반기보고서_IFRS(원문XBRL)(2025.08.14).zip","E0367D6FEB8B86D315722BEB2001B5428572FF3B1E0AB0BF91F4418E1BD24A2A","7","entity00503668_2025-06-30_lab-en.xml","entity00503668_2025-06-30_lab-en.xml",".xml","2474678","106802","False","False","True","False","False","False","FA5813B876811B3C3BFC304706922931BE382E9388F21BA7F1CD382DAA45881A","PASS",""
"079550","LIG넥스원","soph_handoff_lig_nex1_v1_INPUT_PACKAGE_FOR_SOPH.zip","6D80973D4B163EC910512E36086E81A63E967E96045C065BC121A29ACE225C05","[LIG디펜스앤에어로스페이스]분기보고서_IFRS(원문XBRL)(2021.05.17).zip","F6955A878654B7318A566BFBF3F9C511620773602DFD5F0562A9653BD4A2C155","1","00503668_2015-11-13.xbrl","00503668_2015-11-13.xbrl",".xbrl","193333","9505","True","False","False","False","False","False","CF41CAF43416D4AD72FAB74DB819C81DD163C0D4F55456C174095AE2B9D46E20","PASS",""
"079550","LIG넥스원","soph_handoff_lig_nex1_v1_INPUT_PACKAGE_FOR_SOPH.zip","6D80973D4B163EC910512E36086E81A63E967E96045C065BC121A29ACE225C05","[LIG디펜스앤에어로스페이스]분기보고서_IFRS(원문XBRL)(2021.05.17).zip","F6955A878654B7318A566BFBF3F9C511620773602DFD5F0562A9653BD4A2C155","2","00503668_entry_point_2015-11-13.xsd","00503668_entry_point_2015-11-13.xsd",".xsd","5846","1061","False","True","False","False","False","False","70C31C62FCEE3A96F3AB50F54430C550E93C709DAAC1E0EF18F82E7520B390CE","PASS",""
"079550","LIG넥스원","soph_handoff_lig_nex1_v1_INPUT_PACKAGE_FOR_SOPH.zip","6D80973D4B163EC910512E36086E81A63E967E96045C065BC121A29ACE225C05","[LIG디펜스앤에어로스페이스]분기보고서_IFRS(원문XBRL)(2021.05.17).zip","F6955A878654B7318A566BFBF3F9C511620773602DFD5F0562A9653BD4A2C155","3","ifrs_for_00503668/dimensions_ifrs_for_00503668/dim_ifrs_for_00503668_2015-11-13.xml","dim_ifrs_for_00503668_2015-11-13.xml",".xml","1423535","61096","True","False","False","False","False","False","AF847832182FDB632554F2A403A65327A4960ED6274B762680F3181404BE7884","PASS",""
"079550","LIG넥스원","soph_handoff_lig_nex1_v1_INPUT_PACKAGE_FOR_SOPH.zip","6D80973D4B163EC910512E36086E81A63E967E96045C065BC121A29ACE225C05","[LIG디펜스앤에어로스페이스]분기보고서_IFRS(원문XBRL)(2021.05.17).zip","F6955A878654B7318A566BFBF3F9C511620773602DFD5F0562A9653BD4A2C155","4","ifrs_for_00503668/dimensions_ifrs_for_00503668/cal_ifrs_for_00503668_2015-11-13.xml","cal_ifrs_for_00503668_2015-11-13.xml",".xml","1389609","58394","True","False","False","False","False","False","02DDEF9AEB9118C962B344743388D5425D918FCA4227368F045BB058AF4DB98A","PASS",""
"079550","LIG넥스원","soph_handoff_lig_nex1_v1_INPUT_PACKAGE_FOR_SOPH.zip","6D80973D4B163EC910512E36086E81A63E967E96045C065BC121A29ACE225C05","[LIG디펜스앤에어로스페이스]분기보고서_IFRS(원문XBRL)(2021.05.17).zip","F6955A878654B7318A566BFBF3F9C511620773602DFD5F0562A9653BD4A2C155","5","ifrs_for_00503668/dimensions_ifrs_for_00503668/pre_ifrs_for_00503668_2015-11-13.xml","pre_ifrs_for_00503668_2015-11-13.xml",".xml","1453327","61930","True","False","False","False","False","False","76E66D9F61D768ADD5DD1F191645867E89E133ABB3C227C2E4F9596EEA115FD2","PASS",""
"079550","LIG넥스원","soph_handoff_lig_nex1_v1_INPUT_PACKAGE_FOR_SOPH.zip","6D80973D4B163EC910512E36086E81A63E967E96045C065BC121A29ACE225C05","[LIG디펜스앤에어로스페이스]분기보고서_IFRS(원문XBRL)(2021.05.17).zip","F6955A878654B7318A566BFBF3F9C511620773602DFD5F0562A9653BD4A2C155","6","ifrs_for_00503668/dimensions_ifrs_for_00503668/role_ifrs_for_00503668-dim_2015-11-13.xsd","role_ifrs_for_00503668-dim_2015-11-13.xsd",".xsd","649","311","False","True","False","False","False","False","042D27178AB7B75444ED80D5BA1DD8213913752AB19EDC80349789A8A7CB29AB","PASS",""
"079550","LIG넥스원","soph_handoff_lig_nex1_v1_INPUT_PACKAGE_FOR_SOPH.zip","6D80973D4B163EC910512E36086E81A63E967E96045C065BC121A29ACE225C05","[LIG디펜스앤에어로스페이스]분기보고서_IFRS(원문XBRL)(2021.05.17).zip","F6955A878654B7318A566BFBF3F9C511620773602DFD5F0562A9653BD4A2C155","7","labels/lab_00503668-ko_2015-11-13.xml","lab_00503668-ko_2015-11-13.xml",".xml","23435","2133","True","False","False","False","False","False","A7AF498E71D79A4D525255581F4AC6EA96D88B3A9594C81EAFED276D951E8ED0","PASS",""
"079550","LIG넥스원","soph_handoff_lig_nex1_v1_INPUT_PACKAGE_FOR_SOPH.zip","6D80973D4B163EC910512E36086E81A63E967E96045C065BC121A29ACE225C05","[LIG디펜스앤에어로스페이스]분기보고서_IFRS(원문XBRL)(2021.05.17).zip","F6955A878654B7318A566BFBF3F9C511620773602DFD5F0562A9653BD4A2C155","8","labels/lab_00503668-en_2015-11-13.xml","lab_00503668-en_2015-11-13.xml",".xml","22368","1915","True","False","False","False","False","False","0D8B294F5B38041F4B66A0D178995FB91ED1D881ECC306D13343036F8D750150","PASS",""
"079550","LIG넥스원","soph_handoff_lig_nex1_v1_INPUT_PACKAGE_FOR_SOPH.zip","6D80973D4B163EC910512E36086E81A63E967E96045C065BC121A29ACE225C05","[LIG디펜스앤에어로스페이스]분기보고서_IFRS(원문XBRL)(2021.11.11).zip","166E84AD87B19E7DE43A15ADB907A46E01F7CD7B14393F6F9F2E7E20334BCC0B","1","00503668_2015-11-13.xbrl","00503668_2015-11-13.xbrl",".xbrl","208056","10736","True","False","False","False","False","False","7D7131118B2398A6F0DAE67A3C325344978486FEE43D7280C71EB6D8F9ABFB93","PASS",""
"079550","LIG넥스원","soph_handoff_lig_nex1_v1_INPUT_PACKAGE_FOR_SOPH.zip","6D80973D4B163EC910512E36086E81A63E967E96045C065BC121A29ACE225C05","[LIG디펜스앤에어로스페이스]분기보고서_IFRS(원문XBRL)(2021.11.11).zip","166E84AD87B19E7DE43A15ADB907A46E01F7CD7B14393F6F9F2E7E20334BCC0B","2","00503668_entry_point_2015-11-13.xsd","00503668_entry_point_2015-11-13.xsd",".xsd","6610","1142","False","True","False","False","False","False","F54405477F3F1B9928769A9798F7E05F8295DCABCF3498E4CB7FFBB4F5D17C7E","PASS",""
"079550","LIG넥스원","soph_handoff_lig_nex1_v1_INPUT_PACKAGE_FOR_SOPH.zip","6D80973D4B163EC910512E36086E81A63E967E96045C065BC121A29ACE225C05","[LIG디펜스앤에어로스페이스]분기보고서_IFRS(원문XBRL)(2021.11.11).zip","166E84AD87B19E7DE43A15ADB907A46E01F7CD7B14393F6F9F2E7E20334BCC0B","3","ifrs_for_00503668/dimensions_ifrs_for_00503668/dim_ifrs_for_00503668_2015-11-13.xml","dim_ifrs_for_00503668_2015-11-13.xml",".xml","1424473","61066","True","False","False","False","False","False","A63D9548CB4247C0F7668471FBFF23793C89880265B3275D20C913BD4565AF04","PASS",""
"079550","LIG넥스원","soph_handoff_lig_nex1_v1_INPUT_PACKAGE_FOR_SOPH.zip","6D80973D4B163EC910512E36086E81A63E967E96045C065BC121A29ACE225C05","[LIG디펜스앤에어로스페이스]분기보고서_IFRS(원문XBRL)(2021.11.11).zip","166E84AD87B19E7DE43A15ADB907A46E01F7CD7B14393F6F9F2E7E20334BCC0B","4","ifrs_for_00503668/dimensions_ifrs_for_00503668/cal_ifrs_for_00503668_2015-11-13.xml","cal_ifrs_for_00503668_2015-11-13.xml",".xml","1384939","58198","True","False","False","False","False","False","78829B603DBFBF3D42F66A91167343F86D5701255F36F8A76587857EDCA5522F","PASS",""
"079550","LIG넥스원","soph_handoff_lig_nex1_v1_INPUT_PACKAGE_FOR_SOPH.zip","6D80973D4B163EC910512E36086E81A63E967E96045C065BC121A29ACE225C05","[LIG디펜스앤에어로스페이스]분기보고서_IFRS(원문XBRL)(2021.11.11).zip","166E84AD87B19E7DE43A15ADB907A46E01F7CD7B14393F6F9F2E7E20334BCC0B","5","ifrs_for_00503668/dimensions_ifrs_for_00503668/pre_ifrs_for_00503668_2015-11-13.xml","pre_ifrs_for_00503668_2015-11-13.xml",".xml","1454045","61911","True","False","False","False","False","False","96C65B1B8073387EB70C595928DFF90616427021501B0C30D4502DF345B09F91","PASS",""
"079550","LIG넥스원","soph_handoff_lig_nex1_v1_INPUT_PACKAGE_FOR_SOPH.zip","6D80973D4B163EC910512E36086E81A63E967E96045C065BC121A29ACE225C05","[LIG디펜스앤에어로스페이스]분기보고서_IFRS(원문XBRL)(2021.11.11).zip","166E84AD87B19E7DE43A15ADB907A46E01F7CD7B14393F6F9F2E7E20334BCC0B","6","ifrs_for_00503668/dimensions_ifrs_for_00503668/role_ifrs_for_00503668-dim_2015-11-13.xsd","role_ifrs_for_00503668-dim_2015-11-13.xsd",".xsd","649","311","False","True","False","False","False","False","042D27178AB7B75444ED80D5BA1DD8213913752AB19EDC80349789A8A7CB29AB","PASS",""
"079550","LIG넥스원","soph_handoff_lig_nex1_v1_INPUT_PACKAGE_FOR_SOPH.zip","6D80973D4B163EC910512E36086E81A63E967E96045C065BC121A29ACE225C05","[LIG디펜스앤에어로스페이스]분기보고서_IFRS(원문XBRL)(2021.11.11).zip","166E84AD87B19E7DE43A15ADB907A46E01F7CD7B14393F6F9F2E7E20334BCC0B","7","labels/lab_00503668-ko_2015-11-13.xml","lab_00503668-ko_2015-11-13.xml",".xml","28079","2339","True","False","False","False","False","False","0CD315F2240EA61B1C9AD4511CB2686AEB1966E6F2939D303F5109A46D221600","PASS",""
"079550","LIG넥스원","soph_handoff_lig_nex1_v1_INPUT_PACKAGE_FOR_SOPH.zip","6D80973D4B163EC910512E36086E81A63E967E96045C065BC121A29ACE225C05","[LIG디펜스앤에어로스페이스]분기보고서_IFRS(원문XBRL)(2021.11.11).zip","166E84AD87B19E7DE43A15ADB907A46E01F7CD7B14393F6F9F2E7E20334BCC0B","8","labels/lab_00503668-en_2015-11-13.xml","lab_00503668-en_2015-11-13.xml",".xml","27089","2123","True","False","False","False","False","False","6ECB0BEF117A970033C8F24871F8B3359D9932D83E06A4367434C27D5C41624C","PASS",""
"079550","LIG넥스원","soph_handoff_lig_nex1_v1_INPUT_PACKAGE_FOR_SOPH.zip","6D80973D4B163EC910512E36086E81A63E967E96045C065BC121A29ACE225C05","[LIG디펜스앤에어로스페이스]분기보고서_IFRS(원문XBRL)(2022.05.13).zip","4B42CB70A9AAF3D6F5BA90E568744EC5B862ACC96E3F0A59357FD3970A879044","1","00503668_2015-11-13.xbrl","00503668_2015-11-13.xbrl",".xbrl","192178","9630","True","False","False","False","False","False","E5CA652DB1EAD7538DC539314FFEEEDFB84CF7443E9E7B2E84D061EB59583B08","PASS",""
"079550","LIG넥스원","soph_handoff_lig_nex1_v1_INPUT_PACKAGE_FOR_SOPH.zip","6D80973D4B163EC910512E36086E81A63E967E96045C065BC121A29ACE225C05","[LIG디펜스앤에어로스페이스]분기보고서_IFRS(원문XBRL)(2022.05.13).zip","4B42CB70A9AAF3D6F5BA90E568744EC5B862ACC96E3F0A59357FD3970A879044","2","00503668_entry_point_2015-11-13.xsd","00503668_entry_point_2015-11-13.xsd",".xsd","5846","1061","False","True","False","False","False","False","70C31C62FCEE3A96F3AB50F54430C550E93C709DAAC1E0EF18F82E7520B390CE","PASS",""
"079550","LIG넥스원","soph_handoff_lig_nex1_v1_INPUT_PACKAGE_FOR_SOPH.zip","6D80973D4B163EC910512E36086E81A63E967E96045C065BC121A29ACE225C05","[LIG디펜스앤에어로스페이스]분기보고서_IFRS(원문XBRL)(2022.05.13).zip","4B42CB70A9AAF3D6F5BA90E568744EC5B862ACC96E3F0A59357FD3970A879044","3","ifrs_for_00503668/dimensions_ifrs_for_00503668/dim_ifrs_for_00503668_2015-11-13.xml","dim_ifrs_for_00503668_2015-11-13.xml",".xml","1420012","60898","True","False","False","False","False","False","5ED95E711477B2166EB6ECAF8DC82B262F247C9778F62080EC5A5FBC836799CC","PASS",""
"079550","LIG넥스원","soph_handoff_lig_nex1_v1_INPUT_PACKAGE_FOR_SOPH.zip","6D80973D4B163EC910512E36086E81A63E967E96045C065BC121A29ACE225C05","[LIG디펜스앤에어로스페이스]분기보고서_IFRS(원문XBRL)(2022.05.13).zip","4B42CB70A9AAF3D6F5BA90E568744EC5B862ACC96E3F0A59357FD3970A879044","4","ifrs_for_00503668/dimensions_ifrs_for_00503668/cal_ifrs_for_00503668_2015-11-13.xml","cal_ifrs_for_00503668_2015-11-13.xml",".xml","1391151","58306","True","False","False","False","False","False","C7E4742208D7646C6F6E8F88DC7416DD7DBD414AF0B67C974C025F4E6A5B04D1","PASS",""
"079550","LIG넥스원","soph_handoff_lig_nex1_v1_INPUT_PACKAGE_FOR_SOPH.zip","6D80973D4B163EC910512E36086E81A63E967E96045C065BC121A29ACE225C05","[LIG디펜스앤에어로스페이스]분기보고서_IFRS(원문XBRL)(2022.05.13).zip","4B42CB70A9AAF3D6F5BA90E568744EC5B862ACC96E3F0A59357FD3970A879044","5","ifrs_for_00503668/dimensions_ifrs_for_00503668/pre_ifrs_for_00503668_2015-11-13.xml","pre_ifrs_for_00503668_2015-11-13.xml",".xml","1449606","61709","True","False","False","False","False","False","CEA38C86E9E2F89DDA4E341658418AB9D075001B3575C2FA7553700AB35C1B69","PASS",""
"079550","LIG넥스원","soph_handoff_lig_nex1_v1_INPUT_PACKAGE_FOR_SOPH.zip","6D80973D4B163EC910512E36086E81A63E967E96045C065BC121A29ACE225C05","[LIG디펜스앤에어로스페이스]분기보고서_IFRS(원문XBRL)(2022.05.13).zip","4B42CB70A9AAF3D6F5BA90E568744EC5B862ACC96E3F0A59357FD3970A879044","6","ifrs_for_00503668/dimensions_ifrs_for_00503668/role_ifrs_for_00503668-dim_2015-11-13.xsd","role_ifrs_for_00503668-dim_2015-11-13.xsd",".xsd","649","311","False","True","False","False","False","False","042D27178AB7B75444ED80D5BA1DD8213913752AB19EDC80349789A8A7CB29AB","PASS",""
"079550","LIG넥스원","soph_handoff_lig_nex1_v1_INPUT_PACKAGE_FOR_SOPH.zip","6D80973D4B163EC910512E36086E81A63E967E96045C065BC121A29ACE225C05","[LIG디펜스앤에어로스페이스]분기보고서_IFRS(원문XBRL)(2022.05.13).zip","4B42CB70A9AAF3D6F5BA90E568744EC5B862ACC96E3F0A59357FD3970A879044","7","labels/lab_00503668-ko_2015-11-13.xml","lab_00503668-ko_2015-11-13.xml",".xml","24519","2206","True","False","False","False","False","False","086E7C1B37AEDA757C1D40DBD51ED566DC64BBDA9B8C988270A9B07E49783157","PASS",""
"079550","LIG넥스원","soph_handoff_lig_nex1_v1_INPUT_PACKAGE_FOR_SOPH.zip","6D80973D4B163EC910512E36086E81A63E967E96045C065BC121A29ACE225C05","[LIG디펜스앤에어로스페이스]분기보고서_IFRS(원문XBRL)(2022.05.13).zip","4B42CB70A9AAF3D6F5BA90E568744EC5B862ACC96E3F0A59357FD3970A879044","8","labels/lab_00503668-en_2015-11-13.xml","lab_00503668-en_2015-11-13.xml",".xml","21605","1874","True","False","False","False","False","False","46F4FAFD452D9C537B9E77EB4625AFB7A555AE958D7D2A644FC2A563E76F6277","PASS",""
"079550","LIG넥스원","soph_handoff_lig_nex1_v1_INPUT_PACKAGE_FOR_SOPH.zip","6D80973D4B163EC910512E36086E81A63E967E96045C065BC121A29ACE225C05","[LIG디펜스앤에어로스페이스]분기보고서_IFRS(원문XBRL)(2022.11.11).zip","81273E34EBC84753BCA0772BBE2FE2E4435DECF7DAC31405C9D9A142D605A1D3","1","00503668_2015-11-13.xbrl","00503668_2015-11-13.xbrl",".xbrl","207434","10784","True","False","False","False","False","False","7E7DD9312074AACF06DD5DC1BFFF3550CFC28BF954CAE4A70ADA408EEA9C70AE","PASS",""
"079550","LIG넥스원","soph_handoff_lig_nex1_v1_INPUT_PACKAGE_FOR_SOPH.zip","6D80973D4B163EC910512E36086E81A63E967E96045C065BC121A29ACE225C05","[LIG디펜스앤에어로스페이스]분기보고서_IFRS(원문XBRL)(2022.11.11).zip","81273E34EBC84753BCA0772BBE2FE2E4435DECF7DAC31405C9D9A142D605A1D3","2","00503668_entry_point_2015-11-13.xsd","00503668_entry_point_2015-11-13.xsd",".xsd","6606","1138","False","True","False","False","False","False","0F20160AC5B63CAABB3526C89B80D6ADB358DFCCAF350BAC960B70F81EB31FA1","PASS",""
"079550","LIG넥스원","soph_handoff_lig_nex1_v1_INPUT_PACKAGE_FOR_SOPH.zip","6D80973D4B163EC910512E36086E81A63E967E96045C065BC121A29ACE225C05","[LIG디펜스앤에어로스페이스]분기보고서_IFRS(원문XBRL)(2022.11.11).zip","81273E34EBC84753BCA0772BBE2FE2E4435DECF7DAC31405C9D9A142D605A1D3","3","ifrs_for_00503668/dimensions_ifrs_for_00503668/dim_ifrs_for_00503668_2015-11-13.xml","dim_ifrs_for_00503668_2015-11-13.xml",".xml","1425653","61070","True","False","False","False","False","False","709E52A6537F958E9BD967AF665F70922A8274640F97CB37D8342439D3FD0126","PASS",""
"079550","LIG넥스원","soph_handoff_lig_nex1_v1_INPUT_PACKAGE_FOR_SOPH.zip","6D80973D4B163EC910512E36086E81A63E967E96045C065BC121A29ACE225C05","[LIG디펜스앤에어로스페이스]분기보고서_IFRS(원문XBRL)(2022.11.11).zip","81273E34EBC84753BCA0772BBE2FE2E4435DECF7DAC31405C9D9A142D605A1D3","4","ifrs_for_00503668/dimensions_ifrs_for_00503668/cal_ifrs_for_00503668_2015-11-13.xml","cal_ifrs_for_00503668_2015-11-13.xml",".xml","1383196","58056","True","False","False","False","False","False","8F1292D760DF7F12A1142FC0CB17E75DFC9DB1F080B6698B7F238EAC21F8A340","PASS",""
"079550","LIG넥스원","soph_handoff_lig_nex1_v1_INPUT_PACKAGE_FOR_SOPH.zip","6D80973D4B163EC910512E36086E81A63E967E96045C065BC121A29ACE225C05","[LIG디펜스앤에어로스페이스]분기보고서_IFRS(원문XBRL)(2022.11.11).zip","81273E34EBC84753BCA0772BBE2FE2E4435DECF7DAC31405C9D9A142D605A1D3","5","ifrs_for_00503668/dimensions_ifrs_for_00503668/pre_ifrs_for_00503668_2015-11-13.xml","pre_ifrs_for_00503668_2015-11-13.xml",".xml","1455248","61938","True","False","False","False","False","False","293B0E51B4AB9B4CF54CE80BAE4184208FB32F7BA5637789D5C8C08D4B6F5DE3","PASS",""
"079550","LIG넥스원","soph_handoff_lig_nex1_v1_INPUT_PACKAGE_FOR_SOPH.zip","6D80973D4B163EC910512E36086E81A63E967E96045C065BC121A29ACE225C05","[LIG디펜스앤에어로스페이스]분기보고서_IFRS(원문XBRL)(2022.11.11).zip","81273E34EBC84753BCA0772BBE2FE2E4435DECF7DAC31405C9D9A142D605A1D3","6","ifrs_for_00503668/dimensions_ifrs_for_00503668/role_ifrs_for_00503668-dim_2015-11-13.xsd","role_ifrs_for_00503668-dim_2015-11-13.xsd",".xsd","649","311","False","True","False","False","False","False","042D27178AB7B75444ED80D5BA1DD8213913752AB19EDC80349789A8A7CB29AB","PASS",""
"079550","LIG넥스원","soph_handoff_lig_nex1_v1_INPUT_PACKAGE_FOR_SOPH.zip","6D80973D4B163EC910512E36086E81A63E967E96045C065BC121A29ACE225C05","[LIG디펜스앤에어로스페이스]분기보고서_IFRS(원문XBRL)(2022.11.11).zip","81273E34EBC84753BCA0772BBE2FE2E4435DECF7DAC31405C9D9A142D605A1D3","7","labels/lab_00503668-ko_2015-11-13.xml","lab_00503668-ko_2015-11-13.xml",".xml","28755","2343","True","False","False","False","False","False","A8C46F44F0A97C4E5C3FFBB0B96B18C6F9435F5E6DF159E2083EE2718921FF82","PASS",""
"079550","LIG넥스원","soph_handoff_lig_nex1_v1_INPUT_PACKAGE_FOR_SOPH.zip","6D80973D4B163EC910512E36086E81A63E967E96045C065BC121A29ACE225C05","[LIG디펜스앤에어로스페이스]분기보고서_IFRS(원문XBRL)(2022.11.11).zip","81273E34EBC84753BCA0772BBE2FE2E4435DECF7DAC31405C9D9A142D605A1D3","8","labels/lab_00503668-en_2015-11-13.xml","lab_00503668-en_2015-11-13.xml",".xml","24511","1972","True","False","False","False","False","False","21F30F194ED66E00CB7979021AC163B48FDA26BAB453D60058EDEBBF9095DEB9","PASS",""
"079550","LIG넥스원","soph_handoff_lig_nex1_v1_INPUT_PACKAGE_FOR_SOPH.zip","6D80973D4B163EC910512E36086E81A63E967E96045C065BC121A29ACE225C05","[LIG디펜스앤에어로스페이스]분기보고서_IFRS(원문XBRL)(2023.05.15).zip","ABC56D98AA643C3F09F3F8D99CEECCFE8F5F550D48678FC80974447C0FE97172","1","00503668_2015-11-13.xbrl","00503668_2015-11-13.xbrl",".xbrl","191273","9628","True","False","False","False","False","False","D793F8AADE360E876CDFFEC7398EE964BF2AF2492E10C829D2660CBE662B7372","PASS",""
"079550","LIG넥스원","soph_handoff_lig_nex1_v1_INPUT_PACKAGE_FOR_SOPH.zip","6D80973D4B163EC910512E36086E81A63E967E96045C065BC121A29ACE225C05","[LIG디펜스앤에어로스페이스]분기보고서_IFRS(원문XBRL)(2023.05.15).zip","ABC56D98AA643C3F09F3F8D99CEECCFE8F5F550D48678FC80974447C0FE97172","2","00503668_entry_point_2015-11-13.xsd","00503668_entry_point_2015-11-13.xsd",".xsd","6612","1138","False","True","False","False","False","False","C24C6F7B3AC3A25CBDE7D17A26E33F0A5FF4FD29D733165877138BA24674809B","PASS",""
"079550","LIG넥스원","soph_handoff_lig_nex1_v1_INPUT_PACKAGE_FOR_SOPH.zip","6D80973D4B163EC910512E36086E81A63E967E96045C065BC121A29ACE225C05","[LIG디펜스앤에어로스페이스]분기보고서_IFRS(원문XBRL)(2023.05.15).zip","ABC56D98AA643C3F09F3F8D99CEECCFE8F5F550D48678FC80974447C0FE97172","3","ifrs_for_00503668/dimensions_ifrs_for_00503668/dim_ifrs_for_00503668_2015-11-13.xml","dim_ifrs_for_00503668_2015-11-13.xml",".xml","1419808","60884","True","False","False","False","False","False","C9BF62E9F9EB4AFDF5AFF00727E02868EBDF93A9FC245B62B05B171D67326EAB","PASS",""
"079550","LIG넥스원","soph_handoff_lig_nex1_v1_INPUT_PACKAGE_FOR_SOPH.zip","6D80973D4B163EC910512E36086E81A63E967E96045C065BC121A29ACE225C05","[LIG디펜스앤에어로스페이스]분기보고서_IFRS(원문XBRL)(2023.05.15).zip","ABC56D98AA643C3F09F3F8D99CEECCFE8F5F550D48678FC80974447C0FE97172","4","ifrs_for_00503668/dimensions_ifrs_for_00503668/cal_ifrs_for_00503668_2015-11-13.xml","cal_ifrs_for_00503668_2015-11-13.xml",".xml","1396341","58568","True","False","False","False","False","False","D0AFAD75F12A1943769BD63A86647DF621049ED60D92FCB9AE4E0647616CC31D","PASS",""
"079550","LIG넥스원","soph_handoff_lig_nex1_v1_INPUT_PACKAGE_FOR_SOPH.zip","6D80973D4B163EC910512E36086E81A63E967E96045C065BC121A29ACE225C05","[LIG디펜스앤에어로스페이스]분기보고서_IFRS(원문XBRL)(2023.05.15).zip","ABC56D98AA643C3F09F3F8D99CEECCFE8F5F550D48678FC80974447C0FE97172","5","ifrs_for_00503668/dimensions_ifrs_for_00503668/pre_ifrs_for_00503668_2015-11-13.xml","pre_ifrs_for_00503668_2015-11-13.xml",".xml","1449386","61717","True","False","False","False","False","False","1EA952638E680DDDD1C22AD1D02E19644ACB052D2A883871751D81B6D8F6790A","PASS",""
"079550","LIG넥스원","soph_handoff_lig_nex1_v1_INPUT_PACKAGE_FOR_SOPH.zip","6D80973D4B163EC910512E36086E81A63E967E96045C065BC121A29ACE225C05","[LIG디펜스앤에어로스페이스]분기보고서_IFRS(원문XBRL)(2023.05.15).zip","ABC56D98AA643C3F09F3F8D99CEECCFE8F5F550D48678FC80974447C0FE97172","6","ifrs_for_00503668/dimensions_ifrs_for_00503668/role_ifrs_for_00503668-dim_2015-11-13.xsd","role_ifrs_for_00503668-dim_2015-11-13.xsd",".xsd","649","311","False","True","False","False","False","False","042D27178AB7B75444ED80D5BA1DD8213913752AB19EDC80349789A8A7CB29AB","PASS",""
"079550","LIG넥스원","soph_handoff_lig_nex1_v1_INPUT_PACKAGE_FOR_SOPH.zip","6D80973D4B163EC910512E36086E81A63E967E96045C065BC121A29ACE225C05","[LIG디펜스앤에어로스페이스]분기보고서_IFRS(원문XBRL)(2023.05.15).zip","ABC56D98AA643C3F09F3F8D99CEECCFE8F5F550D48678FC80974447C0FE97172","7","labels/lab_00503668-ko_2015-11-13.xml","lab_00503668-ko_2015-11-13.xml",".xml","26283","2252","True","False","False","False","False","False","1FD3E3E15286276219EADAD64D004CC063ED65A520F8FFDD683BD9D7F6E2B4CD","PASS",""
"079550","LIG넥스원","soph_handoff_lig_nex1_v1_INPUT_PACKAGE_FOR_SOPH.zip","6D80973D4B163EC910512E36086E81A63E967E96045C065BC121A29ACE225C05","[LIG디펜스앤에어로스페이스]분기보고서_IFRS(원문XBRL)(2023.05.15).zip","ABC56D98AA643C3F09F3F8D99CEECCFE8F5F550D48678FC80974447C0FE97172","8","labels/lab_00503668-en_2015-11-13.xml","lab_00503668-en_2015-11-13.xml",".xml","24514","1965","True","False","False","False","False","False","040E7CD5A98226CA0DC917F43E7DDA741C57960742090831C3394205998022B7","PASS",""
"079550","LIG넥스원","soph_handoff_lig_nex1_v1_INPUT_PACKAGE_FOR_SOPH.zip","6D80973D4B163EC910512E36086E81A63E967E96045C065BC121A29ACE225C05","[LIG디펜스앤에어로스페이스]분기보고서_IFRS(원문XBRL)(2023.11.14).zip","AEB7408DAEC1C7C7E3627A78B5FA52286E5AFAEF289DCA5CA11D7B6941F9CC10","1","entity00503668_2023-09-30.xbrl","entity00503668_2023-09-30.xbrl",".xbrl","201829","11749","True","False","False","False","False","False","D3968E22E24F9AA004E55D9230C6800D01D29941F0DFD8BE727AE5CBF4506F42","PASS",""
"079550","LIG넥스원","soph_handoff_lig_nex1_v1_INPUT_PACKAGE_FOR_SOPH.zip","6D80973D4B163EC910512E36086E81A63E967E96045C065BC121A29ACE225C05","[LIG디펜스앤에어로스페이스]분기보고서_IFRS(원문XBRL)(2023.11.14).zip","AEB7408DAEC1C7C7E3627A78B5FA52286E5AFAEF289DCA5CA11D7B6941F9CC10","2","entity00503668_2023-09-30.xsd","entity00503668_2023-09-30.xsd",".xsd","12365","1770","False","True","False","False","False","False","833107B4457447DF81735FC23C058A2F7426983CA422406135CE1859B3FEA662","PASS",""
"079550","LIG넥스원","soph_handoff_lig_nex1_v1_INPUT_PACKAGE_FOR_SOPH.zip","6D80973D4B163EC910512E36086E81A63E967E96045C065BC121A29ACE225C05","[LIG디펜스앤에어로스페이스]분기보고서_IFRS(원문XBRL)(2023.11.14).zip","AEB7408DAEC1C7C7E3627A78B5FA52286E5AFAEF289DCA5CA11D7B6941F9CC10","3","entity00503668_2023-09-30_def.xml","entity00503668_2023-09-30_def.xml",".xml","220099","9293","False","False","False","False","False","True","AAC4A7E3ED71394C36C738E18F64977B1B534702A005382719D72BE6CE3FF8DE","PASS",""
"079550","LIG넥스원","soph_handoff_lig_nex1_v1_INPUT_PACKAGE_FOR_SOPH.zip","6D80973D4B163EC910512E36086E81A63E967E96045C065BC121A29ACE225C05","[LIG디펜스앤에어로스페이스]분기보고서_IFRS(원문XBRL)(2023.11.14).zip","AEB7408DAEC1C7C7E3627A78B5FA52286E5AFAEF289DCA5CA11D7B6941F9CC10","4","entity00503668_2023-09-30_cal.xml","entity00503668_2023-09-30_cal.xml",".xml","169509","7511","False","False","False","False","True","False","E44819EB9CEEBAFDDCFD68054F2B4388F0A9094F847F7A3E65A23FDB91CF81F0","PASS",""
"079550","LIG넥스원","soph_handoff_lig_nex1_v1_INPUT_PACKAGE_FOR_SOPH.zip","6D80973D4B163EC910512E36086E81A63E967E96045C065BC121A29ACE225C05","[LIG디펜스앤에어로스페이스]분기보고서_IFRS(원문XBRL)(2023.11.14).zip","AEB7408DAEC1C7C7E3627A78B5FA52286E5AFAEF289DCA5CA11D7B6941F9CC10","5","entity00503668_2023-09-30_pre.xml","entity00503668_2023-09-30_pre.xml",".xml","212077","7676","False","False","False","True","False","False","51B2B42197F18887DCFE6A05DF51B7B82A7B6B77E571D4420CECAB7B68A4EBA3","PASS",""
"079550","LIG넥스원","soph_handoff_lig_nex1_v1_INPUT_PACKAGE_FOR_SOPH.zip","6D80973D4B163EC910512E36086E81A63E967E96045C065BC121A29ACE225C05","[LIG디펜스앤에어로스페이스]분기보고서_IFRS(원문XBRL)(2023.11.14).zip","AEB7408DAEC1C7C7E3627A78B5FA52286E5AFAEF289DCA5CA11D7B6941F9CC10","6","entity00503668_2023-09-30_lab-ko.xml","entity00503668_2023-09-30_lab-ko.xml",".xml","283892","15408","False","False","True","False","False","False","280DED64A4ACA1F8C263825A4522B149601DD2698A2CC2A3CE9E282E6D1DAD3A","PASS",""
"079550","LIG넥스원","soph_handoff_lig_nex1_v1_INPUT_PACKAGE_FOR_SOPH.zip","6D80973D4B163EC910512E36086E81A63E967E96045C065BC121A29ACE225C05","[LIG디펜스앤에어로스페이스]분기보고서_IFRS(원문XBRL)(2023.11.14).zip","AEB7408DAEC1C7C7E3627A78B5FA52286E5AFAEF289DCA5CA11D7B6941F9CC10","7","entity00503668_2023-09-30_lab-en.xml","entity00503668_2023-09-30_lab-en.xml",".xml","291638","15011","False","False","True","False","False","False","745F265E0585BC15386837B5FBEE6657DBD7DA1E97A61FA9BAC2ACD7E3FB3286","PASS",""
"079550","LIG넥스원","soph_handoff_lig_nex1_v1_INPUT_PACKAGE_FOR_SOPH.zip","6D80973D4B163EC910512E36086E81A63E967E96045C065BC121A29ACE225C05","[LIG디펜스앤에어로스페이스]분기보고서_IFRS(원문XBRL)(2024.05.16).zip","CBDAA0AF8F6851A82228CAD162400F1C4E9871AF886E3F821560D881E645D209","1","entity00503668_2024-03-31.xbrl","entity00503668_2024-03-31.xbrl",".xbrl","3241679","146728","True","False","False","False","False","False","33C5EADC485B7C04A464F78F2E0F396D60A10E32023F6D7C9BD3473FE11B7995","PASS",""
"079550","LIG넥스원","soph_handoff_lig_nex1_v1_INPUT_PACKAGE_FOR_SOPH.zip","6D80973D4B163EC910512E36086E81A63E967E96045C065BC121A29ACE225C05","[LIG디펜스앤에어로스페이스]분기보고서_IFRS(원문XBRL)(2024.05.16).zip","CBDAA0AF8F6851A82228CAD162400F1C4E9871AF886E3F821560D881E645D209","2","entity00503668_2024-03-31.xsd","entity00503668_2024-03-31.xsd",".xsd","281532","18595","False","True","False","False","False","False","60A66413443716EC029848CF403974ED71FFFA184A22E83DE44E8327FA397244","PASS",""
"079550","LIG넥스원","soph_handoff_lig_nex1_v1_INPUT_PACKAGE_FOR_SOPH.zip","6D80973D4B163EC910512E36086E81A63E967E96045C065BC121A29ACE225C05","[LIG디펜스앤에어로스페이스]분기보고서_IFRS(원문XBRL)(2024.05.16).zip","CBDAA0AF8F6851A82228CAD162400F1C4E9871AF886E3F821560D881E645D209","3","entity00503668_2024-03-31_def.xml","entity00503668_2024-03-31_def.xml",".xml","3370664","113972","False","False","False","False","False","True","8B6777943D9AA0F136FA22AA2408C2FBA899D325A1CB56716EC49D567591A700","PASS",""
"079550","LIG넥스원","soph_handoff_lig_nex1_v1_INPUT_PACKAGE_FOR_SOPH.zip","6D80973D4B163EC910512E36086E81A63E967E96045C065BC121A29ACE225C05","[LIG디펜스앤에어로스페이스]분기보고서_IFRS(원문XBRL)(2024.05.16).zip","CBDAA0AF8F6851A82228CAD162400F1C4E9871AF886E3F821560D881E645D209","4","entity00503668_2024-03-31_cal.xml","entity00503668_2024-03-31_cal.xml",".xml","159839","7304","False","False","False","False","True","False","450E853AEEB3F8F56C4A4BF91EAED3CF073EE26FC4C8C21804597CE74BE9A652","PASS",""
"079550","LIG넥스원","soph_handoff_lig_nex1_v1_INPUT_PACKAGE_FOR_SOPH.zip","6D80973D4B163EC910512E36086E81A63E967E96045C065BC121A29ACE225C05","[LIG디펜스앤에어로스페이스]분기보고서_IFRS(원문XBRL)(2024.05.16).zip","CBDAA0AF8F6851A82228CAD162400F1C4E9871AF886E3F821560D881E645D209","5","entity00503668_2024-03-31_pre.xml","entity00503668_2024-03-31_pre.xml",".xml","2479115","101005","False","False","False","True","False","False","0B875A6D478464EFCDE6331B413B5EEEBEBDF6EAB899C45E0CFAF3D5BB22EDDB","PASS",""
"079550","LIG넥스원","soph_handoff_lig_nex1_v1_INPUT_PACKAGE_FOR_SOPH.zip","6D80973D4B163EC910512E36086E81A63E967E96045C065BC121A29ACE225C05","[LIG디펜스앤에어로스페이스]분기보고서_IFRS(원문XBRL)(2024.05.16).zip","CBDAA0AF8F6851A82228CAD162400F1C4E9871AF886E3F821560D881E645D209","6","entity00503668_2024-03-31_lab-ko.xml","entity00503668_2024-03-31_lab-ko.xml",".xml","2386800","107364","False","False","True","False","False","False","35CCB85F2A63416578B25A0809A14B5A05C8F97B114F0EE04FC0A775A7ED3039","PASS",""
"079550","LIG넥스원","soph_handoff_lig_nex1_v1_INPUT_PACKAGE_FOR_SOPH.zip","6D80973D4B163EC910512E36086E81A63E967E96045C065BC121A29ACE225C05","[LIG디펜스앤에어로스페이스]분기보고서_IFRS(원문XBRL)(2024.05.16).zip","CBDAA0AF8F6851A82228CAD162400F1C4E9871AF886E3F821560D881E645D209","7","entity00503668_2024-03-31_lab-en.xml","entity00503668_2024-03-31_lab-en.xml",".xml","2415236","101778","False","False","True","False","False","False","8EC21AF488AC7A5CED5780258A19C7C368B9963A9D56088BCE75C6BF842683E2","PASS",""
"079550","LIG넥스원","soph_handoff_lig_nex1_v1_INPUT_PACKAGE_FOR_SOPH.zip","6D80973D4B163EC910512E36086E81A63E967E96045C065BC121A29ACE225C05","[LIG디펜스앤에어로스페이스]분기보고서_IFRS(원문XBRL)(2024.11.14).zip","C32F804F0649C7AD8154A1E4D4E5E90E0FBC8E3C0E4CE30881AC681DADE7B913","1","entity00503668_2024-09-30.xbrl","entity00503668_2024-09-30.xbrl",".xbrl","3410986","151051","True","False","False","False","False","False","1404B5DD098771AC652FFFF8F30236494A3F109D68DECEAE72FAFCE82E5C4A1F","PASS",""
"079550","LIG넥스원","soph_handoff_lig_nex1_v1_INPUT_PACKAGE_FOR_SOPH.zip","6D80973D4B163EC910512E36086E81A63E967E96045C065BC121A29ACE225C05","[LIG디펜스앤에어로스페이스]분기보고서_IFRS(원문XBRL)(2024.11.14).zip","C32F804F0649C7AD8154A1E4D4E5E90E0FBC8E3C0E4CE30881AC681DADE7B913","2","entity00503668_2024-09-30.xsd","entity00503668_2024-09-30.xsd",".xsd","298194","19424","False","True","False","False","False","False","D8788244FE317200F86FB1B1267283B0B126C3F2A2BE780E19F95817F2F50A28","PASS",""
"079550","LIG넥스원","soph_handoff_lig_nex1_v1_INPUT_PACKAGE_FOR_SOPH.zip","6D80973D4B163EC910512E36086E81A63E967E96045C065BC121A29ACE225C05","[LIG디펜스앤에어로스페이스]분기보고서_IFRS(원문XBRL)(2024.11.14).zip","C32F804F0649C7AD8154A1E4D4E5E90E0FBC8E3C0E4CE30881AC681DADE7B913","3","entity00503668_2024-09-30_def.xml","entity00503668_2024-09-30_def.xml",".xml","3471284","108884","False","False","False","False","False","True","F09A30A7E3E57FA062667976375A15ABB801F6D004E7EA4BC3F6295C895957DE","PASS",""
"079550","LIG넥스원","soph_handoff_lig_nex1_v1_INPUT_PACKAGE_FOR_SOPH.zip","6D80973D4B163EC910512E36086E81A63E967E96045C065BC121A29ACE225C05","[LIG디펜스앤에어로스페이스]분기보고서_IFRS(원문XBRL)(2024.11.14).zip","C32F804F0649C7AD8154A1E4D4E5E90E0FBC8E3C0E4CE30881AC681DADE7B913","4","entity00503668_2024-09-30_cal.xml","entity00503668_2024-09-30_cal.xml",".xml","172353","7800","False","False","False","False","True","False","170B9E52F272E93DAAEE30C0E6D312E3549D04DEF85804388C286B8B58B2A049","PASS",""
"079550","LIG넥스원","soph_handoff_lig_nex1_v1_INPUT_PACKAGE_FOR_SOPH.zip","6D80973D4B163EC910512E36086E81A63E967E96045C065BC121A29ACE225C05","[LIG디펜스앤에어로스페이스]분기보고서_IFRS(원문XBRL)(2024.11.14).zip","C32F804F0649C7AD8154A1E4D4E5E90E0FBC8E3C0E4CE30881AC681DADE7B913","5","entity00503668_2024-09-30_pre.xml","entity00503668_2024-09-30_pre.xml",".xml","2550001","96685","False","False","False","True","False","False","861D75000A3E8C2E42021697C9F3421E0569DDE5DC566597DEF773D6C72DA604","PASS",""
"079550","LIG넥스원","soph_handoff_lig_nex1_v1_INPUT_PACKAGE_FOR_SOPH.zip","6D80973D4B163EC910512E36086E81A63E967E96045C065BC121A29ACE225C05","[LIG디펜스앤에어로스페이스]분기보고서_IFRS(원문XBRL)(2024.11.14).zip","C32F804F0649C7AD8154A1E4D4E5E90E0FBC8E3C0E4CE30881AC681DADE7B913","6","entity00503668_2024-09-30_lab-ko.xml","entity00503668_2024-09-30_lab-ko.xml",".xml","2614250","117693","False","False","True","False","False","False","2D405424CCAF32DAC6759360C73F1C8E0CE0ABBCF1A49A65580DECB61DDB2693","PASS",""
"079550","LIG넥스원","soph_handoff_lig_nex1_v1_INPUT_PACKAGE_FOR_SOPH.zip","6D80973D4B163EC910512E36086E81A63E967E96045C065BC121A29ACE225C05","[LIG디펜스앤에어로스페이스]분기보고서_IFRS(원문XBRL)(2024.11.14).zip","C32F804F0649C7AD8154A1E4D4E5E90E0FBC8E3C0E4CE30881AC681DADE7B913","7","entity00503668_2024-09-30_lab-en.xml","entity00503668_2024-09-30_lab-en.xml",".xml","2644463","111306","False","False","True","False","False","False","7D3C2E2CCE06BBE9A51F173E83A05B5AF29076B81E48A70BAFCA7FF259487BDD","PASS",""
"079550","LIG넥스원","soph_handoff_lig_nex1_v1_INPUT_PACKAGE_FOR_SOPH.zip","6D80973D4B163EC910512E36086E81A63E967E96045C065BC121A29ACE225C05","[LIG디펜스앤에어로스페이스]분기보고서_IFRS(원문XBRL)(2025.05.15).zip","63571D643CBAA845E9474514F038D2BA11246B7E34EE57DF9020A8FC07FB0FD1","1","entity00503668_2025-03-31.xbrl","entity00503668_2025-03-31.xbrl",".xbrl","3160137","135957","True","False","False","False","False","False","EF0929E3631E5998E311B8E56D3EC62A83C328B45DEB6FB82B9C2F3E90B1FF60","PASS",""
"079550","LIG넥스원","soph_handoff_lig_nex1_v1_INPUT_PACKAGE_FOR_SOPH.zip","6D80973D4B163EC910512E36086E81A63E967E96045C065BC121A29ACE225C05","[LIG디펜스앤에어로스페이스]분기보고서_IFRS(원문XBRL)(2025.05.15).zip","63571D643CBAA845E9474514F038D2BA11246B7E34EE57DF9020A8FC07FB0FD1","2","entity00503668_2025-03-31.xsd","entity00503668_2025-03-31.xsd",".xsd","245552","16749","False","True","False","False","False","False","3980C433541F3D06B16B0D0A3C4F6B69DECE7FBFA899E70EB499AA0791E80006","PASS",""
"079550","LIG넥스원","soph_handoff_lig_nex1_v1_INPUT_PACKAGE_FOR_SOPH.zip","6D80973D4B163EC910512E36086E81A63E967E96045C065BC121A29ACE225C05","[LIG디펜스앤에어로스페이스]분기보고서_IFRS(원문XBRL)(2025.05.15).zip","63571D643CBAA845E9474514F038D2BA11246B7E34EE57DF9020A8FC07FB0FD1","3","entity00503668_2025-03-31_def.xml","entity00503668_2025-03-31_def.xml",".xml","3463411","119752","False","False","False","False","False","True","91865AE8EC17F8DF682408EEFBAEC9384808C20196C6E3793C4AB11C35E45F96","PASS",""
"079550","LIG넥스원","soph_handoff_lig_nex1_v1_INPUT_PACKAGE_FOR_SOPH.zip","6D80973D4B163EC910512E36086E81A63E967E96045C065BC121A29ACE225C05","[LIG디펜스앤에어로스페이스]분기보고서_IFRS(원문XBRL)(2025.05.15).zip","63571D643CBAA845E9474514F038D2BA11246B7E34EE57DF9020A8FC07FB0FD1","4","entity00503668_2025-03-31_cal.xml","entity00503668_2025-03-31_cal.xml",".xml","167841","7675","False","False","False","False","True","False","177DEF0D837CCB9C71B21AEF3F3F1692F76704C251521DD34E03BE3039F0F66D","PASS",""
"079550","LIG넥스원","soph_handoff_lig_nex1_v1_INPUT_PACKAGE_FOR_SOPH.zip","6D80973D4B163EC910512E36086E81A63E967E96045C065BC121A29ACE225C05","[LIG디펜스앤에어로스페이스]분기보고서_IFRS(원문XBRL)(2025.05.15).zip","63571D643CBAA845E9474514F038D2BA11246B7E34EE57DF9020A8FC07FB0FD1","5","entity00503668_2025-03-31_pre.xml","entity00503668_2025-03-31_pre.xml",".xml","2525601","104646","False","False","False","True","False","False","ED33B6184A71F1FAFC8D42AA93ADC5257C6C90FB9DD4294A1FD18AD1BEE19346","PASS",""
"079550","LIG넥스원","soph_handoff_lig_nex1_v1_INPUT_PACKAGE_FOR_SOPH.zip","6D80973D4B163EC910512E36086E81A63E967E96045C065BC121A29ACE225C05","[LIG디펜스앤에어로스페이스]분기보고서_IFRS(원문XBRL)(2025.05.15).zip","63571D643CBAA845E9474514F038D2BA11246B7E34EE57DF9020A8FC07FB0FD1","6","entity00503668_2025-03-31_lab-ko.xml","entity00503668_2025-03-31_lab-ko.xml",".xml","2423776","111146","False","False","True","False","False","False","625ED7B31C9C9180D576867630BCA4E64B7914395ECEE7DB3214AB29F72A7CAC","PASS",""
"079550","LIG넥스원","soph_handoff_lig_nex1_v1_INPUT_PACKAGE_FOR_SOPH.zip","6D80973D4B163EC910512E36086E81A63E967E96045C065BC121A29ACE225C05","[LIG디펜스앤에어로스페이스]분기보고서_IFRS(원문XBRL)(2025.05.15).zip","63571D643CBAA845E9474514F038D2BA11246B7E34EE57DF9020A8FC07FB0FD1","7","entity00503668_2025-03-31_lab-en.xml","entity00503668_2025-03-31_lab-en.xml",".xml","2458088","105860","False","False","True","False","False","False","7E80EF3EDD6A702BB2A222E67EFCA7735E617BFD9895FCB34B42D0000E1AB621","PASS",""
"079550","LIG넥스원","soph_handoff_lig_nex1_v1_INPUT_PACKAGE_FOR_SOPH.zip","6D80973D4B163EC910512E36086E81A63E967E96045C065BC121A29ACE225C05","[LIG디펜스앤에어로스페이스]분기보고서_IFRS(원문XBRL)(2025.11.14).zip","701EC2262A408562C54C3DB6113F69872B27E9C10F012865F71AB7F0C2861233","1","entity00503668_2025-09-30.xbrl","entity00503668_2025-09-30.xbrl",".xbrl","4919806","201873","True","False","False","False","False","False","255ECCD0B7F01D91BFC86190BD245411060ECC069B9B4EF26B1220216032F121","PASS",""
"079550","LIG넥스원","soph_handoff_lig_nex1_v1_INPUT_PACKAGE_FOR_SOPH.zip","6D80973D4B163EC910512E36086E81A63E967E96045C065BC121A29ACE225C05","[LIG디펜스앤에어로스페이스]분기보고서_IFRS(원문XBRL)(2025.11.14).zip","701EC2262A408562C54C3DB6113F69872B27E9C10F012865F71AB7F0C2861233","2","entity00503668_2025-09-30.xsd","entity00503668_2025-09-30.xsd",".xsd","252762","20909","False","True","False","False","False","False","FBF81F06CC5D593CD825CC2ED00FE7F98410C5BE3A1E2C7D59CE76D38890529F","PASS",""
"079550","LIG넥스원","soph_handoff_lig_nex1_v1_INPUT_PACKAGE_FOR_SOPH.zip","6D80973D4B163EC910512E36086E81A63E967E96045C065BC121A29ACE225C05","[LIG디펜스앤에어로스페이스]분기보고서_IFRS(원문XBRL)(2025.11.14).zip","701EC2262A408562C54C3DB6113F69872B27E9C10F012865F71AB7F0C2861233","3","entity00503668_2025-09-30_def.xml","entity00503668_2025-09-30_def.xml",".xml","3520707","123370","False","False","False","False","False","True","650FE777FE4A59A51DC68019CB9334FC13E6F4B2BD425456CABBE48A5FEA9FB2","PASS",""
"079550","LIG넥스원","soph_handoff_lig_nex1_v1_INPUT_PACKAGE_FOR_SOPH.zip","6D80973D4B163EC910512E36086E81A63E967E96045C065BC121A29ACE225C05","[LIG디펜스앤에어로스페이스]분기보고서_IFRS(원문XBRL)(2025.11.14).zip","701EC2262A408562C54C3DB6113F69872B27E9C10F012865F71AB7F0C2861233","4","entity00503668_2025-09-30_cal.xml","entity00503668_2025-09-30_cal.xml",".xml","168609","7379","False","False","False","False","True","False","5331971E32CB45DEFAB713DA5FCF50CC95797E4D56F511539FF962D66A20B61A","PASS",""
"079550","LIG넥스원","soph_handoff_lig_nex1_v1_INPUT_PACKAGE_FOR_SOPH.zip","6D80973D4B163EC910512E36086E81A63E967E96045C065BC121A29ACE225C05","[LIG디펜스앤에어로스페이스]분기보고서_IFRS(원문XBRL)(2025.11.14).zip","701EC2262A408562C54C3DB6113F69872B27E9C10F012865F71AB7F0C2861233","5","entity00503668_2025-09-30_pre.xml","entity00503668_2025-09-30_pre.xml",".xml","2578362","107632","False","False","False","True","False","False","27C3F0FD3EFEEC41D23E0DBCE5FF5EBF5F6E74F743450FB3C0BD7A0EFA07FA30","PASS",""
"079550","LIG넥스원","soph_handoff_lig_nex1_v1_INPUT_PACKAGE_FOR_SOPH.zip","6D80973D4B163EC910512E36086E81A63E967E96045C065BC121A29ACE225C05","[LIG디펜스앤에어로스페이스]분기보고서_IFRS(원문XBRL)(2025.11.14).zip","701EC2262A408562C54C3DB6113F69872B27E9C10F012865F71AB7F0C2861233","6","entity00503668_2025-09-30_lab-ko.xml","entity00503668_2025-09-30_lab-ko.xml",".xml","2476940","113738","False","False","True","False","False","False","0D52EF7E14F429CA27D6091AC3B179CDD0CAA76E3B0349B7D4B7AC019FB3021C","PASS",""
"079550","LIG넥스원","soph_handoff_lig_nex1_v1_INPUT_PACKAGE_FOR_SOPH.zip","6D80973D4B163EC910512E36086E81A63E967E96045C065BC121A29ACE225C05","[LIG디펜스앤에어로스페이스]분기보고서_IFRS(원문XBRL)(2025.11.14).zip","701EC2262A408562C54C3DB6113F69872B27E9C10F012865F71AB7F0C2861233","7","entity00503668_2025-09-30_lab-en.xml","entity00503668_2025-09-30_lab-en.xml",".xml","2509399","107764","False","False","True","False","False","False","8DCCB00D8F31052AE44E2F510CACF684B740F71B581F65E23B82EBCC00F94D95","PASS",""
"079550","LIG넥스원","soph_handoff_lig_nex1_v1_INPUT_PACKAGE_FOR_SOPH.zip","6D80973D4B163EC910512E36086E81A63E967E96045C065BC121A29ACE225C05","[LIG디펜스앤에어로스페이스]분기보고서_IFRS(원문XBRL)(2026.05.15).zip","5949ED8DA3F7A33CAED1E9F78179F7BB5D56B7831F892ABEC64C42D832B72292","1","entity00503668_2026-03-31.xbrl","entity00503668_2026-03-31.xbrl",".xbrl","4786845","220137","True","False","False","False","False","False","68F708B4D6CD46BA2D4C95A04FB47D083773156C06CB56AE4C349B2FD9BE6F80","PASS",""
"079550","LIG넥스원","soph_handoff_lig_nex1_v1_INPUT_PACKAGE_FOR_SOPH.zip","6D80973D4B163EC910512E36086E81A63E967E96045C065BC121A29ACE225C05","[LIG디펜스앤에어로스페이스]분기보고서_IFRS(원문XBRL)(2026.05.15).zip","5949ED8DA3F7A33CAED1E9F78179F7BB5D56B7831F892ABEC64C42D832B72292","2","entity00503668_2026-03-31.xsd","entity00503668_2026-03-31.xsd",".xsd","258640","20874","False","True","False","False","False","False","8AE9EA2D2E5496F1C74B0D335AC90A7AEF763F93788118FD9D5E0CB74E7C6742","PASS",""
"079550","LIG넥스원","soph_handoff_lig_nex1_v1_INPUT_PACKAGE_FOR_SOPH.zip","6D80973D4B163EC910512E36086E81A63E967E96045C065BC121A29ACE225C05","[LIG디펜스앤에어로스페이스]분기보고서_IFRS(원문XBRL)(2026.05.15).zip","5949ED8DA3F7A33CAED1E9F78179F7BB5D56B7831F892ABEC64C42D832B72292","3","entity00503668_2026-03-31_def.xml","entity00503668_2026-03-31_def.xml",".xml","3429490","117799","False","False","False","False","False","True","55777976E1FF95B3B1D7E50D1841CA17CE4EB4292871F4242ED59845F4556EED","PASS",""
"079550","LIG넥스원","soph_handoff_lig_nex1_v1_INPUT_PACKAGE_FOR_SOPH.zip","6D80973D4B163EC910512E36086E81A63E967E96045C065BC121A29ACE225C05","[LIG디펜스앤에어로스페이스]분기보고서_IFRS(원문XBRL)(2026.05.15).zip","5949ED8DA3F7A33CAED1E9F78179F7BB5D56B7831F892ABEC64C42D832B72292","4","entity00503668_2026-03-31_cal.xml","entity00503668_2026-03-31_cal.xml",".xml","159330","6658","False","False","False","False","True","False","65F16A0D82497A15B6BF7827BFE3DC5497CC7735AB3F733B2680E966AB1DFAF0","PASS",""
"079550","LIG넥스원","soph_handoff_lig_nex1_v1_INPUT_PACKAGE_FOR_SOPH.zip","6D80973D4B163EC910512E36086E81A63E967E96045C065BC121A29ACE225C05","[LIG디펜스앤에어로스페이스]분기보고서_IFRS(원문XBRL)(2026.05.15).zip","5949ED8DA3F7A33CAED1E9F78179F7BB5D56B7831F892ABEC64C42D832B72292","5","entity00503668_2026-03-31_pre.xml","entity00503668_2026-03-31_pre.xml",".xml","2537259","104059","False","False","False","True","False","False","054CB8C4D460A8648E84139854215BC9D30BAB22272EBC4AF152B07F3FC28299","PASS",""
"079550","LIG넥스원","soph_handoff_lig_nex1_v1_INPUT_PACKAGE_FOR_SOPH.zip","6D80973D4B163EC910512E36086E81A63E967E96045C065BC121A29ACE225C05","[LIG디펜스앤에어로스페이스]분기보고서_IFRS(원문XBRL)(2026.05.15).zip","5949ED8DA3F7A33CAED1E9F78179F7BB5D56B7831F892ABEC64C42D832B72292","6","entity00503668_2026-03-31_lab-ko.xml","entity00503668_2026-03-31_lab-ko.xml",".xml","2515953","113352","False","False","True","False","False","False","075CB4B4AC27C10129E42EDE1A57ACD8793359D49EC37CE40767E1747A6F7764","PASS",""
"079550","LIG넥스원","soph_handoff_lig_nex1_v1_INPUT_PACKAGE_FOR_SOPH.zip","6D80973D4B163EC910512E36086E81A63E967E96045C065BC121A29ACE225C05","[LIG디펜스앤에어로스페이스]분기보고서_IFRS(원문XBRL)(2026.05.15).zip","5949ED8DA3F7A33CAED1E9F78179F7BB5D56B7831F892ABEC64C42D832B72292","7","entity00503668_2026-03-31_lab-en.xml","entity00503668_2026-03-31_lab-en.xml",".xml","2550878","108250","False","False","True","False","False","False","171328881A92444352289FF9A6AFBAD42472508A6485C97F46D5D5A5B037C21B","PASS",""
"079550","LIG넥스원","soph_handoff_lig_nex1_v1_INPUT_PACKAGE_FOR_SOPH.zip","6D80973D4B163EC910512E36086E81A63E967E96045C065BC121A29ACE225C05","[LIG디펜스앤에어로스페이스]사업보고서_IFRS(원문XBRL)(2023.03.17).zip","C452B373D73C588CB961A6CB5BC76314996D8089669B566D8C6302DDB8E4514E","1","00503668_2015-11-13.xbrl","00503668_2015-11-13.xbrl",".xbrl","254920","12470","True","False","False","False","False","False","6D83E0D67FCFDEE8D8BBABF2A7AC9A376A5505F509BF782D1DDDCAD6FE813D6D","PASS",""
"079550","LIG넥스원","soph_handoff_lig_nex1_v1_INPUT_PACKAGE_FOR_SOPH.zip","6D80973D4B163EC910512E36086E81A63E967E96045C065BC121A29ACE225C05","[LIG디펜스앤에어로스페이스]사업보고서_IFRS(원문XBRL)(2023.03.17).zip","C452B373D73C588CB961A6CB5BC76314996D8089669B566D8C6302DDB8E4514E","2","00503668_entry_point_2015-11-13.xsd","00503668_entry_point_2015-11-13.xsd",".xsd","6610","1142","False","True","False","False","False","False","F54405477F3F1B9928769A9798F7E05F8295DCABCF3498E4CB7FFBB4F5D17C7E","PASS",""
"079550","LIG넥스원","soph_handoff_lig_nex1_v1_INPUT_PACKAGE_FOR_SOPH.zip","6D80973D4B163EC910512E36086E81A63E967E96045C065BC121A29ACE225C05","[LIG디펜스앤에어로스페이스]사업보고서_IFRS(원문XBRL)(2023.03.17).zip","C452B373D73C588CB961A6CB5BC76314996D8089669B566D8C6302DDB8E4514E","3","ifrs_for_00503668/dimensions_ifrs_for_00503668/dim_ifrs_for_00503668_2015-11-13.xml","dim_ifrs_for_00503668_2015-11-13.xml",".xml","1430686","61349","True","False","False","False","False","False","0DD4FFC6204AFDD307DC332C272B9B773C66FEC109705943C583D7EC575853A2","PASS",""
"079550","LIG넥스원","soph_handoff_lig_nex1_v1_INPUT_PACKAGE_FOR_SOPH.zip","6D80973D4B163EC910512E36086E81A63E967E96045C065BC121A29ACE225C05","[LIG디펜스앤에어로스페이스]사업보고서_IFRS(원문XBRL)(2023.03.17).zip","C452B373D73C588CB961A6CB5BC76314996D8089669B566D8C6302DDB8E4514E","4","ifrs_for_00503668/dimensions_ifrs_for_00503668/cal_ifrs_for_00503668_2015-11-13.xml","cal_ifrs_for_00503668_2015-11-13.xml",".xml","1376309","57828","True","False","False","False","False","False","ABD345BFD3831D7990ACC112BE95A45597116CF9A7A046EC312A8FFE075D1F14","PASS",""
"079550","LIG넥스원","soph_handoff_lig_nex1_v1_INPUT_PACKAGE_FOR_SOPH.zip","6D80973D4B163EC910512E36086E81A63E967E96045C065BC121A29ACE225C05","[LIG디펜스앤에어로스페이스]사업보고서_IFRS(원문XBRL)(2023.03.17).zip","C452B373D73C588CB961A6CB5BC76314996D8089669B566D8C6302DDB8E4514E","5","ifrs_for_00503668/dimensions_ifrs_for_00503668/pre_ifrs_for_00503668_2015-11-13.xml","pre_ifrs_for_00503668_2015-11-13.xml",".xml","1460547","62240","True","False","False","False","False","False","8670CA0EF9FF4BED57BE254F71B13A975E59ACDE424DDBD730982540DC7140FC","PASS",""
"079550","LIG넥스원","soph_handoff_lig_nex1_v1_INPUT_PACKAGE_FOR_SOPH.zip","6D80973D4B163EC910512E36086E81A63E967E96045C065BC121A29ACE225C05","[LIG디펜스앤에어로스페이스]사업보고서_IFRS(원문XBRL)(2023.03.17).zip","C452B373D73C588CB961A6CB5BC76314996D8089669B566D8C6302DDB8E4514E","6","ifrs_for_00503668/dimensions_ifrs_for_00503668/role_ifrs_for_00503668-dim_2015-11-13.xsd","role_ifrs_for_00503668-dim_2015-11-13.xsd",".xsd","649","311","False","True","False","False","False","False","042D27178AB7B75444ED80D5BA1DD8213913752AB19EDC80349789A8A7CB29AB","PASS",""
"079550","LIG넥스원","soph_handoff_lig_nex1_v1_INPUT_PACKAGE_FOR_SOPH.zip","6D80973D4B163EC910512E36086E81A63E967E96045C065BC121A29ACE225C05","[LIG디펜스앤에어로스페이스]사업보고서_IFRS(원문XBRL)(2023.03.17).zip","C452B373D73C588CB961A6CB5BC76314996D8089669B566D8C6302DDB8E4514E","7","labels/lab_00503668-ko_2015-11-13.xml","lab_00503668-ko_2015-11-13.xml",".xml","34056","2604","True","False","False","False","False","False","E05F5864BC773E6C7C88AD88B90C00CD254B5697399BE27CC581DB22E3FD7A8D","PASS",""
"079550","LIG넥스원","soph_handoff_lig_nex1_v1_INPUT_PACKAGE_FOR_SOPH.zip","6D80973D4B163EC910512E36086E81A63E967E96045C065BC121A29ACE225C05","[LIG디펜스앤에어로스페이스]사업보고서_IFRS(원문XBRL)(2023.03.17).zip","C452B373D73C588CB961A6CB5BC76314996D8089669B566D8C6302DDB8E4514E","8","labels/lab_00503668-en_2015-11-13.xml","lab_00503668-en_2015-11-13.xml",".xml","27089","2123","True","False","False","False","False","False","6ECB0BEF117A970033C8F24871F8B3359D9932D83E06A4367434C27D5C41624C","PASS",""
"079550","LIG넥스원","soph_handoff_lig_nex1_v1_INPUT_PACKAGE_FOR_SOPH.zip","6D80973D4B163EC910512E36086E81A63E967E96045C065BC121A29ACE225C05","[LIG디펜스앤에어로스페이스]사업보고서_IFRS(원문XBRL)(2025.03.21).zip","4E2BBF259A8663B138223844A3EEC073F7394EEB156122F0D8C056234208C651","1","entity00503668_2024-12-31.xbrl","entity00503668_2024-12-31.xbrl",".xbrl","3745458","160500","True","False","False","False","False","False","34C1982BF1BB34EBB2D1A8BC1A3A93FBD040F959059750ECD92B83F3A71D4A3A","PASS",""
"079550","LIG넥스원","soph_handoff_lig_nex1_v1_INPUT_PACKAGE_FOR_SOPH.zip","6D80973D4B163EC910512E36086E81A63E967E96045C065BC121A29ACE225C05","[LIG디펜스앤에어로스페이스]사업보고서_IFRS(원문XBRL)(2025.03.21).zip","4E2BBF259A8663B138223844A3EEC073F7394EEB156122F0D8C056234208C651","2","entity00503668_2024-12-31.xsd","entity00503668_2024-12-31.xsd",".xsd","263988","17606","False","True","False","False","False","False","C02A657AC5A7F38BB44B35913B5C190F9145ECE6AD057B3BBFC2F4ED180D01AA","PASS",""
"079550","LIG넥스원","soph_handoff_lig_nex1_v1_INPUT_PACKAGE_FOR_SOPH.zip","6D80973D4B163EC910512E36086E81A63E967E96045C065BC121A29ACE225C05","[LIG디펜스앤에어로스페이스]사업보고서_IFRS(원문XBRL)(2025.03.21).zip","4E2BBF259A8663B138223844A3EEC073F7394EEB156122F0D8C056234208C651","3","entity00503668_2024-12-31_def.xml","entity00503668_2024-12-31_def.xml",".xml","3810496","133211","False","False","False","False","False","True","A4BF7EA42BB0CC272C16D7191A84C2A6BDFA7CE6319D5EEFB294360D824D9B34","PASS",""
"079550","LIG넥스원","soph_handoff_lig_nex1_v1_INPUT_PACKAGE_FOR_SOPH.zip","6D80973D4B163EC910512E36086E81A63E967E96045C065BC121A29ACE225C05","[LIG디펜스앤에어로스페이스]사업보고서_IFRS(원문XBRL)(2025.03.21).zip","4E2BBF259A8663B138223844A3EEC073F7394EEB156122F0D8C056234208C651","4","entity00503668_2024-12-31_cal.xml","entity00503668_2024-12-31_cal.xml",".xml","176845","8219","False","False","False","False","True","False","95D154F7791B341FE7F195EA2DF2D96D49654E4EC40EA3FD35999B3CE201DF63","PASS",""
"079550","LIG넥스원","soph_handoff_lig_nex1_v1_INPUT_PACKAGE_FOR_SOPH.zip","6D80973D4B163EC910512E36086E81A63E967E96045C065BC121A29ACE225C05","[LIG디펜스앤에어로스페이스]사업보고서_IFRS(원문XBRL)(2025.03.21).zip","4E2BBF259A8663B138223844A3EEC073F7394EEB156122F0D8C056234208C651","5","entity00503668_2024-12-31_pre.xml","entity00503668_2024-12-31_pre.xml",".xml","2771486","117701","False","False","False","True","False","False","95BD8D820C04C75FC9C13B96CC864678408C5CC59A3C5C07C65A1EEE06C87C10","PASS",""
"079550","LIG넥스원","soph_handoff_lig_nex1_v1_INPUT_PACKAGE_FOR_SOPH.zip","6D80973D4B163EC910512E36086E81A63E967E96045C065BC121A29ACE225C05","[LIG디펜스앤에어로스페이스]사업보고서_IFRS(원문XBRL)(2025.03.21).zip","4E2BBF259A8663B138223844A3EEC073F7394EEB156122F0D8C056234208C651","6","entity00503668_2024-12-31_lab-ko.xml","entity00503668_2024-12-31_lab-ko.xml",".xml","2656183","123287","False","False","True","False","False","False","5DCEA88E272766E616AB44C59342B30F083E9F79A102B8F9090EDE3E04987238","PASS",""
"079550","LIG넥스원","soph_handoff_lig_nex1_v1_INPUT_PACKAGE_FOR_SOPH.zip","6D80973D4B163EC910512E36086E81A63E967E96045C065BC121A29ACE225C05","[LIG디펜스앤에어로스페이스]사업보고서_IFRS(원문XBRL)(2025.03.21).zip","4E2BBF259A8663B138223844A3EEC073F7394EEB156122F0D8C056234208C651","7","entity00503668_2024-12-31_lab-en.xml","entity00503668_2024-12-31_lab-en.xml",".xml","2694352","117852","False","False","True","False","False","False","F4EE57D60F4DB59C7308959485AFAA7B11106AB15CA8D1272E3FF0C91FF901B9","PASS",""
"079550","LIG넥스원","soph_handoff_lig_nex1_v1_INPUT_PACKAGE_FOR_SOPH.zip","6D80973D4B163EC910512E36086E81A63E967E96045C065BC121A29ACE225C05","[LIG디펜스앤에어로스페이스]사업보고서_IFRS(원문XBRL)(2026.03.23).zip","466D380A210D2B820A05A9063E795630E2B390D9F62D9028C8FE874B83D9DFD0","1","entity00503668_2025-12-31.xbrl","entity00503668_2025-12-31.xbrl",".xbrl","5657763","243690","True","False","False","False","False","False","59760755F393C9CDA78AF3866C377798D4D526D34BFFCCD248DFD13F5C8E6BC4","PASS",""
"079550","LIG넥스원","soph_handoff_lig_nex1_v1_INPUT_PACKAGE_FOR_SOPH.zip","6D80973D4B163EC910512E36086E81A63E967E96045C065BC121A29ACE225C05","[LIG디펜스앤에어로스페이스]사업보고서_IFRS(원문XBRL)(2026.03.23).zip","466D380A210D2B820A05A9063E795630E2B390D9F62D9028C8FE874B83D9DFD0","2","entity00503668_2025-12-31.xsd","entity00503668_2025-12-31.xsd",".xsd","306435","24667","False","True","False","False","False","False","3F0EE9A3292846B9DEEB7EC68718D859346AA0BCFF0AD0DA0A47526B2B0CC618","PASS",""
"079550","LIG넥스원","soph_handoff_lig_nex1_v1_INPUT_PACKAGE_FOR_SOPH.zip","6D80973D4B163EC910512E36086E81A63E967E96045C065BC121A29ACE225C05","[LIG디펜스앤에어로스페이스]사업보고서_IFRS(원문XBRL)(2026.03.23).zip","466D380A210D2B820A05A9063E795630E2B390D9F62D9028C8FE874B83D9DFD0","3","entity00503668_2025-12-31_def.xml","entity00503668_2025-12-31_def.xml",".xml","4065698","142070","False","False","False","False","False","True","E65F7E1AC62F3544FB5AE7607B7747C2DA1238C6F9145AA9EE5CBAAF81A88690","PASS",""
"079550","LIG넥스원","soph_handoff_lig_nex1_v1_INPUT_PACKAGE_FOR_SOPH.zip","6D80973D4B163EC910512E36086E81A63E967E96045C065BC121A29ACE225C05","[LIG디펜스앤에어로스페이스]사업보고서_IFRS(원문XBRL)(2026.03.23).zip","466D380A210D2B820A05A9063E795630E2B390D9F62D9028C8FE874B83D9DFD0","4","entity00503668_2025-12-31_cal.xml","entity00503668_2025-12-31_cal.xml",".xml","171826","7316","False","False","False","False","True","False","31BE7277625979AE48DAEF5197E145D7F22902E2036826A8C3FE895AB9EE1314","PASS",""
"079550","LIG넥스원","soph_handoff_lig_nex1_v1_INPUT_PACKAGE_FOR_SOPH.zip","6D80973D4B163EC910512E36086E81A63E967E96045C065BC121A29ACE225C05","[LIG디펜스앤에어로스페이스]사업보고서_IFRS(원문XBRL)(2026.03.23).zip","466D380A210D2B820A05A9063E795630E2B390D9F62D9028C8FE874B83D9DFD0","5","entity00503668_2025-12-31_pre.xml","entity00503668_2025-12-31_pre.xml",".xml","2980531","124996","False","False","False","True","False","False","CBD1935DDFB09698E1F11462550DCF748E5EF5337D15CF48069F02E009D3CB1E","PASS",""
"079550","LIG넥스원","soph_handoff_lig_nex1_v1_INPUT_PACKAGE_FOR_SOPH.zip","6D80973D4B163EC910512E36086E81A63E967E96045C065BC121A29ACE225C05","[LIG디펜스앤에어로스페이스]사업보고서_IFRS(원문XBRL)(2026.03.23).zip","466D380A210D2B820A05A9063E795630E2B390D9F62D9028C8FE874B83D9DFD0","6","entity00503668_2025-12-31_lab-ko.xml","entity00503668_2025-12-31_lab-ko.xml",".xml","3019258","137027","False","False","True","False","False","False","7A98099B1815543F7A301AA942FCF94DEA6B8A76D4DEADDEC258AF21192064AE","PASS",""
"079550","LIG넥스원","soph_handoff_lig_nex1_v1_INPUT_PACKAGE_FOR_SOPH.zip","6D80973D4B163EC910512E36086E81A63E967E96045C065BC121A29ACE225C05","[LIG디펜스앤에어로스페이스]사업보고서_IFRS(원문XBRL)(2026.03.23).zip","466D380A210D2B820A05A9063E795630E2B390D9F62D9028C8FE874B83D9DFD0","7","entity00503668_2025-12-31_lab-en.xml","entity00503668_2025-12-31_lab-en.xml",".xml","3059538","130944","False","False","True","False","False","False","9549DCF738F50A21C0D72D9618F07DBC350E7A4F5670C4E2C2FF8C02B57CB0ED","PASS",""
