"security_id","company_name","package_file_name","package_sha256","entry_sequence","entry_relative_path","entry_file_name","entry_extension","uncompressed_bytes","compressed_bytes","is_raw_files_entry","is_pdf","is_excel","is_nested_zip","is_xbrl_named_zip"
"064350","현대로템","soph_handoff_hyundai_rotem_v1.zip","EC0974326CBDCBD06B36919ABDAC05F9395D0DB7443278C35E39422A3CF158EB","1","soph_handoff_hyundai_rotem_v1/context_registration_rules_hyundai_rotem.csv","context_registration_rules_hyundai_rotem.csv",".csv","1252","707","False","False","False","False","False"
"064350","현대로템","soph_handoff_hyundai_rotem_v1.zip","EC0974326CBDCBD06B36919ABDAC05F9395D0DB7443278C35E39422A3CF158EB","2","soph_handoff_hyundai_rotem_v1/context_unresolved_reason_registry_hyundai_rotem.csv","context_unresolved_reason_registry_hyundai_rotem.csv",".csv","1987","926","False","False","False","False","False"
"064350","현대로템","soph_handoff_hyundai_rotem_v1.zip","EC0974326CBDCBD06B36919ABDAC05F9395D0DB7443278C35E39422A3CF158EB","3","soph_handoff_hyundai_rotem_v1/dart_report_inventory_kr9.csv","dart_report_inventory_kr9.csv",".csv","13582","1547","False","False","False","False","False"
"064350","현대로템","soph_handoff_hyundai_rotem_v1.zip","EC0974326CBDCBD06B36919ABDAC05F9395D0DB7443278C35E39422A3CF158EB","4","soph_handoff_hyundai_rotem_v1/pdf_context_evidence_hyundai_rotem.csv","pdf_context_evidence_hyundai_rotem.csv",".csv","88616","6517","False","False","False","False","False"
"064350","현대로템","soph_handoff_hyundai_rotem_v1.zip","EC0974326CBDCBD06B36919ABDAC05F9395D0DB7443278C35E39422A3CF158EB","5","soph_handoff_hyundai_rotem_v1/pdf_date_consistency_hyundai_rotem.csv","pdf_date_consistency_hyundai_rotem.csv",".csv","6118","1154","False","False","False","False","False"
"064350","현대로템","soph_handoff_hyundai_rotem_v1.zip","EC0974326CBDCBD06B36919ABDAC05F9395D0DB7443278C35E39422A3CF158EB","6","soph_handoff_hyundai_rotem_v1/pdf_section_content_by_sheet_hyundai_rotem.csv","pdf_section_content_by_sheet_hyundai_rotem.csv",".csv","2394927","345442","False","False","False","False","False"
"064350","현대로템","soph_handoff_hyundai_rotem_v1.zip","EC0974326CBDCBD06B36919ABDAC05F9395D0DB7443278C35E39422A3CF158EB","7","soph_handoff_hyundai_rotem_v1/pdf_section_content_by_sheet_hyundai_rotem_mapped.csv","pdf_section_content_by_sheet_hyundai_rotem_mapped.csv",".csv","3416812","380741","False","False","False","False","False"
"064350","현대로템","soph_handoff_hyundai_rotem_v1.zip","EC0974326CBDCBD06B36919ABDAC05F9395D0DB7443278C35E39422A3CF158EB","8","soph_handoff_hyundai_rotem_v1/recent5y_filter_hyundai_rotem.csv","recent5y_filter_hyundai_rotem.csv",".csv","8780","1074","False","False","False","False","False"
"064350","현대로템","soph_handoff_hyundai_rotem_v1.zip","EC0974326CBDCBD06B36919ABDAC05F9395D0DB7443278C35E39422A3CF158EB","9","soph_handoff_hyundai_rotem_v1/sheet_scope_address_mapping_hyundai_rotem.csv","sheet_scope_address_mapping_hyundai_rotem.csv",".csv","4742","1240","False","False","False","False","False"
"064350","현대로템","soph_handoff_hyundai_rotem_v1.zip","EC0974326CBDCBD06B36919ABDAC05F9395D0DB7443278C35E39422A3CF158EB","10","soph_handoff_hyundai_rotem_v1/SOPH_DART_064350_현대로템_공시자료_정제본_v0.xlsx","SOPH_DART_064350_현대로템_공시자료_정제본_v0.xlsx",".xlsx","28133","25667","False","False","True","False","False"
"064350","현대로템","soph_handoff_hyundai_rotem_v1.zip","EC0974326CBDCBD06B36919ABDAC05F9395D0DB7443278C35E39422A3CF158EB","11","soph_handoff_hyundai_rotem_v1/SOPH_DART_064350_현대로템_공시자료_정제본_v1.xlsx","SOPH_DART_064350_현대로템_공시자료_정제본_v1.xlsx",".xlsx","50488","47072","False","False","True","False","False"
"064350","현대로템","soph_handoff_hyundai_rotem_v1.zip","EC0974326CBDCBD06B36919ABDAC05F9395D0DB7443278C35E39422A3CF158EB","12","soph_handoff_hyundai_rotem_v1/SOPH_DART_064350_현대로템_공시자료_정제본_v2.xlsx","SOPH_DART_064350_현대로템_공시자료_정제본_v2.xlsx",".xlsx","73660","68464","False","False","True","False","False"
"064350","현대로템","soph_handoff_hyundai_rotem_v1.zip","EC0974326CBDCBD06B36919ABDAC05F9395D0DB7443278C35E39422A3CF158EB","13","soph_handoff_hyundai_rotem_v1/SOPH_DART_064350_현대로템_공시자료_정제본_v3.xlsx","SOPH_DART_064350_현대로템_공시자료_정제본_v3.xlsx",".xlsx","101683","94145","False","False","True","False","False"
"064350","현대로템","soph_handoff_hyundai_rotem_v1.zip","EC0974326CBDCBD06B36919ABDAC05F9395D0DB7443278C35E39422A3CF158EB","14","soph_handoff_hyundai_rotem_v1/SOPH_DART_064350_현대로템_공시자료_정제본_v4.xlsx","SOPH_DART_064350_현대로템_공시자료_정제본_v4.xlsx",".xlsx","570117","543221","False","False","True","False","False"
"064350","현대로템","soph_handoff_hyundai_rotem_v1.zip","EC0974326CBDCBD06B36919ABDAC05F9395D0DB7443278C35E39422A3CF158EB","15","soph_handoff_hyundai_rotem_v1/SOPH_DART_064350_현대로템_공시자료_정제본_v4_1.xlsx","SOPH_DART_064350_현대로템_공시자료_정제본_v4_1.xlsx",".xlsx","735344","642299","False","False","True","False","False"
"064350","현대로템","soph_handoff_hyundai_rotem_v1.zip","EC0974326CBDCBD06B36919ABDAC05F9395D0DB7443278C35E39422A3CF158EB","16","soph_handoff_hyundai_rotem_v1/SOPH_DART_064350_현대로템_공시자료_정제본_v4_2.xlsx","SOPH_DART_064350_현대로템_공시자료_정제본_v4_2.xlsx",".xlsx","1638978","1488200","False","False","True","False","False"
"064350","현대로템","soph_handoff_hyundai_rotem_v1.zip","EC0974326CBDCBD06B36919ABDAC05F9395D0DB7443278C35E39422A3CF158EB","17","soph_handoff_hyundai_rotem_v1/SOPH_DART_064350_현대로템_공시자료_정제본_v4_3.xlsx","SOPH_DART_064350_현대로템_공시자료_정제본_v4_3.xlsx",".xlsx","2609707","2330955","False","False","True","False","False"
"064350","현대로템","soph_handoff_hyundai_rotem_v1.zip","EC0974326CBDCBD06B36919ABDAC05F9395D0DB7443278C35E39422A3CF158EB","18","soph_handoff_hyundai_rotem_v1/SOPH_DART_064350_현대로템_공시자료_정제본_v4_4.xlsx","SOPH_DART_064350_현대로템_공시자료_정제본_v4_4.xlsx",".xlsx","3054635","2740710","False","False","True","False","False"
"064350","현대로템","soph_handoff_hyundai_rotem_v1.zip","EC0974326CBDCBD06B36919ABDAC05F9395D0DB7443278C35E39422A3CF158EB","19","soph_handoff_hyundai_rotem_v1/SOPH_DART_064350_현대로템_공시자료_정제본_v4_5.xlsx","SOPH_DART_064350_현대로템_공시자료_정제본_v4_5.xlsx",".xlsx","3070558","2755757","False","False","True","False","False"
"064350","현대로템","soph_handoff_hyundai_rotem_v1.zip","EC0974326CBDCBD06B36919ABDAC05F9395D0DB7443278C35E39422A3CF158EB","20","soph_handoff_hyundai_rotem_v1/SOPH_DART_064350_현대로템_공시자료_정제본_v4_6.xlsx","SOPH_DART_064350_현대로템_공시자료_정제본_v4_6.xlsx",".xlsx","3081347","2765618","False","False","True","False","False"
"064350","현대로템","soph_handoff_hyundai_rotem_v1.zip","EC0974326CBDCBD06B36919ABDAC05F9395D0DB7443278C35E39422A3CF158EB","21","soph_handoff_hyundai_rotem_v1/SOPH_HANDOFF_README_064350_현대로템.md","SOPH_HANDOFF_README_064350_현대로템.md",".md","2495","1267","False","False","False","False","False"
"064350","현대로템","soph_handoff_hyundai_rotem_v1.zip","EC0974326CBDCBD06B36919ABDAC05F9395D0DB7443278C35E39422A3CF158EB","22","soph_handoff_hyundai_rotem_v1/SOPH_HANDOFF_README_064350_현대로템_v4_4.md","SOPH_HANDOFF_README_064350_현대로템_v4_4.md",".md","2127","1091","False","False","False","False","False"
"064350","현대로템","soph_handoff_hyundai_rotem_v1.zip","EC0974326CBDCBD06B36919ABDAC05F9395D0DB7443278C35E39422A3CF158EB","23","soph_handoff_hyundai_rotem_v1/SOPH_HANDOFF_README_064350_현대로템_v4_5.md","SOPH_HANDOFF_README_064350_현대로템_v4_5.md",".md","1833","932","False","False","False","False","False"
"064350","현대로템","soph_handoff_hyundai_rotem_v1.zip","EC0974326CBDCBD06B36919ABDAC05F9395D0DB7443278C35E39422A3CF158EB","24","soph_handoff_hyundai_rotem_v1/SOPH_HANDOFF_README_064350_현대로템_v4_6.md","SOPH_HANDOFF_README_064350_현대로템_v4_6.md",".md","1445","762","False","False","False","False","False"
"064350","현대로템","soph_handoff_hyundai_rotem_v1.zip","EC0974326CBDCBD06B36919ABDAC05F9395D0DB7443278C35E39422A3CF158EB","25","soph_handoff_hyundai_rotem_v1/v3_workbook_integrity_check_hyundai_rotem.csv","v3_workbook_integrity_check_hyundai_rotem.csv",".csv","1618","501","False","False","False","False","False"
"064350","현대로템","soph_handoff_hyundai_rotem_v1.zip","EC0974326CBDCBD06B36919ABDAC05F9395D0DB7443278C35E39422A3CF158EB","26","soph_handoff_hyundai_rotem_v1/v4_1_context_register_hyundai_rotem.csv","v4_1_context_register_hyundai_rotem.csv",".csv","5348054","447999","False","False","False","False","False"
"064350","현대로템","soph_handoff_hyundai_rotem_v1.zip","EC0974326CBDCBD06B36919ABDAC05F9395D0DB7443278C35E39422A3CF158EB","27","soph_handoff_hyundai_rotem_v1/v4_1_context_review_targets_hyundai_rotem.csv","v4_1_context_review_targets_hyundai_rotem.csv",".csv","9217","1292","False","False","False","False","False"
"064350","현대로템","soph_handoff_hyundai_rotem_v1.zip","EC0974326CBDCBD06B36919ABDAC05F9395D0DB7443278C35E39422A3CF158EB","28","soph_handoff_hyundai_rotem_v1/v4_1_mapping_integrity_check_hyundai_rotem.csv","v4_1_mapping_integrity_check_hyundai_rotem.csv",".csv","16207","1178","False","False","False","False","False"
"064350","현대로템","soph_handoff_hyundai_rotem_v1.zip","EC0974326CBDCBD06B36919ABDAC05F9395D0DB7443278C35E39422A3CF158EB","29","soph_handoff_hyundai_rotem_v1/v4_1_reverse_trace_qa_hyundai_rotem.csv","v4_1_reverse_trace_qa_hyundai_rotem.csv",".csv","1303018","128252","False","False","False","False","False"
"064350","현대로템","soph_handoff_hyundai_rotem_v1.zip","EC0974326CBDCBD06B36919ABDAC05F9395D0DB7443278C35E39422A3CF158EB","30","soph_handoff_hyundai_rotem_v1/v4_2_context_integrity_check_hyundai_rotem.csv","v4_2_context_integrity_check_hyundai_rotem.csv",".csv","4401","712","False","False","False","False","False"
"064350","현대로템","soph_handoff_hyundai_rotem_v1.zip","EC0974326CBDCBD06B36919ABDAC05F9395D0DB7443278C35E39422A3CF158EB","31","soph_handoff_hyundai_rotem_v1/v4_3_manual_review_integrity_check_hyundai_rotem.csv","v4_3_manual_review_integrity_check_hyundai_rotem.csv",".csv","10731","1155","False","False","False","False","False"
"064350","현대로템","soph_handoff_hyundai_rotem_v1.zip","EC0974326CBDCBD06B36919ABDAC05F9395D0DB7443278C35E39422A3CF158EB","32","soph_handoff_hyundai_rotem_v1/v4_4_memo_thread_integrity_check_hyundai_rotem.csv","v4_4_memo_thread_integrity_check_hyundai_rotem.csv",".csv","8727","1096","False","False","False","False","False"
"064350","현대로템","soph_handoff_hyundai_rotem_v1.zip","EC0974326CBDCBD06B36919ABDAC05F9395D0DB7443278C35E39422A3CF158EB","33","soph_handoff_hyundai_rotem_v1/v4_5_quality_transparency_integrity_check_hyundai_rotem.csv","v4_5_quality_transparency_integrity_check_hyundai_rotem.csv",".csv","9636","1355","False","False","False","False","False"
"064350","현대로템","soph_handoff_hyundai_rotem_v1.zip","EC0974326CBDCBD06B36919ABDAC05F9395D0DB7443278C35E39422A3CF158EB","34","soph_handoff_hyundai_rotem_v1/v4_6_visual_quality_integrity_check_hyundai_rotem.csv","v4_6_visual_quality_integrity_check_hyundai_rotem.csv",".csv","7000","1246","False","False","False","False","False"
"064350","현대로템","soph_handoff_hyundai_rotem_v1.zip","EC0974326CBDCBD06B36919ABDAC05F9395D0DB7443278C35E39422A3CF158EB","35","soph_handoff_hyundai_rotem_v1/v4_reverse_trace_qa_hyundai_rotem.csv","v4_reverse_trace_qa_hyundai_rotem.csv",".csv","1027201","72960","False","False","False","False","False"
"064350","현대로템","soph_handoff_hyundai_rotem_v1.zip","EC0974326CBDCBD06B36919ABDAC05F9395D0DB7443278C35E39422A3CF158EB","36","soph_handoff_hyundai_rotem_v1/package_close_docs/DART_064350_현대로템_v4_5_최종자기검사보고서.md","DART_064350_현대로템_v4_5_최종자기검사보고서.md",".md","1161","681","False","False","False","False","False"
"064350","현대로템","soph_handoff_hyundai_rotem_v1.zip","EC0974326CBDCBD06B36919ABDAC05F9395D0DB7443278C35E39422A3CF158EB","37","soph_handoff_hyundai_rotem_v1/package_close_docs/DART_064350_현대로템_v4_6_최종자기검사보고서.md","DART_064350_현대로템_v4_6_최종자기검사보고서.md",".md","739","519","False","False","False","False","False"
"064350","현대로템","soph_handoff_hyundai_rotem_v1.zip","EC0974326CBDCBD06B36919ABDAC05F9395D0DB7443278C35E39422A3CF158EB","38","soph_handoff_hyundai_rotem_v1/package_close_docs/DART_064350_현대로템_감사추적형_최종인계보고서_v4_5.md","DART_064350_현대로템_감사추적형_최종인계보고서_v4_5.md",".md","14715","4939","False","False","False","False","False"
"064350","현대로템","soph_handoff_hyundai_rotem_v1.zip","EC0974326CBDCBD06B36919ABDAC05F9395D0DB7443278C35E39422A3CF158EB","39","soph_handoff_hyundai_rotem_v1/package_close_docs/DART_064350_현대로템_감사추적형_최종인계보고서_v4_6.md","DART_064350_현대로템_감사추적형_최종인계보고서_v4_6.md",".md","7446","2928","False","False","False","False","False"
"064350","현대로템","soph_handoff_hyundai_rotem_v1.zip","EC0974326CBDCBD06B36919ABDAC05F9395D0DB7443278C35E39422A3CF158EB","40","soph_handoff_hyundai_rotem_v1/package_close_docs/DART_064350_현대로템_분류및검증상세서.md","DART_064350_현대로템_분류및검증상세서.md",".md","4508","2027","False","False","False","False","False"
"064350","현대로템","soph_handoff_hyundai_rotem_v1.zip","EC0974326CBDCBD06B36919ABDAC05F9395D0DB7443278C35E39422A3CF158EB","41","soph_handoff_hyundai_rotem_v1/package_close_docs/DART_064350_현대로템_사용로직설명서.md","DART_064350_현대로템_사용로직설명서.md",".md","2641","1301","False","False","False","False","False"
"064350","현대로템","soph_handoff_hyundai_rotem_v1.zip","EC0974326CBDCBD06B36919ABDAC05F9395D0DB7443278C35E39422A3CF158EB","42","soph_handoff_hyundai_rotem_v1/package_close_docs/DART_064350_현대로템_시각자료목차_v4_6.md","DART_064350_현대로템_시각자료목차_v4_6.md",".md","3586","1296","False","False","False","False","False"
"064350","현대로템","soph_handoff_hyundai_rotem_v1.zip","EC0974326CBDCBD06B36919ABDAC05F9395D0DB7443278C35E39422A3CF158EB","43","soph_handoff_hyundai_rotem_v1/package_close_docs/DART_064350_현대로템_시각자료및품질지표설명서_v4_6.md","DART_064350_현대로템_시각자료및품질지표설명서_v4_6.md",".md","1401","758","False","False","False","False","False"
"064350","현대로템","soph_handoff_hyundai_rotem_v1.zip","EC0974326CBDCBD06B36919ABDAC05F9395D0DB7443278C35E39422A3CF158EB","44","soph_handoff_hyundai_rotem_v1/package_close_docs/DART_064350_현대로템_진단종합서.md","DART_064350_현대로템_진단종합서.md",".md","3386","1544","False","False","False","False","False"
"064350","현대로템","soph_handoff_hyundai_rotem_v1.zip","EC0974326CBDCBD06B36919ABDAC05F9395D0DB7443278C35E39422A3CF158EB","45","soph_handoff_hyundai_rotem_v1/package_close_docs/DART_064350_현대로템_최종마감로그_v4_5.csv","DART_064350_현대로템_최종마감로그_v4_5.csv",".csv","616","357","False","False","False","False","False"
"064350","현대로템","soph_handoff_hyundai_rotem_v1.zip","EC0974326CBDCBD06B36919ABDAC05F9395D0DB7443278C35E39422A3CF158EB","46","soph_handoff_hyundai_rotem_v1/package_close_docs/DART_064350_현대로템_최종마감로그_v4_6.csv","DART_064350_현대로템_최종마감로그_v4_6.csv",".csv","643","353","False","False","False","False","False"
"064350","현대로템","soph_handoff_hyundai_rotem_v1.zip","EC0974326CBDCBD06B36919ABDAC05F9395D0DB7443278C35E39422A3CF158EB","47","soph_handoff_hyundai_rotem_v1/package_close_docs/DART_064350_현대로템_팀공유문안_v4_6.md","DART_064350_현대로템_팀공유문안_v4_6.md",".md","1294","723","False","False","False","False","False"
"064350","현대로템","soph_handoff_hyundai_rotem_v1.zip","EC0974326CBDCBD06B36919ABDAC05F9395D0DB7443278C35E39422A3CF158EB","48","soph_handoff_hyundai_rotem_v1/package_close_docs/DART_064350_현대로템_패키지지도및인계서.md","DART_064350_현대로템_패키지지도및인계서.md",".md","2939","1434","False","False","False","False","False"
"064350","현대로템","soph_handoff_hyundai_rotem_v1.zip","EC0974326CBDCBD06B36919ABDAC05F9395D0DB7443278C35E39422A3CF158EB","49","soph_handoff_hyundai_rotem_v1/package_close_docs/package_close_manifest_hyundai_rotem.csv","package_close_manifest_hyundai_rotem.csv",".csv","4435","717","False","False","False","False","False"
"064350","현대로템","soph_handoff_hyundai_rotem_v1.zip","EC0974326CBDCBD06B36919ABDAC05F9395D0DB7443278C35E39422A3CF158EB","50","soph_handoff_hyundai_rotem_v1/package_close_docs/package_close_manifest_hyundai_rotem.json","package_close_manifest_hyundai_rotem.json",".json","8068","1103","False","False","False","False","False"
"064350","현대로템","soph_handoff_hyundai_rotem_v1.zip","EC0974326CBDCBD06B36919ABDAC05F9395D0DB7443278C35E39422A3CF158EB","51","soph_handoff_hyundai_rotem_v1/package_close_docs/package_close_manifest_hyundai_rotem_v4_5.csv","package_close_manifest_hyundai_rotem_v4_5.csv",".csv","1713","528","False","False","False","False","False"
"064350","현대로템","soph_handoff_hyundai_rotem_v1.zip","EC0974326CBDCBD06B36919ABDAC05F9395D0DB7443278C35E39422A3CF158EB","52","soph_handoff_hyundai_rotem_v1/package_close_docs/package_close_manifest_hyundai_rotem_v4_5.json","package_close_manifest_hyundai_rotem_v4_5.json",".json","4089","804","False","False","False","False","False"
"064350","현대로템","soph_handoff_hyundai_rotem_v1.zip","EC0974326CBDCBD06B36919ABDAC05F9395D0DB7443278C35E39422A3CF158EB","53","soph_handoff_hyundai_rotem_v1/package_close_docs/package_close_manifest_hyundai_rotem_v4_6.csv","package_close_manifest_hyundai_rotem_v4_6.csv",".csv","6795","859","False","False","False","False","False"
"064350","현대로템","soph_handoff_hyundai_rotem_v1.zip","EC0974326CBDCBD06B36919ABDAC05F9395D0DB7443278C35E39422A3CF158EB","54","soph_handoff_hyundai_rotem_v1/package_close_docs/package_close_manifest_hyundai_rotem_v4_6.json","package_close_manifest_hyundai_rotem_v4_6.json",".json","10985","1170","False","False","False","False","False"
"064350","현대로템","soph_handoff_hyundai_rotem_v1.zip","EC0974326CBDCBD06B36919ABDAC05F9395D0DB7443278C35E39422A3CF158EB","55","soph_handoff_hyundai_rotem_v1/package_close_docs/package_contents_inventory_v4_6.csv","package_contents_inventory_v4_6.csv",".csv","21320","3032","False","False","False","False","False"
"064350","현대로템","soph_handoff_hyundai_rotem_v1.zip","EC0974326CBDCBD06B36919ABDAC05F9395D0DB7443278C35E39422A3CF158EB","56","soph_handoff_hyundai_rotem_v1/package_close_docs/package_full_file_inventory_hyundai_rotem.csv","package_full_file_inventory_hyundai_rotem.csv",".csv","22157","2258","False","False","False","False","False"
"064350","현대로템","soph_handoff_hyundai_rotem_v1.zip","EC0974326CBDCBD06B36919ABDAC05F9395D0DB7443278C35E39422A3CF158EB","57","soph_handoff_hyundai_rotem_v1/package_close_docs/package_tree_v4_6.txt","package_tree_v4_6.txt",".txt","12894","1674","False","False","False","False","False"
"064350","현대로템","soph_handoff_hyundai_rotem_v1.zip","EC0974326CBDCBD06B36919ABDAC05F9395D0DB7443278C35E39422A3CF158EB","58","soph_handoff_hyundai_rotem_v1/package_close_docs/v4_5_final_package_self_check_hyundai_rotem.csv","v4_5_final_package_self_check_hyundai_rotem.csv",".csv","5794","809","False","False","False","False","False"
"064350","현대로템","soph_handoff_hyundai_rotem_v1.zip","EC0974326CBDCBD06B36919ABDAC05F9395D0DB7443278C35E39422A3CF158EB","59","soph_handoff_hyundai_rotem_v1/package_close_docs/v4_5_final_package_self_check_hyundai_rotem.json","v4_5_final_package_self_check_hyundai_rotem.json",".json","706","380","False","False","False","False","False"
"064350","현대로템","soph_handoff_hyundai_rotem_v1.zip","EC0974326CBDCBD06B36919ABDAC05F9395D0DB7443278C35E39422A3CF158EB","60","soph_handoff_hyundai_rotem_v1/package_close_docs/v4_6_final_package_self_check_hyundai_rotem.csv","v4_6_final_package_self_check_hyundai_rotem.csv",".csv","8058","912","False","False","False","False","False"
"064350","현대로템","soph_handoff_hyundai_rotem_v1.zip","EC0974326CBDCBD06B36919ABDAC05F9395D0DB7443278C35E39422A3CF158EB","61","soph_handoff_hyundai_rotem_v1/package_close_docs/v4_6_final_package_self_check_hyundai_rotem.json","v4_6_final_package_self_check_hyundai_rotem.json",".json","263","178","False","False","False","False","False"
"064350","현대로템","soph_handoff_hyundai_rotem_v1.zip","EC0974326CBDCBD06B36919ABDAC05F9395D0DB7443278C35E39422A3CF158EB","62","soph_handoff_hyundai_rotem_v1/package_close_docs/visual_materials_toc_hyundai_rotem_v4_6.csv","visual_materials_toc_hyundai_rotem_v4_6.csv",".csv","2453","1093","False","False","False","False","False"
"064350","현대로템","soph_handoff_hyundai_rotem_v1.zip","EC0974326CBDCBD06B36919ABDAC05F9395D0DB7443278C35E39422A3CF158EB","63","soph_handoff_hyundai_rotem_v1/qa_files/dart_pdf_toc_entries_kr9.csv","dart_pdf_toc_entries_kr9.csv",".csv","279244","16977","False","False","False","False","False"
"064350","현대로템","soph_handoff_hyundai_rotem_v1.zip","EC0974326CBDCBD06B36919ABDAC05F9395D0DB7443278C35E39422A3CF158EB","64","soph_handoff_hyundai_rotem_v1/qa_files/dart_pdf_toc_summary_kr9.csv","dart_pdf_toc_summary_kr9.csv",".csv","4680","856","False","False","False","False","False"
"064350","현대로템","soph_handoff_hyundai_rotem_v1.zip","EC0974326CBDCBD06B36919ABDAC05F9395D0DB7443278C35E39422A3CF158EB","65","soph_handoff_hyundai_rotem_v1/qa_files/dart_report_structure_qa_manifest.json","dart_report_structure_qa_manifest.json",".json","744","370","False","False","False","False","False"
"064350","현대로템","soph_handoff_hyundai_rotem_v1.zip","EC0974326CBDCBD06B36919ABDAC05F9395D0DB7443278C35E39422A3CF158EB","66","soph_handoff_hyundai_rotem_v1/qa_files/dart_zip_xbrl_structure_check_kr9.csv","dart_zip_xbrl_structure_check_kr9.csv",".csv","11177","967","False","False","False","False","False"
"064350","현대로템","soph_handoff_hyundai_rotem_v1.zip","EC0974326CBDCBD06B36919ABDAC05F9395D0DB7443278C35E39422A3CF158EB","67","soph_handoff_hyundai_rotem_v1/raw_files/DART_064350_현대로템_2006H1_반기보고서_20060814.pdf","DART_064350_현대로템_2006H1_반기보고서_20060814.pdf",".pdf","679999","601205","True","True","False","False","False"
"064350","현대로템","soph_handoff_hyundai_rotem_v1.zip","EC0974326CBDCBD06B36919ABDAC05F9395D0DB7443278C35E39422A3CF158EB","68","soph_handoff_hyundai_rotem_v1/raw_files/DART_064350_현대로템_2016Q1_분기보고서_20160516.pdf","DART_064350_현대로템_2016Q1_분기보고서_20160516.pdf",".pdf","868188","787704","True","True","False","False","False"
"064350","현대로템","soph_handoff_hyundai_rotem_v1.zip","EC0974326CBDCBD06B36919ABDAC05F9395D0DB7443278C35E39422A3CF158EB","69","soph_handoff_hyundai_rotem_v1/raw_files/DART_064350_현대로템_2016Q1_분기보고서_재무제표_20160516.xls","DART_064350_현대로템_2016Q1_분기보고서_재무제표_20160516.xls",".xls","60928","14936","True","False","True","False","False"
"064350","현대로템","soph_handoff_hyundai_rotem_v1.zip","EC0974326CBDCBD06B36919ABDAC05F9395D0DB7443278C35E39422A3CF158EB","70","soph_handoff_hyundai_rotem_v1/raw_files/DART_064350_현대로템_2021FY_사업보고서_원문XBRL_20220315.zip","DART_064350_현대로템_2021FY_사업보고서_원문XBRL_20220315.zip",".zip","209097","203474","True","False","False","True","True"
"064350","현대로템","soph_handoff_hyundai_rotem_v1.zip","EC0974326CBDCBD06B36919ABDAC05F9395D0DB7443278C35E39422A3CF158EB","71","soph_handoff_hyundai_rotem_v1/raw_files/DART_064350_현대로템_2021FY_사업보고서_원문XBRL_정정_20210602.zip","DART_064350_현대로템_2021FY_사업보고서_원문XBRL_정정_20210602.zip",".zip","207124","200776","True","False","False","True","True"
"064350","현대로템","soph_handoff_hyundai_rotem_v1.zip","EC0974326CBDCBD06B36919ABDAC05F9395D0DB7443278C35E39422A3CF158EB","72","soph_handoff_hyundai_rotem_v1/raw_files/DART_064350_현대로템_2021FY_사업보고서_재무제표_20220315.xls","DART_064350_현대로템_2021FY_사업보고서_재무제표_20220315.xls",".xls","58880","14434","True","False","True","False","False"
"064350","현대로템","soph_handoff_hyundai_rotem_v1.zip","EC0974326CBDCBD06B36919ABDAC05F9395D0DB7443278C35E39422A3CF158EB","73","soph_handoff_hyundai_rotem_v1/raw_files/DART_064350_현대로템_2021FY_사업보고서_재무제표_정정_20210602.xls","DART_064350_현대로템_2021FY_사업보고서_재무제표_정정_20210602.xls",".xls","56320","13819","True","False","True","False","False"
"064350","현대로템","soph_handoff_hyundai_rotem_v1.zip","EC0974326CBDCBD06B36919ABDAC05F9395D0DB7443278C35E39422A3CF158EB","74","soph_handoff_hyundai_rotem_v1/raw_files/DART_064350_현대로템_2021FY_사업보고서_정정_20210602.pdf","DART_064350_현대로템_2021FY_사업보고서_정정_20210602.pdf",".pdf","1128814","1001013","True","True","False","False","False"
"064350","현대로템","soph_handoff_hyundai_rotem_v1.zip","EC0974326CBDCBD06B36919ABDAC05F9395D0DB7443278C35E39422A3CF158EB","75","soph_handoff_hyundai_rotem_v1/raw_files/DART_064350_현대로템_2021H1_반기보고서_20210817.pdf","DART_064350_현대로템_2021H1_반기보고서_20210817.pdf",".pdf","961021","859984","True","True","False","False","False"
"064350","현대로템","soph_handoff_hyundai_rotem_v1.zip","EC0974326CBDCBD06B36919ABDAC05F9395D0DB7443278C35E39422A3CF158EB","76","soph_handoff_hyundai_rotem_v1/raw_files/DART_064350_현대로템_2021H1_반기보고서_원문XBRL_20210817.zip","DART_064350_현대로템_2021H1_반기보고서_원문XBRL_20210817.zip",".zip","206369","195380","True","False","False","True","True"
"064350","현대로템","soph_handoff_hyundai_rotem_v1.zip","EC0974326CBDCBD06B36919ABDAC05F9395D0DB7443278C35E39422A3CF158EB","77","soph_handoff_hyundai_rotem_v1/raw_files/DART_064350_현대로템_2021H1_반기보고서_재무제표_20210817.xls","DART_064350_현대로템_2021H1_반기보고서_재무제표_20210817.xls",".xls","52736","12217","True","False","True","False","False"
"064350","현대로템","soph_handoff_hyundai_rotem_v1.zip","EC0974326CBDCBD06B36919ABDAC05F9395D0DB7443278C35E39422A3CF158EB","78","soph_handoff_hyundai_rotem_v1/raw_files/DART_064350_현대로템_2021Q1_분기보고서_20210517.pdf","DART_064350_현대로템_2021Q1_분기보고서_20210517.pdf",".pdf","906451","816492","True","True","False","False","False"
"064350","현대로템","soph_handoff_hyundai_rotem_v1.zip","EC0974326CBDCBD06B36919ABDAC05F9395D0DB7443278C35E39422A3CF158EB","79","soph_handoff_hyundai_rotem_v1/raw_files/DART_064350_현대로템_2021Q1_분기보고서_원문XBRL_20210517.zip","DART_064350_현대로템_2021Q1_분기보고서_원문XBRL_20210517.zip",".zip","203471","191906","True","False","False","True","True"
"064350","현대로템","soph_handoff_hyundai_rotem_v1.zip","EC0974326CBDCBD06B36919ABDAC05F9395D0DB7443278C35E39422A3CF158EB","80","soph_handoff_hyundai_rotem_v1/raw_files/DART_064350_현대로템_2021Q1_분기보고서_재무제표_20210517.xls","DART_064350_현대로템_2021Q1_분기보고서_재무제표_20210517.xls",".xls","50176","11548","True","False","True","False","False"
"064350","현대로템","soph_handoff_hyundai_rotem_v1.zip","EC0974326CBDCBD06B36919ABDAC05F9395D0DB7443278C35E39422A3CF158EB","81","soph_handoff_hyundai_rotem_v1/raw_files/DART_064350_현대로템_2021Q3_분기보고서_20211115.pdf","DART_064350_현대로템_2021Q3_분기보고서_20211115.pdf",".pdf","974064","872129","True","True","False","False","False"
"064350","현대로템","soph_handoff_hyundai_rotem_v1.zip","EC0974326CBDCBD06B36919ABDAC05F9395D0DB7443278C35E39422A3CF158EB","82","soph_handoff_hyundai_rotem_v1/raw_files/DART_064350_현대로템_2021Q3_분기보고서_원문XBRL_20211115.zip","DART_064350_현대로템_2021Q3_분기보고서_원문XBRL_20211115.zip",".zip","207103","201989","True","False","False","True","True"
"064350","현대로템","soph_handoff_hyundai_rotem_v1.zip","EC0974326CBDCBD06B36919ABDAC05F9395D0DB7443278C35E39422A3CF158EB","83","soph_handoff_hyundai_rotem_v1/raw_files/DART_064350_현대로템_2021Q3_분기보고서_재무제표_20211115.xls","DART_064350_현대로템_2021Q3_분기보고서_재무제표_20211115.xls",".xls","53248","12473","True","False","True","False","False"
"064350","현대로템","soph_handoff_hyundai_rotem_v1.zip","EC0974326CBDCBD06B36919ABDAC05F9395D0DB7443278C35E39422A3CF158EB","84","soph_handoff_hyundai_rotem_v1/raw_files/DART_064350_현대로템_2022FY_사업보고서_20230310.pdf","DART_064350_현대로템_2022FY_사업보고서_20230310.pdf",".pdf","1066702","946063","True","True","False","False","False"
"064350","현대로템","soph_handoff_hyundai_rotem_v1.zip","EC0974326CBDCBD06B36919ABDAC05F9395D0DB7443278C35E39422A3CF158EB","85","soph_handoff_hyundai_rotem_v1/raw_files/DART_064350_현대로템_2022FY_사업보고서_원문XBRL_20230310.zip","DART_064350_현대로템_2022FY_사업보고서_원문XBRL_20230310.zip",".zip","208616","202453","True","False","False","True","True"
"064350","현대로템","soph_handoff_hyundai_rotem_v1.zip","EC0974326CBDCBD06B36919ABDAC05F9395D0DB7443278C35E39422A3CF158EB","86","soph_handoff_hyundai_rotem_v1/raw_files/DART_064350_현대로템_2022FY_사업보고서_재무제표_20230310.xls","DART_064350_현대로템_2022FY_사업보고서_재무제표_20230310.xls",".xls","58880","14344","True","False","True","False","False"
"064350","현대로템","soph_handoff_hyundai_rotem_v1.zip","EC0974326CBDCBD06B36919ABDAC05F9395D0DB7443278C35E39422A3CF158EB","87","soph_handoff_hyundai_rotem_v1/raw_files/DART_064350_현대로템_2022H1_반기보고서_원문XBRL_20220816.zip","DART_064350_현대로템_2022H1_반기보고서_원문XBRL_20220816.zip",".zip","204588","191607","True","False","False","True","True"
"064350","현대로템","soph_handoff_hyundai_rotem_v1.zip","EC0974326CBDCBD06B36919ABDAC05F9395D0DB7443278C35E39422A3CF158EB","88","soph_handoff_hyundai_rotem_v1/raw_files/DART_064350_현대로템_2022H1_반기보고서_재무제표_20220816.xls","DART_064350_현대로템_2022H1_반기보고서_재무제표_20220816.xls",".xls","49664","11732","True","False","True","False","False"
"064350","현대로템","soph_handoff_hyundai_rotem_v1.zip","EC0974326CBDCBD06B36919ABDAC05F9395D0DB7443278C35E39422A3CF158EB","89","soph_handoff_hyundai_rotem_v1/raw_files/DART_064350_현대로템_2022Q1_분기보고서_20220516.pdf","DART_064350_현대로템_2022Q1_분기보고서_20220516.pdf",".pdf","845355","760800","True","True","False","False","False"
"064350","현대로템","soph_handoff_hyundai_rotem_v1.zip","EC0974326CBDCBD06B36919ABDAC05F9395D0DB7443278C35E39422A3CF158EB","90","soph_handoff_hyundai_rotem_v1/raw_files/DART_064350_현대로템_2022Q1_분기보고서_원문XBRL_20220516.zip","DART_064350_현대로템_2022Q1_분기보고서_원문XBRL_20220516.zip",".zip","203458","193653","True","False","False","True","True"
"064350","현대로템","soph_handoff_hyundai_rotem_v1.zip","EC0974326CBDCBD06B36919ABDAC05F9395D0DB7443278C35E39422A3CF158EB","91","soph_handoff_hyundai_rotem_v1/raw_files/DART_064350_현대로템_2022Q1_분기보고서_재무제표_20220516.xls","DART_064350_현대로템_2022Q1_분기보고서_재무제표_20220516.xls",".xls","49664","11470","True","False","True","False","False"
"064350","현대로템","soph_handoff_hyundai_rotem_v1.zip","EC0974326CBDCBD06B36919ABDAC05F9395D0DB7443278C35E39422A3CF158EB","92","soph_handoff_hyundai_rotem_v1/raw_files/DART_064350_현대로템_2022Q3_분기보고서_20221114.pdf","DART_064350_현대로템_2022Q3_분기보고서_20221114.pdf",".pdf","856497","771497","True","True","False","False","False"
"064350","현대로템","soph_handoff_hyundai_rotem_v1.zip","EC0974326CBDCBD06B36919ABDAC05F9395D0DB7443278C35E39422A3CF158EB","93","soph_handoff_hyundai_rotem_v1/raw_files/DART_064350_현대로템_2022Q3_분기보고서_원문XBRL_20221114.zip","DART_064350_현대로템_2022Q3_분기보고서_원문XBRL_20221114.zip",".zip","205163","194763","True","False","False","True","True"
"064350","현대로템","soph_handoff_hyundai_rotem_v1.zip","EC0974326CBDCBD06B36919ABDAC05F9395D0DB7443278C35E39422A3CF158EB","94","soph_handoff_hyundai_rotem_v1/raw_files/DART_064350_현대로템_2022Q3_분기보고서_재무제표_20221114.xls","DART_064350_현대로템_2022Q3_분기보고서_재무제표_20221114.xls",".xls","50176","11910","True","False","True","False","False"
"064350","현대로템","soph_handoff_hyundai_rotem_v1.zip","EC0974326CBDCBD06B36919ABDAC05F9395D0DB7443278C35E39422A3CF158EB","95","soph_handoff_hyundai_rotem_v1/raw_files/DART_064350_현대로템_2023FY_사업보고서_20240320.pdf","DART_064350_현대로템_2023FY_사업보고서_20240320.pdf",".pdf","1170513","1032907","True","True","False","False","False"
"064350","현대로템","soph_handoff_hyundai_rotem_v1.zip","EC0974326CBDCBD06B36919ABDAC05F9395D0DB7443278C35E39422A3CF158EB","96","soph_handoff_hyundai_rotem_v1/raw_files/DART_064350_현대로템_2023FY_사업보고서_원문XBRL_20240320.zip","DART_064350_현대로템_2023FY_사업보고서_원문XBRL_20240320.zip",".zip","908109","892215","True","False","False","True","True"
"064350","현대로템","soph_handoff_hyundai_rotem_v1.zip","EC0974326CBDCBD06B36919ABDAC05F9395D0DB7443278C35E39422A3CF158EB","97","soph_handoff_hyundai_rotem_v1/raw_files/DART_064350_현대로템_2023H1_반기보고서_20230814.pdf","DART_064350_현대로템_2023H1_반기보고서_20230814.pdf",".pdf","913261","819532","True","True","False","False","False"
"064350","현대로템","soph_handoff_hyundai_rotem_v1.zip","EC0974326CBDCBD06B36919ABDAC05F9395D0DB7443278C35E39422A3CF158EB","98","soph_handoff_hyundai_rotem_v1/raw_files/DART_064350_현대로템_2023H1_반기보고서_원문XBRL_20230814.zip","DART_064350_현대로템_2023H1_반기보고서_원문XBRL_20230814.zip",".zip","203582","193133","True","False","False","True","True"
"064350","현대로템","soph_handoff_hyundai_rotem_v1.zip","EC0974326CBDCBD06B36919ABDAC05F9395D0DB7443278C35E39422A3CF158EB","99","soph_handoff_hyundai_rotem_v1/raw_files/DART_064350_현대로템_2023H1_반기보고서_재무제표_20230814.xls","DART_064350_현대로템_2023H1_반기보고서_재무제표_20230814.xls",".xls","48640","11594","True","False","True","False","False"
"064350","현대로템","soph_handoff_hyundai_rotem_v1.zip","EC0974326CBDCBD06B36919ABDAC05F9395D0DB7443278C35E39422A3CF158EB","100","soph_handoff_hyundai_rotem_v1/raw_files/DART_064350_현대로템_2023Q1_분기보고서_20230515.pdf","DART_064350_현대로템_2023Q1_분기보고서_20230515.pdf",".pdf","843439","757192","True","True","False","False","False"
"064350","현대로템","soph_handoff_hyundai_rotem_v1.zip","EC0974326CBDCBD06B36919ABDAC05F9395D0DB7443278C35E39422A3CF158EB","101","soph_handoff_hyundai_rotem_v1/raw_files/DART_064350_현대로템_2023Q1_분기보고서_원문XBRL_20230515.zip","DART_064350_현대로템_2023Q1_분기보고서_원문XBRL_20230515.zip",".zip","202133","182648","True","False","False","True","True"
"064350","현대로템","soph_handoff_hyundai_rotem_v1.zip","EC0974326CBDCBD06B36919ABDAC05F9395D0DB7443278C35E39422A3CF158EB","102","soph_handoff_hyundai_rotem_v1/raw_files/DART_064350_현대로템_2023Q1_분기보고서_재무제표_20230515.xls","DART_064350_현대로템_2023Q1_분기보고서_재무제표_20230515.xls",".xls","48128","11253","True","False","True","False","False"
"064350","현대로템","soph_handoff_hyundai_rotem_v1.zip","EC0974326CBDCBD06B36919ABDAC05F9395D0DB7443278C35E39422A3CF158EB","103","soph_handoff_hyundai_rotem_v1/raw_files/DART_064350_현대로템_2023Q3_분기보고서_20231114.pdf","DART_064350_현대로템_2023Q3_분기보고서_20231114.pdf",".pdf","841123","754267","True","True","False","False","False"
"064350","현대로템","soph_handoff_hyundai_rotem_v1.zip","EC0974326CBDCBD06B36919ABDAC05F9395D0DB7443278C35E39422A3CF158EB","104","soph_handoff_hyundai_rotem_v1/raw_files/DART_064350_현대로템_2023Q3_분기보고서_원문XBRL_20231114.zip","DART_064350_현대로템_2023Q3_분기보고서_원문XBRL_20231114.zip",".zip","81799","80519","True","False","False","True","True"
"064350","현대로템","soph_handoff_hyundai_rotem_v1.zip","EC0974326CBDCBD06B36919ABDAC05F9395D0DB7443278C35E39422A3CF158EB","105","soph_handoff_hyundai_rotem_v1/raw_files/DART_064350_현대로템_2024FY_사업보고서_원문XBRL_정정_20250321.zip","DART_064350_현대로템_2024FY_사업보고서_원문XBRL_정정_20250321.zip",".zip","828503","812056","True","False","False","True","True"
"064350","현대로템","soph_handoff_hyundai_rotem_v1.zip","EC0974326CBDCBD06B36919ABDAC05F9395D0DB7443278C35E39422A3CF158EB","106","soph_handoff_hyundai_rotem_v1/raw_files/DART_064350_현대로템_2024FY_사업보고서_정정_20250321.pdf","DART_064350_현대로템_2024FY_사업보고서_정정_20250321.pdf",".pdf","1583932","1331838","True","True","False","False","False"
"064350","현대로템","soph_handoff_hyundai_rotem_v1.zip","EC0974326CBDCBD06B36919ABDAC05F9395D0DB7443278C35E39422A3CF158EB","107","soph_handoff_hyundai_rotem_v1/raw_files/DART_064350_현대로템_2024H1_반기보고서_20240814.pdf","DART_064350_현대로템_2024H1_반기보고서_20240814.pdf",".pdf","1017313","897393","True","True","False","False","False"
"064350","현대로템","soph_handoff_hyundai_rotem_v1.zip","EC0974326CBDCBD06B36919ABDAC05F9395D0DB7443278C35E39422A3CF158EB","108","soph_handoff_hyundai_rotem_v1/raw_files/DART_064350_현대로템_2024H1_반기보고서_원문XBRL_20240814.zip","DART_064350_현대로템_2024H1_반기보고서_원문XBRL_20240814.zip",".zip","665531","652593","True","False","False","True","True"
"064350","현대로템","soph_handoff_hyundai_rotem_v1.zip","EC0974326CBDCBD06B36919ABDAC05F9395D0DB7443278C35E39422A3CF158EB","109","soph_handoff_hyundai_rotem_v1/raw_files/DART_064350_현대로템_2024Q1_분기보고서_20240516.pdf","DART_064350_현대로템_2024Q1_분기보고서_20240516.pdf",".pdf","912181","805576","True","True","False","False","False"
"064350","현대로템","soph_handoff_hyundai_rotem_v1.zip","EC0974326CBDCBD06B36919ABDAC05F9395D0DB7443278C35E39422A3CF158EB","110","soph_handoff_hyundai_rotem_v1/raw_files/DART_064350_현대로템_2024Q1_분기보고서_원문XBRL_20240516.zip","DART_064350_현대로템_2024Q1_분기보고서_원문XBRL_20240516.zip",".zip","640583","627847","True","False","False","True","True"
"064350","현대로템","soph_handoff_hyundai_rotem_v1.zip","EC0974326CBDCBD06B36919ABDAC05F9395D0DB7443278C35E39422A3CF158EB","111","soph_handoff_hyundai_rotem_v1/raw_files/DART_064350_현대로템_2024Q3_분기보고서_20241114.pdf","DART_064350_현대로템_2024Q3_분기보고서_20241114.pdf",".pdf","953477","841427","True","True","False","False","False"
"064350","현대로템","soph_handoff_hyundai_rotem_v1.zip","EC0974326CBDCBD06B36919ABDAC05F9395D0DB7443278C35E39422A3CF158EB","112","soph_handoff_hyundai_rotem_v1/raw_files/DART_064350_현대로템_2024Q3_분기보고서_원문XBRL_20241114.zip","DART_064350_현대로템_2024Q3_분기보고서_원문XBRL_20241114.zip",".zip","671332","655112","True","False","False","True","True"
"064350","현대로템","soph_handoff_hyundai_rotem_v1.zip","EC0974326CBDCBD06B36919ABDAC05F9395D0DB7443278C35E39422A3CF158EB","113","soph_handoff_hyundai_rotem_v1/raw_files/DART_064350_현대로템_2025FY_사업보고서_20260319.pdf","DART_064350_현대로템_2025FY_사업보고서_20260319.pdf",".pdf","1397923","1250768","True","True","False","False","False"
"064350","현대로템","soph_handoff_hyundai_rotem_v1.zip","EC0974326CBDCBD06B36919ABDAC05F9395D0DB7443278C35E39422A3CF158EB","114","soph_handoff_hyundai_rotem_v1/raw_files/DART_064350_현대로템_2025FY_사업보고서_원문XBRL_20260319.zip","DART_064350_현대로템_2025FY_사업보고서_원문XBRL_20260319.zip",".zip","907104","890255","True","False","False","True","True"
"064350","현대로템","soph_handoff_hyundai_rotem_v1.zip","EC0974326CBDCBD06B36919ABDAC05F9395D0DB7443278C35E39422A3CF158EB","115","soph_handoff_hyundai_rotem_v1/raw_files/DART_064350_현대로템_2025H1_반기보고서_20250814.pdf","DART_064350_현대로템_2025H1_반기보고서_20250814.pdf",".pdf","1126331","995217","True","True","False","False","False"
"064350","현대로템","soph_handoff_hyundai_rotem_v1.zip","EC0974326CBDCBD06B36919ABDAC05F9395D0DB7443278C35E39422A3CF158EB","116","soph_handoff_hyundai_rotem_v1/raw_files/DART_064350_현대로템_2025H1_반기보고서_원문XBRL_20250814.zip","DART_064350_현대로템_2025H1_반기보고서_원문XBRL_20250814.zip",".zip","720234","701727","True","False","False","True","True"
"064350","현대로템","soph_handoff_hyundai_rotem_v1.zip","EC0974326CBDCBD06B36919ABDAC05F9395D0DB7443278C35E39422A3CF158EB","117","soph_handoff_hyundai_rotem_v1/raw_files/DART_064350_현대로템_2025Q1_분기보고서_20250515.pdf","DART_064350_현대로템_2025Q1_분기보고서_20250515.pdf",".pdf","988965","877662","True","True","False","False","False"
"064350","현대로템","soph_handoff_hyundai_rotem_v1.zip","EC0974326CBDCBD06B36919ABDAC05F9395D0DB7443278C35E39422A3CF158EB","118","soph_handoff_hyundai_rotem_v1/raw_files/DART_064350_현대로템_2025Q1_분기보고서_원문XBRL_20250515.zip","DART_064350_현대로템_2025Q1_분기보고서_원문XBRL_20250515.zip",".zip","700239","681346","True","False","False","True","True"
"064350","현대로템","soph_handoff_hyundai_rotem_v1.zip","EC0974326CBDCBD06B36919ABDAC05F9395D0DB7443278C35E39422A3CF158EB","119","soph_handoff_hyundai_rotem_v1/raw_files/DART_064350_현대로템_2025Q3_분기보고서_20251114.pdf","DART_064350_현대로템_2025Q3_분기보고서_20251114.pdf",".pdf","1055887","940343","True","True","False","False","False"
"064350","현대로템","soph_handoff_hyundai_rotem_v1.zip","EC0974326CBDCBD06B36919ABDAC05F9395D0DB7443278C35E39422A3CF158EB","120","soph_handoff_hyundai_rotem_v1/raw_files/DART_064350_현대로템_2025Q3_분기보고서_원문XBRL_20251114.zip","DART_064350_현대로템_2025Q3_분기보고서_원문XBRL_20251114.zip",".zip","759157","744605","True","False","False","True","True"
"064350","현대로템","soph_handoff_hyundai_rotem_v1.zip","EC0974326CBDCBD06B36919ABDAC05F9395D0DB7443278C35E39422A3CF158EB","121","soph_handoff_hyundai_rotem_v1/raw_files/DART_064350_현대로템_2026Q1_분기보고서_20260515.pdf","DART_064350_현대로템_2026Q1_분기보고서_20260515.pdf",".pdf","1149624","1031715","True","True","False","False","False"
"064350","현대로템","soph_handoff_hyundai_rotem_v1.zip","EC0974326CBDCBD06B36919ABDAC05F9395D0DB7443278C35E39422A3CF158EB","122","soph_handoff_hyundai_rotem_v1/raw_files/DART_064350_현대로템_2026Q1_분기보고서_원문XBRL_20260515.zip","DART_064350_현대로템_2026Q1_분기보고서_원문XBRL_20260515.zip",".zip","709736","694907","True","False","False","True","True"
"012450","한화에어로스페이스","soph_handoff_hanwha_aerospace_v1_INPUT_PACKAGE_FOR_SOPH_RECENT5.zip","5CEDB447D19B34A7D9EB1195CDD44358D8FBB328AC32BBA90CAD544B410EF9F1","1","existing_sample/HANWHA_AEROSPACE_012450_EXISTING_RAW_SAMPLE.xlsx","HANWHA_AEROSPACE_012450_EXISTING_RAW_SAMPLE.xlsx",".xlsx","396589","387900","False","False","True","False","False"
"012450","한화에어로스페이스","soph_handoff_hanwha_aerospace_v1_INPUT_PACKAGE_FOR_SOPH_RECENT5.zip","5CEDB447D19B34A7D9EB1195CDD44358D8FBB328AC32BBA90CAD544B410EF9F1","2","existing_sample/HANWHA_EXISTING_SAMPLE_PROVENANCE.md","HANWHA_EXISTING_SAMPLE_PROVENANCE.md",".md","741","545","False","False","False","False","False"
"012450","한화에어로스페이스","soph_handoff_hanwha_aerospace_v1_INPUT_PACKAGE_FOR_SOPH_RECENT5.zip","5CEDB447D19B34A7D9EB1195CDD44358D8FBB328AC32BBA90CAD544B410EF9F1","3","raw_files/dart_pdf/[한화에어로스페이스][정정]반기보고서(2021.08.17).pdf","[한화에어로스페이스][정정]반기보고서(2021.08.17).pdf",".pdf","1520310","1379496","True","True","False","False","False"
"012450","한화에어로스페이스","soph_handoff_hanwha_aerospace_v1_INPUT_PACKAGE_FOR_SOPH_RECENT5.zip","5CEDB447D19B34A7D9EB1195CDD44358D8FBB328AC32BBA90CAD544B410EF9F1","4","raw_files/dart_pdf/[한화에어로스페이스][정정]사업보고서(2022.08.12).pdf","[한화에어로스페이스][정정]사업보고서(2022.08.12).pdf",".pdf","1702763","1478607","True","True","False","False","False"
"012450","한화에어로스페이스","soph_handoff_hanwha_aerospace_v1_INPUT_PACKAGE_FOR_SOPH_RECENT5.zip","5CEDB447D19B34A7D9EB1195CDD44358D8FBB328AC32BBA90CAD544B410EF9F1","5","raw_files/dart_pdf/[한화에어로스페이스][정정]사업보고서(2023.03.21).pdf","[한화에어로스페이스][정정]사업보고서(2023.03.21).pdf",".pdf","1926745","1659415","True","True","False","False","False"
"012450","한화에어로스페이스","soph_handoff_hanwha_aerospace_v1_INPUT_PACKAGE_FOR_SOPH_RECENT5.zip","5CEDB447D19B34A7D9EB1195CDD44358D8FBB328AC32BBA90CAD544B410EF9F1","6","raw_files/dart_pdf/[한화에어로스페이스][정정]사업보고서(2024.03.29).pdf","[한화에어로스페이스][정정]사업보고서(2024.03.29).pdf",".pdf","2379175","2034952","True","True","False","False","False"
"012450","한화에어로스페이스","soph_handoff_hanwha_aerospace_v1_INPUT_PACKAGE_FOR_SOPH_RECENT5.zip","5CEDB447D19B34A7D9EB1195CDD44358D8FBB328AC32BBA90CAD544B410EF9F1","7","raw_files/dart_pdf/[한화에어로스페이스]반기보고서(2022.08.12).pdf","[한화에어로스페이스]반기보고서(2022.08.12).pdf",".pdf","1388762","1236931","True","True","False","False","False"
"012450","한화에어로스페이스","soph_handoff_hanwha_aerospace_v1_INPUT_PACKAGE_FOR_SOPH_RECENT5.zip","5CEDB447D19B34A7D9EB1195CDD44358D8FBB328AC32BBA90CAD544B410EF9F1","8","raw_files/dart_pdf/[한화에어로스페이스]반기보고서(2023.08.11).pdf","[한화에어로스페이스]반기보고서(2023.08.11).pdf",".pdf","1499414","1319071","True","True","False","False","False"
"012450","한화에어로스페이스","soph_handoff_hanwha_aerospace_v1_INPUT_PACKAGE_FOR_SOPH_RECENT5.zip","5CEDB447D19B34A7D9EB1195CDD44358D8FBB328AC32BBA90CAD544B410EF9F1","9","raw_files/dart_pdf/[한화에어로스페이스]반기보고서(2024.08.14).pdf","[한화에어로스페이스]반기보고서(2024.08.14).pdf",".pdf","1776839","1537293","True","True","False","False","False"
"012450","한화에어로스페이스","soph_handoff_hanwha_aerospace_v1_INPUT_PACKAGE_FOR_SOPH_RECENT5.zip","5CEDB447D19B34A7D9EB1195CDD44358D8FBB328AC32BBA90CAD544B410EF9F1","10","raw_files/dart_pdf/[한화에어로스페이스]반기보고서(2025.08.14).pdf","[한화에어로스페이스]반기보고서(2025.08.14).pdf",".pdf","1865574","1620804","True","True","False","False","False"
"012450","한화에어로스페이스","soph_handoff_hanwha_aerospace_v1_INPUT_PACKAGE_FOR_SOPH_RECENT5.zip","5CEDB447D19B34A7D9EB1195CDD44358D8FBB328AC32BBA90CAD544B410EF9F1","11","raw_files/dart_pdf/[한화에어로스페이스]분기보고서(2021.11.12).pdf","[한화에어로스페이스]분기보고서(2021.11.12).pdf",".pdf","1360089","1228636","True","True","False","False","False"
"012450","한화에어로스페이스","soph_handoff_hanwha_aerospace_v1_INPUT_PACKAGE_FOR_SOPH_RECENT5.zip","5CEDB447D19B34A7D9EB1195CDD44358D8FBB328AC32BBA90CAD544B410EF9F1","12","raw_files/dart_pdf/[한화에어로스페이스]분기보고서(2022.05.16).pdf","[한화에어로스페이스]분기보고서(2022.05.16).pdf",".pdf","1481162","1267929","True","True","False","False","False"
"012450","한화에어로스페이스","soph_handoff_hanwha_aerospace_v1_INPUT_PACKAGE_FOR_SOPH_RECENT5.zip","5CEDB447D19B34A7D9EB1195CDD44358D8FBB328AC32BBA90CAD544B410EF9F1","13","raw_files/dart_pdf/[한화에어로스페이스]분기보고서(2022.11.11).pdf","[한화에어로스페이스]분기보고서(2022.11.11).pdf",".pdf","1625927","1417731","True","True","False","False","False"
"012450","한화에어로스페이스","soph_handoff_hanwha_aerospace_v1_INPUT_PACKAGE_FOR_SOPH_RECENT5.zip","5CEDB447D19B34A7D9EB1195CDD44358D8FBB328AC32BBA90CAD544B410EF9F1","14","raw_files/dart_pdf/[한화에어로스페이스]분기보고서(2023.05.12).pdf","[한화에어로스페이스]분기보고서(2023.05.12).pdf",".pdf","1472291","1292312","True","True","False","False","False"
"012450","한화에어로스페이스","soph_handoff_hanwha_aerospace_v1_INPUT_PACKAGE_FOR_SOPH_RECENT5.zip","5CEDB447D19B34A7D9EB1195CDD44358D8FBB328AC32BBA90CAD544B410EF9F1","15","raw_files/dart_pdf/[한화에어로스페이스]분기보고서(2023.11.14).pdf","[한화에어로스페이스]분기보고서(2023.11.14).pdf",".pdf","1534025","1346777","True","True","False","False","False"
"012450","한화에어로스페이스","soph_handoff_hanwha_aerospace_v1_INPUT_PACKAGE_FOR_SOPH_RECENT5.zip","5CEDB447D19B34A7D9EB1195CDD44358D8FBB328AC32BBA90CAD544B410EF9F1","16","raw_files/dart_pdf/[한화에어로스페이스]분기보고서(2024.05.14).pdf","[한화에어로스페이스]분기보고서(2024.05.14).pdf",".pdf","1712895","1480593","True","True","False","False","False"
"012450","한화에어로스페이스","soph_handoff_hanwha_aerospace_v1_INPUT_PACKAGE_FOR_SOPH_RECENT5.zip","5CEDB447D19B34A7D9EB1195CDD44358D8FBB328AC32BBA90CAD544B410EF9F1","17","raw_files/dart_pdf/[한화에어로스페이스]분기보고서(2024.11.13).pdf","[한화에어로스페이스]분기보고서(2024.11.13).pdf",".pdf","1734889","1497803","True","True","False","False","False"
"012450","한화에어로스페이스","soph_handoff_hanwha_aerospace_v1_INPUT_PACKAGE_FOR_SOPH_RECENT5.zip","5CEDB447D19B34A7D9EB1195CDD44358D8FBB328AC32BBA90CAD544B410EF9F1","18","raw_files/dart_pdf/[한화에어로스페이스]분기보고서(2025.05.13).pdf","[한화에어로스페이스]분기보고서(2025.05.13).pdf",".pdf","1750673","1504972","True","True","False","False","False"
"012450","한화에어로스페이스","soph_handoff_hanwha_aerospace_v1_INPUT_PACKAGE_FOR_SOPH_RECENT5.zip","5CEDB447D19B34A7D9EB1195CDD44358D8FBB328AC32BBA90CAD544B410EF9F1","19","raw_files/dart_pdf/[한화에어로스페이스]분기보고서(2025.11.13).pdf","[한화에어로스페이스]분기보고서(2025.11.13).pdf",".pdf","1897407","1646712","True","True","False","False","False"
"012450","한화에어로스페이스","soph_handoff_hanwha_aerospace_v1_INPUT_PACKAGE_FOR_SOPH_RECENT5.zip","5CEDB447D19B34A7D9EB1195CDD44358D8FBB328AC32BBA90CAD544B410EF9F1","20","raw_files/dart_pdf/[한화에어로스페이스]분기보고서(2026.05.13).pdf","[한화에어로스페이스]분기보고서(2026.05.13).pdf",".pdf","1735598","1494495","True","True","False","False","False"
"012450","한화에어로스페이스","soph_handoff_hanwha_aerospace_v1_INPUT_PACKAGE_FOR_SOPH_RECENT5.zip","5CEDB447D19B34A7D9EB1195CDD44358D8FBB328AC32BBA90CAD544B410EF9F1","21","raw_files/dart_pdf/[한화에어로스페이스]사업보고서(2025.03.17).pdf","[한화에어로스페이스]사업보고서(2025.03.17).pdf",".pdf","2088979","1804690","True","True","False","False","False"
"012450","한화에어로스페이스","soph_handoff_hanwha_aerospace_v1_INPUT_PACKAGE_FOR_SOPH_RECENT5.zip","5CEDB447D19B34A7D9EB1195CDD44358D8FBB328AC32BBA90CAD544B410EF9F1","22","raw_files/dart_xbrl_zip/[한화에어로스페이스][정정]반기보고서_IFRS(원문XBRL)(2021.08.17).zip","[한화에어로스페이스][정정]반기보고서_IFRS(원문XBRL)(2021.08.17).zip",".zip","210621","207047","True","False","False","True","True"
"012450","한화에어로스페이스","soph_handoff_hanwha_aerospace_v1_INPUT_PACKAGE_FOR_SOPH_RECENT5.zip","5CEDB447D19B34A7D9EB1195CDD44358D8FBB328AC32BBA90CAD544B410EF9F1","23","raw_files/dart_xbrl_zip/[한화에어로스페이스][정정]사업보고서_IFRS(원문XBRL)(2022.08.12).zip","[한화에어로스페이스][정정]사업보고서_IFRS(원문XBRL)(2022.08.12).zip",".zip","218868","212189","True","False","False","True","True"
"012450","한화에어로스페이스","soph_handoff_hanwha_aerospace_v1_INPUT_PACKAGE_FOR_SOPH_RECENT5.zip","5CEDB447D19B34A7D9EB1195CDD44358D8FBB328AC32BBA90CAD544B410EF9F1","24","raw_files/dart_xbrl_zip/[한화에어로스페이스][정정]사업보고서_IFRS(원문XBRL)(2023.03.21).zip","[한화에어로스페이스][정정]사업보고서_IFRS(원문XBRL)(2023.03.21).zip",".zip","221734","214804","True","False","False","True","True"
"012450","한화에어로스페이스","soph_handoff_hanwha_aerospace_v1_INPUT_PACKAGE_FOR_SOPH_RECENT5.zip","5CEDB447D19B34A7D9EB1195CDD44358D8FBB328AC32BBA90CAD544B410EF9F1","25","raw_files/dart_xbrl_zip/[한화에어로스페이스][정정]사업보고서_IFRS(원문XBRL)(2024.03.29).zip","[한화에어로스페이스][정정]사업보고서_IFRS(원문XBRL)(2024.03.29).zip",".zip","1434728","1422144","True","False","False","True","True"
"012450","한화에어로스페이스","soph_handoff_hanwha_aerospace_v1_INPUT_PACKAGE_FOR_SOPH_RECENT5.zip","5CEDB447D19B34A7D9EB1195CDD44358D8FBB328AC32BBA90CAD544B410EF9F1","26","raw_files/dart_xbrl_zip/[한화에어로스페이스]반기보고서_IFRS(원문XBRL)(2022.08.12).zip","[한화에어로스페이스]반기보고서_IFRS(원문XBRL)(2022.08.12).zip",".zip","209410","205511","True","False","False","True","True"
"012450","한화에어로스페이스","soph_handoff_hanwha_aerospace_v1_INPUT_PACKAGE_FOR_SOPH_RECENT5.zip","5CEDB447D19B34A7D9EB1195CDD44358D8FBB328AC32BBA90CAD544B410EF9F1","27","raw_files/dart_xbrl_zip/[한화에어로스페이스]반기보고서_IFRS(원문XBRL)(2023.08.11).zip","[한화에어로스페이스]반기보고서_IFRS(원문XBRL)(2023.08.11).zip",".zip","215207","200744","True","False","False","True","True"
"012450","한화에어로스페이스","soph_handoff_hanwha_aerospace_v1_INPUT_PACKAGE_FOR_SOPH_RECENT5.zip","5CEDB447D19B34A7D9EB1195CDD44358D8FBB328AC32BBA90CAD544B410EF9F1","28","raw_files/dart_xbrl_zip/[한화에어로스페이스]반기보고서_IFRS(원문XBRL)(2024.08.14).zip","[한화에어로스페이스]반기보고서_IFRS(원문XBRL)(2024.08.14).zip",".zip","1026458","1016640","True","False","False","True","True"
"012450","한화에어로스페이스","soph_handoff_hanwha_aerospace_v1_INPUT_PACKAGE_FOR_SOPH_RECENT5.zip","5CEDB447D19B34A7D9EB1195CDD44358D8FBB328AC32BBA90CAD544B410EF9F1","29","raw_files/dart_xbrl_zip/[한화에어로스페이스]반기보고서_IFRS(원문XBRL)(2025.08.14).zip","[한화에어로스페이스]반기보고서_IFRS(원문XBRL)(2025.08.14).zip",".zip","1135685","1124274","True","False","False","True","True"
"012450","한화에어로스페이스","soph_handoff_hanwha_aerospace_v1_INPUT_PACKAGE_FOR_SOPH_RECENT5.zip","5CEDB447D19B34A7D9EB1195CDD44358D8FBB328AC32BBA90CAD544B410EF9F1","30","raw_files/dart_xbrl_zip/[한화에어로스페이스]분기보고서_IFRS(원문XBRL)(2021.11.12).zip","[한화에어로스페이스]분기보고서_IFRS(원문XBRL)(2021.11.12).zip",".zip","212019","209148","True","False","False","True","True"
"012450","한화에어로스페이스","soph_handoff_hanwha_aerospace_v1_INPUT_PACKAGE_FOR_SOPH_RECENT5.zip","5CEDB447D19B34A7D9EB1195CDD44358D8FBB328AC32BBA90CAD544B410EF9F1","31","raw_files/dart_xbrl_zip/[한화에어로스페이스]분기보고서_IFRS(원문XBRL)(2022.05.16).zip","[한화에어로스페이스]분기보고서_IFRS(원문XBRL)(2022.05.16).zip",".zip","207631","203591","True","False","False","True","True"
"012450","한화에어로스페이스","soph_handoff_hanwha_aerospace_v1_INPUT_PACKAGE_FOR_SOPH_RECENT5.zip","5CEDB447D19B34A7D9EB1195CDD44358D8FBB328AC32BBA90CAD544B410EF9F1","32","raw_files/dart_xbrl_zip/[한화에어로스페이스]분기보고서_IFRS(원문XBRL)(2022.11.11).zip","[한화에어로스페이스]분기보고서_IFRS(원문XBRL)(2022.11.11).zip",".zip","211968","207735","True","False","False","True","True"
"012450","한화에어로스페이스","soph_handoff_hanwha_aerospace_v1_INPUT_PACKAGE_FOR_SOPH_RECENT5.zip","5CEDB447D19B34A7D9EB1195CDD44358D8FBB328AC32BBA90CAD544B410EF9F1","33","raw_files/dart_xbrl_zip/[한화에어로스페이스]분기보고서_IFRS(원문XBRL)(2023.05.12).zip","[한화에어로스페이스]분기보고서_IFRS(원문XBRL)(2023.05.12).zip",".zip","213293","209987","True","False","False","True","True"
"012450","한화에어로스페이스","soph_handoff_hanwha_aerospace_v1_INPUT_PACKAGE_FOR_SOPH_RECENT5.zip","5CEDB447D19B34A7D9EB1195CDD44358D8FBB328AC32BBA90CAD544B410EF9F1","34","raw_files/dart_xbrl_zip/[한화에어로스페이스]분기보고서_IFRS(원문XBRL)(2023.11.14).zip","[한화에어로스페이스]분기보고서_IFRS(원문XBRL)(2023.11.14).zip",".zip","93569","92403","True","False","False","True","True"
"012450","한화에어로스페이스","soph_handoff_hanwha_aerospace_v1_INPUT_PACKAGE_FOR_SOPH_RECENT5.zip","5CEDB447D19B34A7D9EB1195CDD44358D8FBB328AC32BBA90CAD544B410EF9F1","35","raw_files/dart_xbrl_zip/[한화에어로스페이스]분기보고서_IFRS(원문XBRL)(2024.05.14).zip","[한화에어로스페이스]분기보고서_IFRS(원문XBRL)(2024.05.14).zip",".zip","1020900","1011155","True","False","False","True","True"
"012450","한화에어로스페이스","soph_handoff_hanwha_aerospace_v1_INPUT_PACKAGE_FOR_SOPH_RECENT5.zip","5CEDB447D19B34A7D9EB1195CDD44358D8FBB328AC32BBA90CAD544B410EF9F1","36","raw_files/dart_xbrl_zip/[한화에어로스페이스]분기보고서_IFRS(원문XBRL)(2024.11.13).zip","[한화에어로스페이스]분기보고서_IFRS(원문XBRL)(2024.11.13).zip",".zip","997702","984571","True","False","False","True","True"
"012450","한화에어로스페이스","soph_handoff_hanwha_aerospace_v1_INPUT_PACKAGE_FOR_SOPH_RECENT5.zip","5CEDB447D19B34A7D9EB1195CDD44358D8FBB328AC32BBA90CAD544B410EF9F1","37","raw_files/dart_xbrl_zip/[한화에어로스페이스]분기보고서_IFRS(원문XBRL)(2025.05.13).zip","[한화에어로스페이스]분기보고서_IFRS(원문XBRL)(2025.05.13).zip",".zip","1133078","1121436","True","False","False","True","True"
"012450","한화에어로스페이스","soph_handoff_hanwha_aerospace_v1_INPUT_PACKAGE_FOR_SOPH_RECENT5.zip","5CEDB447D19B34A7D9EB1195CDD44358D8FBB328AC32BBA90CAD544B410EF9F1","38","raw_files/dart_xbrl_zip/[한화에어로스페이스]분기보고서_IFRS(원문XBRL)(2025.11.13).zip","[한화에어로스페이스]분기보고서_IFRS(원문XBRL)(2025.11.13).zip",".zip","1256237","1244660","True","False","False","True","True"
"012450","한화에어로스페이스","soph_handoff_hanwha_aerospace_v1_INPUT_PACKAGE_FOR_SOPH_RECENT5.zip","5CEDB447D19B34A7D9EB1195CDD44358D8FBB328AC32BBA90CAD544B410EF9F1","39","raw_files/dart_xbrl_zip/[한화에어로스페이스]분기보고서_IFRS(원문XBRL)(2026.05.13).zip","[한화에어로스페이스]분기보고서_IFRS(원문XBRL)(2026.05.13).zip",".zip","1144829","1132963","True","False","False","True","True"
"012450","한화에어로스페이스","soph_handoff_hanwha_aerospace_v1_INPUT_PACKAGE_FOR_SOPH_RECENT5.zip","5CEDB447D19B34A7D9EB1195CDD44358D8FBB328AC32BBA90CAD544B410EF9F1","40","raw_files/dart_xbrl_zip/[한화에어로스페이스]사업보고서_IFRS(원문XBRL)(2025.03.17).zip","[한화에어로스페이스]사업보고서_IFRS(원문XBRL)(2025.03.17).zip",".zip","1290045","1276132","True","False","False","True","True"
"012450","한화에어로스페이스","soph_handoff_hanwha_aerospace_v1_INPUT_PACKAGE_FOR_SOPH_RECENT5.zip","5CEDB447D19B34A7D9EB1195CDD44358D8FBB328AC32BBA90CAD544B410EF9F1","41","reference_template/SOPH_DART_064350_현대로템_공시자료_정제본_v4_6_REFERENCE_TEMPLATE.xlsx","SOPH_DART_064350_현대로템_공시자료_정제본_v4_6_REFERENCE_TEMPLATE.xlsx",".xlsx","3081347","2765618","False","False","True","False","False"
"012450","한화에어로스페이스","soph_handoff_hanwha_aerospace_v1_INPUT_PACKAGE_FOR_SOPH_RECENT5.zip","5CEDB447D19B34A7D9EB1195CDD44358D8FBB328AC32BBA90CAD544B410EF9F1","42","HANWHA_AEROSPACE_012450_SOPH_INPUT_MANIFEST.md","HANWHA_AEROSPACE_012450_SOPH_INPUT_MANIFEST.md",".md","1070","641","False","False","False","False","False"
"012450","한화에어로스페이스","soph_handoff_hanwha_aerospace_v1_INPUT_PACKAGE_FOR_SOPH_RECENT5.zip","5CEDB447D19B34A7D9EB1195CDD44358D8FBB328AC32BBA90CAD544B410EF9F1","43","HANWHA_AEROSPACE_012450_SOURCE_FORMAT_NOTE.md","HANWHA_AEROSPACE_012450_SOURCE_FORMAT_NOTE.md",".md","836","542","False","False","False","False","False"
"012450","한화에어로스페이스","soph_handoff_hanwha_aerospace_v1_INPUT_PACKAGE_FOR_SOPH_RECENT5.zip","5CEDB447D19B34A7D9EB1195CDD44358D8FBB328AC32BBA90CAD544B410EF9F1","44","HANWHA_AEROSPACE_012450_SOURCE_PAIR_STATUS.csv","HANWHA_AEROSPACE_012450_SOURCE_PAIR_STATUS.csv",".csv","5230","563","False","False","False","False","False"
"012450","한화에어로스페이스","soph_handoff_hanwha_aerospace_v1_INPUT_PACKAGE_FOR_SOPH_RECENT5.zip","5CEDB447D19B34A7D9EB1195CDD44358D8FBB328AC32BBA90CAD544B410EF9F1","45","SOPH_RUN_REQUEST_HANWHA_AEROSPACE_012450.md","SOPH_RUN_REQUEST_HANWHA_AEROSPACE_012450.md",".md","1151","691","False","False","False","False","False"
"298040","효성중공업","soph_handoff_hyosung_heavy_industries_v1_INPUT_PACKAGE_FOR_SOPH.zip","DA164B4FC1B618C121C52F3A8F717BE4B46A9B6AB237F955521DCBE2BE9E4CD6","1","raw_files/dart_pdf/[효성중공업][정정]분기보고서(2022.07.27).pdf","[효성중공업][정정]분기보고서(2022.07.27).pdf",".pdf","1527123","1312533","True","True","False","False","False"
"298040","효성중공업","soph_handoff_hyosung_heavy_industries_v1_INPUT_PACKAGE_FOR_SOPH.zip","DA164B4FC1B618C121C52F3A8F717BE4B46A9B6AB237F955521DCBE2BE9E4CD6","2","raw_files/dart_pdf/[효성중공업][정정]분기보고서(2024.05.17).pdf","[효성중공업][정정]분기보고서(2024.05.17).pdf",".pdf","1154860","1022902","True","True","False","False","False"
"298040","효성중공업","soph_handoff_hyosung_heavy_industries_v1_INPUT_PACKAGE_FOR_SOPH.zip","DA164B4FC1B618C121C52F3A8F717BE4B46A9B6AB237F955521DCBE2BE9E4CD6","3","raw_files/dart_pdf/[효성중공업][정정]사업보고서(2022.07.27).pdf","[효성중공업][정정]사업보고서(2022.07.27).pdf",".pdf","1762529","1523624","True","True","False","False","False"
"298040","효성중공업","soph_handoff_hyosung_heavy_industries_v1_INPUT_PACKAGE_FOR_SOPH.zip","DA164B4FC1B618C121C52F3A8F717BE4B46A9B6AB237F955521DCBE2BE9E4CD6","4","raw_files/dart_pdf/[효성중공업][정정]사업보고서(2023.03.09).pdf","[효성중공업][정정]사업보고서(2023.03.09).pdf",".pdf","1597370","1424901","True","True","False","False","False"
"298040","효성중공업","soph_handoff_hyosung_heavy_industries_v1_INPUT_PACKAGE_FOR_SOPH.zip","DA164B4FC1B618C121C52F3A8F717BE4B46A9B6AB237F955521DCBE2BE9E4CD6","5","raw_files/dart_pdf/[효성중공업][정정]사업보고서(2024.03.15).pdf","[효성중공업][정정]사업보고서(2024.03.15).pdf",".pdf","1862779","1633577","True","True","False","False","False"
"298040","효성중공업","soph_handoff_hyosung_heavy_industries_v1_INPUT_PACKAGE_FOR_SOPH.zip","DA164B4FC1B618C121C52F3A8F717BE4B46A9B6AB237F955521DCBE2BE9E4CD6","6","raw_files/dart_pdf/[효성중공업][정정]사업보고서(2025.08.14).pdf","[효성중공업][정정]사업보고서(2025.08.14).pdf",".pdf","1917454","1565321","True","True","False","False","False"
"298040","효성중공업","soph_handoff_hyosung_heavy_industries_v1_INPUT_PACKAGE_FOR_SOPH.zip","DA164B4FC1B618C121C52F3A8F717BE4B46A9B6AB237F955521DCBE2BE9E4CD6","7","raw_files/dart_pdf/[효성중공업][정정]사업보고서(2026.03.23).pdf","[효성중공업][정정]사업보고서(2026.03.23).pdf",".pdf","1799842","1576656","True","True","False","False","False"
"298040","효성중공업","soph_handoff_hyosung_heavy_industries_v1_INPUT_PACKAGE_FOR_SOPH.zip","DA164B4FC1B618C121C52F3A8F717BE4B46A9B6AB237F955521DCBE2BE9E4CD6","8","raw_files/dart_pdf/[효성중공업]반기보고서(2020.08.14).pdf","[효성중공업]반기보고서(2020.08.14).pdf",".pdf","1067697","938671","True","True","False","False","False"
"298040","효성중공업","soph_handoff_hyosung_heavy_industries_v1_INPUT_PACKAGE_FOR_SOPH.zip","DA164B4FC1B618C121C52F3A8F717BE4B46A9B6AB237F955521DCBE2BE9E4CD6","9","raw_files/dart_pdf/[효성중공업]반기보고서(2021.08.13).pdf","[효성중공업]반기보고서(2021.08.13).pdf",".pdf","1357335","1194669","True","True","False","False","False"
"298040","효성중공업","soph_handoff_hyosung_heavy_industries_v1_INPUT_PACKAGE_FOR_SOPH.zip","DA164B4FC1B618C121C52F3A8F717BE4B46A9B6AB237F955521DCBE2BE9E4CD6","10","raw_files/dart_pdf/[효성중공업]반기보고서(2022.08.11).pdf","[효성중공업]반기보고서(2022.08.11).pdf",".pdf","1285309","1111860","True","True","False","False","False"
"298040","효성중공업","soph_handoff_hyosung_heavy_industries_v1_INPUT_PACKAGE_FOR_SOPH.zip","DA164B4FC1B618C121C52F3A8F717BE4B46A9B6AB237F955521DCBE2BE9E4CD6","11","raw_files/dart_pdf/[효성중공업]반기보고서(2023.08.11).pdf","[효성중공업]반기보고서(2023.08.11).pdf",".pdf","1251129","1113966","True","True","False","False","False"
"298040","효성중공업","soph_handoff_hyosung_heavy_industries_v1_INPUT_PACKAGE_FOR_SOPH.zip","DA164B4FC1B618C121C52F3A8F717BE4B46A9B6AB237F955521DCBE2BE9E4CD6","12","raw_files/dart_pdf/[효성중공업]반기보고서(2024.08.13).pdf","[효성중공업]반기보고서(2024.08.13).pdf",".pdf","1405238","1220977","True","True","False","False","False"
"298040","효성중공업","soph_handoff_hyosung_heavy_industries_v1_INPUT_PACKAGE_FOR_SOPH.zip","DA164B4FC1B618C121C52F3A8F717BE4B46A9B6AB237F955521DCBE2BE9E4CD6","13","raw_files/dart_pdf/[효성중공업]반기보고서(2025.08.14).pdf","[효성중공업]반기보고서(2025.08.14).pdf",".pdf","1296175","1152642","True","True","False","False","False"
"298040","효성중공업","soph_handoff_hyosung_heavy_industries_v1_INPUT_PACKAGE_FOR_SOPH.zip","DA164B4FC1B618C121C52F3A8F717BE4B46A9B6AB237F955521DCBE2BE9E4CD6","14","raw_files/dart_pdf/[효성중공업]분기보고서(2020.11.16).pdf","[효성중공업]분기보고서(2020.11.16).pdf",".pdf","1058582","939878","True","True","False","False","False"
"298040","효성중공업","soph_handoff_hyosung_heavy_industries_v1_INPUT_PACKAGE_FOR_SOPH.zip","DA164B4FC1B618C121C52F3A8F717BE4B46A9B6AB237F955521DCBE2BE9E4CD6","15","raw_files/dart_pdf/[효성중공업]분기보고서(2021.05.14).pdf","[효성중공업]분기보고서(2021.05.14).pdf",".pdf","1278584","1075997","True","True","False","False","False"
"298040","효성중공업","soph_handoff_hyosung_heavy_industries_v1_INPUT_PACKAGE_FOR_SOPH.zip","DA164B4FC1B618C121C52F3A8F717BE4B46A9B6AB237F955521DCBE2BE9E4CD6","16","raw_files/dart_pdf/[효성중공업]분기보고서(2021.11.12).pdf","[효성중공업]분기보고서(2021.11.12).pdf",".pdf","1092156","977698","True","True","False","False","False"
"298040","효성중공업","soph_handoff_hyosung_heavy_industries_v1_INPUT_PACKAGE_FOR_SOPH.zip","DA164B4FC1B618C121C52F3A8F717BE4B46A9B6AB237F955521DCBE2BE9E4CD6","17","raw_files/dart_pdf/[효성중공업]분기보고서(2022.11.11).pdf","[효성중공업]분기보고서(2022.11.11).pdf",".pdf","1087686","968760","True","True","False","False","False"
"298040","효성중공업","soph_handoff_hyosung_heavy_industries_v1_INPUT_PACKAGE_FOR_SOPH.zip","DA164B4FC1B618C121C52F3A8F717BE4B46A9B6AB237F955521DCBE2BE9E4CD6","18","raw_files/dart_pdf/[효성중공업]분기보고서(2023.05.12).pdf","[효성중공업]분기보고서(2023.05.12).pdf",".pdf","847190","768402","True","True","False","False","False"
"298040","효성중공업","soph_handoff_hyosung_heavy_industries_v1_INPUT_PACKAGE_FOR_SOPH.zip","DA164B4FC1B618C121C52F3A8F717BE4B46A9B6AB237F955521DCBE2BE9E4CD6","19","raw_files/dart_pdf/[효성중공업]분기보고서(2023.11.13).pdf","[효성중공업]분기보고서(2023.11.13).pdf",".pdf","869841","788357","True","True","False","False","False"
"298040","효성중공업","soph_handoff_hyosung_heavy_industries_v1_INPUT_PACKAGE_FOR_SOPH.zip","DA164B4FC1B618C121C52F3A8F717BE4B46A9B6AB237F955521DCBE2BE9E4CD6","20","raw_files/dart_pdf/[효성중공업]분기보고서(2024.11.13).pdf","[효성중공업]분기보고서(2024.11.13).pdf",".pdf","1070549","947520","True","True","False","False","False"
"298040","효성중공업","soph_handoff_hyosung_heavy_industries_v1_INPUT_PACKAGE_FOR_SOPH.zip","DA164B4FC1B618C121C52F3A8F717BE4B46A9B6AB237F955521DCBE2BE9E4CD6","21","raw_files/dart_pdf/[효성중공업]분기보고서(2025.05.14).pdf","[효성중공업]분기보고서(2025.05.14).pdf",".pdf","1038641","919216","True","True","False","False","False"
"298040","효성중공업","soph_handoff_hyosung_heavy_industries_v1_INPUT_PACKAGE_FOR_SOPH.zip","DA164B4FC1B618C121C52F3A8F717BE4B46A9B6AB237F955521DCBE2BE9E4CD6","22","raw_files/dart_pdf/[효성중공업]분기보고서(2025.11.13).pdf","[효성중공업]분기보고서(2025.11.13).pdf",".pdf","1093556","964796","True","True","False","False","False"
"298040","효성중공업","soph_handoff_hyosung_heavy_industries_v1_INPUT_PACKAGE_FOR_SOPH.zip","DA164B4FC1B618C121C52F3A8F717BE4B46A9B6AB237F955521DCBE2BE9E4CD6","23","raw_files/dart_pdf/[효성중공업]분기보고서(2026.05.14).pdf","[효성중공업]분기보고서(2026.05.14).pdf",".pdf","1075273","948004","True","True","False","False","False"
"298040","효성중공업","soph_handoff_hyosung_heavy_industries_v1_INPUT_PACKAGE_FOR_SOPH.zip","DA164B4FC1B618C121C52F3A8F717BE4B46A9B6AB237F955521DCBE2BE9E4CD6","24","raw_files/dart_pdf/[효성중공업]사업보고서(2021.03.10).pdf","[효성중공업]사업보고서(2021.03.10).pdf",".pdf","1405648","1252948","True","True","False","False","False"
"298040","효성중공업","soph_handoff_hyosung_heavy_industries_v1_INPUT_PACKAGE_FOR_SOPH.zip","DA164B4FC1B618C121C52F3A8F717BE4B46A9B6AB237F955521DCBE2BE9E4CD6","25","raw_files/dart_xls/[효성중공업][정정]분기보고서_IFRS(원문XBRL)(2022.07.27).zip","[효성중공업][정정]분기보고서_IFRS(원문XBRL)(2022.07.27).zip",".zip","212540","203633","True","False","False","True","True"
"298040","효성중공업","soph_handoff_hyosung_heavy_industries_v1_INPUT_PACKAGE_FOR_SOPH.zip","DA164B4FC1B618C121C52F3A8F717BE4B46A9B6AB237F955521DCBE2BE9E4CD6","26","raw_files/dart_xls/[효성중공업][정정]분기보고서_IFRS(원문XBRL)(2024.05.17).zip","[효성중공업][정정]분기보고서_IFRS(원문XBRL)(2024.05.17).zip",".zip","799919","791391","True","False","False","True","True"
"298040","효성중공업","soph_handoff_hyosung_heavy_industries_v1_INPUT_PACKAGE_FOR_SOPH.zip","DA164B4FC1B618C121C52F3A8F717BE4B46A9B6AB237F955521DCBE2BE9E4CD6","27","raw_files/dart_xls/[효성중공업][정정]사업보고서_IFRS(원문XBRL)(2022.07.27).zip","[효성중공업][정정]사업보고서_IFRS(원문XBRL)(2022.07.27).zip",".zip","221087","210928","True","False","False","True","True"
"298040","효성중공업","soph_handoff_hyosung_heavy_industries_v1_INPUT_PACKAGE_FOR_SOPH.zip","DA164B4FC1B618C121C52F3A8F717BE4B46A9B6AB237F955521DCBE2BE9E4CD6","28","raw_files/dart_xls/[효성중공업][정정]사업보고서_IFRS(원문XBRL)(2023.03.09).zip","[효성중공업][정정]사업보고서_IFRS(원문XBRL)(2023.03.09).zip",".zip","221060","213290","True","False","False","True","True"
"298040","효성중공업","soph_handoff_hyosung_heavy_industries_v1_INPUT_PACKAGE_FOR_SOPH.zip","DA164B4FC1B618C121C52F3A8F717BE4B46A9B6AB237F955521DCBE2BE9E4CD6","29","raw_files/dart_xls/[효성중공업][정정]사업보고서_IFRS(원문XBRL)(2024.03.15).zip","[효성중공업][정정]사업보고서_IFRS(원문XBRL)(2024.03.15).zip",".zip","1202910","1190341","True","False","False","True","True"
"298040","효성중공업","soph_handoff_hyosung_heavy_industries_v1_INPUT_PACKAGE_FOR_SOPH.zip","DA164B4FC1B618C121C52F3A8F717BE4B46A9B6AB237F955521DCBE2BE9E4CD6","30","raw_files/dart_xls/[효성중공업][정정]사업보고서_IFRS(원문XBRL)(2025.08.14).zip","[효성중공업][정정]사업보고서_IFRS(원문XBRL)(2025.08.14).zip",".zip","1250542","1231114","True","False","False","True","True"
"298040","효성중공업","soph_handoff_hyosung_heavy_industries_v1_INPUT_PACKAGE_FOR_SOPH.zip","DA164B4FC1B618C121C52F3A8F717BE4B46A9B6AB237F955521DCBE2BE9E4CD6","31","raw_files/dart_xls/[효성중공업][정정]사업보고서_IFRS(원문XBRL)(2026.03.23).zip","[효성중공업][정정]사업보고서_IFRS(원문XBRL)(2026.03.23).zip",".zip","1353432","1334800","True","False","False","True","True"
"298040","효성중공업","soph_handoff_hyosung_heavy_industries_v1_INPUT_PACKAGE_FOR_SOPH.zip","DA164B4FC1B618C121C52F3A8F717BE4B46A9B6AB237F955521DCBE2BE9E4CD6","32","raw_files/dart_xls/[효성중공업]반기보고서_IFRS(원문XBRL)(2020.08.14).zip","[효성중공업]반기보고서_IFRS(원문XBRL)(2020.08.14).zip",".zip","213126","202602","True","False","False","True","True"
"298040","효성중공업","soph_handoff_hyosung_heavy_industries_v1_INPUT_PACKAGE_FOR_SOPH.zip","DA164B4FC1B618C121C52F3A8F717BE4B46A9B6AB237F955521DCBE2BE9E4CD6","33","raw_files/dart_xls/[효성중공업]반기보고서_IFRS(원문XBRL)(2021.08.13).zip","[효성중공업]반기보고서_IFRS(원문XBRL)(2021.08.13).zip",".zip","214512","207417","True","False","False","True","True"
"298040","효성중공업","soph_handoff_hyosung_heavy_industries_v1_INPUT_PACKAGE_FOR_SOPH.zip","DA164B4FC1B618C121C52F3A8F717BE4B46A9B6AB237F955521DCBE2BE9E4CD6","34","raw_files/dart_xls/[효성중공업]반기보고서_IFRS(원문XBRL)(2022.08.11).zip","[효성중공업]반기보고서_IFRS(원문XBRL)(2022.08.11).zip",".zip","210181","203146","True","False","False","True","True"
"298040","효성중공업","soph_handoff_hyosung_heavy_industries_v1_INPUT_PACKAGE_FOR_SOPH.zip","DA164B4FC1B618C121C52F3A8F717BE4B46A9B6AB237F955521DCBE2BE9E4CD6","35","raw_files/dart_xls/[효성중공업]반기보고서_IFRS(원문XBRL)(2023.08.11).zip","[효성중공업]반기보고서_IFRS(원문XBRL)(2023.08.11).zip",".zip","211737","205525","True","False","False","True","True"
"298040","효성중공업","soph_handoff_hyosung_heavy_industries_v1_INPUT_PACKAGE_FOR_SOPH.zip","DA164B4FC1B618C121C52F3A8F717BE4B46A9B6AB237F955521DCBE2BE9E4CD6","36","raw_files/dart_xls/[효성중공업]반기보고서_IFRS(원문XBRL)(2024.08.13).zip","[효성중공업]반기보고서_IFRS(원문XBRL)(2024.08.13).zip",".zip","817779","809841","True","False","False","True","True"
"298040","효성중공업","soph_handoff_hyosung_heavy_industries_v1_INPUT_PACKAGE_FOR_SOPH.zip","DA164B4FC1B618C121C52F3A8F717BE4B46A9B6AB237F955521DCBE2BE9E4CD6","37","raw_files/dart_xls/[효성중공업]반기보고서_IFRS(원문XBRL)(2025.08.14).zip","[효성중공업]반기보고서_IFRS(원문XBRL)(2025.08.14).zip",".zip","830907","820296","True","False","False","True","True"
"298040","효성중공업","soph_handoff_hyosung_heavy_industries_v1_INPUT_PACKAGE_FOR_SOPH.zip","DA164B4FC1B618C121C52F3A8F717BE4B46A9B6AB237F955521DCBE2BE9E4CD6","38","raw_files/dart_xls/[효성중공업]분기보고서_IFRS(원문XBRL)(2020.11.16).zip","[효성중공업]분기보고서_IFRS(원문XBRL)(2020.11.16).zip",".zip","213332","202664","True","False","False","True","True"
"298040","효성중공업","soph_handoff_hyosung_heavy_industries_v1_INPUT_PACKAGE_FOR_SOPH.zip","DA164B4FC1B618C121C52F3A8F717BE4B46A9B6AB237F955521DCBE2BE9E4CD6","39","raw_files/dart_xls/[효성중공업]분기보고서_IFRS(원문XBRL)(2021.05.14).zip","[효성중공업]분기보고서_IFRS(원문XBRL)(2021.05.14).zip",".zip","211990","198031","True","False","False","True","True"
"298040","효성중공업","soph_handoff_hyosung_heavy_industries_v1_INPUT_PACKAGE_FOR_SOPH.zip","DA164B4FC1B618C121C52F3A8F717BE4B46A9B6AB237F955521DCBE2BE9E4CD6","40","raw_files/dart_xls/[효성중공업]분기보고서_IFRS(원문XBRL)(2021.11.12).zip","[효성중공업]분기보고서_IFRS(원문XBRL)(2021.11.12).zip",".zip","216331","207619","True","False","False","True","True"
"298040","효성중공업","soph_handoff_hyosung_heavy_industries_v1_INPUT_PACKAGE_FOR_SOPH.zip","DA164B4FC1B618C121C52F3A8F717BE4B46A9B6AB237F955521DCBE2BE9E4CD6","41","raw_files/dart_xls/[효성중공업]분기보고서_IFRS(원문XBRL)(2022.11.11).zip","[효성중공업]분기보고서_IFRS(원문XBRL)(2022.11.11).zip",".zip","211050","200234","True","False","False","True","True"
"298040","효성중공업","soph_handoff_hyosung_heavy_industries_v1_INPUT_PACKAGE_FOR_SOPH.zip","DA164B4FC1B618C121C52F3A8F717BE4B46A9B6AB237F955521DCBE2BE9E4CD6","42","raw_files/dart_xls/[효성중공업]분기보고서_IFRS(원문XBRL)(2023.05.12).zip","[효성중공업]분기보고서_IFRS(원문XBRL)(2023.05.12).zip",".zip","213805","205550","True","False","False","True","True"
"298040","효성중공업","soph_handoff_hyosung_heavy_industries_v1_INPUT_PACKAGE_FOR_SOPH.zip","DA164B4FC1B618C121C52F3A8F717BE4B46A9B6AB237F955521DCBE2BE9E4CD6","43","raw_files/dart_xls/[효성중공업]분기보고서_IFRS(원문XBRL)(2023.11.13).zip","[효성중공업]분기보고서_IFRS(원문XBRL)(2023.11.13).zip",".zip","80545","79323","True","False","False","True","True"
"298040","효성중공업","soph_handoff_hyosung_heavy_industries_v1_INPUT_PACKAGE_FOR_SOPH.zip","DA164B4FC1B618C121C52F3A8F717BE4B46A9B6AB237F955521DCBE2BE9E4CD6","44","raw_files/dart_xls/[효성중공업]분기보고서_IFRS(원문XBRL)(2024.11.13).zip","[효성중공업]분기보고서_IFRS(원문XBRL)(2024.11.13).zip",".zip","805885","794473","True","False","False","True","True"
"298040","효성중공업","soph_handoff_hyosung_heavy_industries_v1_INPUT_PACKAGE_FOR_SOPH.zip","DA164B4FC1B618C121C52F3A8F717BE4B46A9B6AB237F955521DCBE2BE9E4CD6","45","raw_files/dart_xls/[효성중공업]분기보고서_IFRS(원문XBRL)(2025.05.14).zip","[효성중공업]분기보고서_IFRS(원문XBRL)(2025.05.14).zip",".zip","778435","766222","True","False","False","True","True"
"298040","효성중공업","soph_handoff_hyosung_heavy_industries_v1_INPUT_PACKAGE_FOR_SOPH.zip","DA164B4FC1B618C121C52F3A8F717BE4B46A9B6AB237F955521DCBE2BE9E4CD6","46","raw_files/dart_xls/[효성중공업]분기보고서_IFRS(원문XBRL)(2025.11.13).zip","[효성중공업]분기보고서_IFRS(원문XBRL)(2025.11.13).zip",".zip","855129","844217","True","False","False","True","True"
"298040","효성중공업","soph_handoff_hyosung_heavy_industries_v1_INPUT_PACKAGE_FOR_SOPH.zip","DA164B4FC1B618C121C52F3A8F717BE4B46A9B6AB237F955521DCBE2BE9E4CD6","47","raw_files/dart_xls/[효성중공업]분기보고서_IFRS(원문XBRL)(2026.05.14).zip","[효성중공업]분기보고서_IFRS(원문XBRL)(2026.05.14).zip",".zip","872545","860783","True","False","False","True","True"
"298040","효성중공업","soph_handoff_hyosung_heavy_industries_v1_INPUT_PACKAGE_FOR_SOPH.zip","DA164B4FC1B618C121C52F3A8F717BE4B46A9B6AB237F955521DCBE2BE9E4CD6","48","raw_files/dart_xls/[효성중공업]사업보고서_IFRS(원문XBRL)(2021.03.10).zip","[효성중공업]사업보고서_IFRS(원문XBRL)(2021.03.10).zip",".zip","219175","213231","True","False","False","True","True"
"298040","효성중공업","soph_handoff_hyosung_heavy_industries_v1_INPUT_PACKAGE_FOR_SOPH.zip","DA164B4FC1B618C121C52F3A8F717BE4B46A9B6AB237F955521DCBE2BE9E4CD6","49","reference_template/SOPH_DART_064350_현대로템_공시자료_정제본_v4_6_REFERENCE_TEMPLATE.xlsx","SOPH_DART_064350_현대로템_공시자료_정제본_v4_6_REFERENCE_TEMPLATE.xlsx",".xlsx","3081347","2765618","False","False","True","False","False"
"298040","효성중공업","soph_handoff_hyosung_heavy_industries_v1_INPUT_PACKAGE_FOR_SOPH.zip","DA164B4FC1B618C121C52F3A8F717BE4B46A9B6AB237F955521DCBE2BE9E4CD6","50","298040_SOPH_INPUT_MANIFEST.md","298040_SOPH_INPUT_MANIFEST.md",".md","1324","819","False","False","False","False","False"
"298040","효성중공업","soph_handoff_hyosung_heavy_industries_v1_INPUT_PACKAGE_FOR_SOPH.zip","DA164B4FC1B618C121C52F3A8F717BE4B46A9B6AB237F955521DCBE2BE9E4CD6","51","298040_SOURCE_FORMAT_NOTE.md","298040_SOURCE_FORMAT_NOTE.md",".md","930","562","False","False","False","False","False"
"298040","효성중공업","soph_handoff_hyosung_heavy_industries_v1_INPUT_PACKAGE_FOR_SOPH.zip","DA164B4FC1B618C121C52F3A8F717BE4B46A9B6AB237F955521DCBE2BE9E4CD6","52","298040_SOURCE_PAIR_STATUS.csv","298040_SOURCE_PAIR_STATUS.csv",".csv","6110","579","False","False","False","False","False"
"298040","효성중공업","soph_handoff_hyosung_heavy_industries_v1_INPUT_PACKAGE_FOR_SOPH.zip","DA164B4FC1B618C121C52F3A8F717BE4B46A9B6AB237F955521DCBE2BE9E4CD6","53","SOPH_RUN_REQUEST_298040.md","SOPH_RUN_REQUEST_298040.md",".md","1666","926","False","False","False","False","False"
"010120","LS일렉트릭","soph_handoff_ls_electric_v1_INPUT_PACKAGE_FOR_SOPH.zip","4EAEEB9A97FCA3B4FC406978762B81E55FF32420B761988CA4B823B8B20DDC7E","1","raw_files/dart_pdf/[엘에스일렉트릭][정정]사업보고서(2024.03.26).pdf","[엘에스일렉트릭][정정]사업보고서(2024.03.26).pdf",".pdf","1753124","1532118","True","True","False","False","False"
"010120","LS일렉트릭","soph_handoff_ls_electric_v1_INPUT_PACKAGE_FOR_SOPH.zip","4EAEEB9A97FCA3B4FC406978762B81E55FF32420B761988CA4B823B8B20DDC7E","2","raw_files/dart_pdf/[엘에스일렉트릭]반기보고서(2021.08.17).pdf","[엘에스일렉트릭]반기보고서(2021.08.17).pdf",".pdf","1205746","1049623","True","True","False","False","False"
"010120","LS일렉트릭","soph_handoff_ls_electric_v1_INPUT_PACKAGE_FOR_SOPH.zip","4EAEEB9A97FCA3B4FC406978762B81E55FF32420B761988CA4B823B8B20DDC7E","3","raw_files/dart_pdf/[엘에스일렉트릭]반기보고서(2022.08.16).pdf","[엘에스일렉트릭]반기보고서(2022.08.16).pdf",".pdf","1083750","979874","True","True","False","False","False"
"010120","LS일렉트릭","soph_handoff_ls_electric_v1_INPUT_PACKAGE_FOR_SOPH.zip","4EAEEB9A97FCA3B4FC406978762B81E55FF32420B761988CA4B823B8B20DDC7E","4","raw_files/dart_pdf/[엘에스일렉트릭]반기보고서(2023.08.14).pdf","[엘에스일렉트릭]반기보고서(2023.08.14).pdf",".pdf","1069587","959591","True","True","False","False","False"
"010120","LS일렉트릭","soph_handoff_ls_electric_v1_INPUT_PACKAGE_FOR_SOPH.zip","4EAEEB9A97FCA3B4FC406978762B81E55FF32420B761988CA4B823B8B20DDC7E","5","raw_files/dart_pdf/[엘에스일렉트릭]반기보고서(2024.08.14).pdf","[엘에스일렉트릭]반기보고서(2024.08.14).pdf",".pdf","1368929","1204632","True","True","False","False","False"
"010120","LS일렉트릭","soph_handoff_ls_electric_v1_INPUT_PACKAGE_FOR_SOPH.zip","4EAEEB9A97FCA3B4FC406978762B81E55FF32420B761988CA4B823B8B20DDC7E","6","raw_files/dart_pdf/[엘에스일렉트릭]반기보고서(2025.08.14).pdf","[엘에스일렉트릭]반기보고서(2025.08.14).pdf",".pdf","1410777","1256883","True","True","False","False","False"
"010120","LS일렉트릭","soph_handoff_ls_electric_v1_INPUT_PACKAGE_FOR_SOPH.zip","4EAEEB9A97FCA3B4FC406978762B81E55FF32420B761988CA4B823B8B20DDC7E","7","raw_files/dart_pdf/[엘에스일렉트릭]분기보고서(2021.05.17).pdf","[엘에스일렉트릭]분기보고서(2021.05.17).pdf",".pdf","961978","874242","True","True","False","False","False"
"010120","LS일렉트릭","soph_handoff_ls_electric_v1_INPUT_PACKAGE_FOR_SOPH.zip","4EAEEB9A97FCA3B4FC406978762B81E55FF32420B761988CA4B823B8B20DDC7E","8","raw_files/dart_pdf/[엘에스일렉트릭]분기보고서(2021.11.15).pdf","[엘에스일렉트릭]분기보고서(2021.11.15).pdf",".pdf","1133128","983842","True","True","False","False","False"
"010120","LS일렉트릭","soph_handoff_ls_electric_v1_INPUT_PACKAGE_FOR_SOPH.zip","4EAEEB9A97FCA3B4FC406978762B81E55FF32420B761988CA4B823B8B20DDC7E","9","raw_files/dart_pdf/[엘에스일렉트릭]분기보고서(2022.05.16).pdf","[엘에스일렉트릭]분기보고서(2022.05.16).pdf",".pdf","999882","892011","True","True","False","False","False"
"010120","LS일렉트릭","soph_handoff_ls_electric_v1_INPUT_PACKAGE_FOR_SOPH.zip","4EAEEB9A97FCA3B4FC406978762B81E55FF32420B761988CA4B823B8B20DDC7E","10","raw_files/dart_pdf/[엘에스일렉트릭]분기보고서(2022.11.14).pdf","[엘에스일렉트릭]분기보고서(2022.11.14).pdf",".pdf","1090282","986084","True","True","False","False","False"
"010120","LS일렉트릭","soph_handoff_ls_electric_v1_INPUT_PACKAGE_FOR_SOPH.zip","4EAEEB9A97FCA3B4FC406978762B81E55FF32420B761988CA4B823B8B20DDC7E","11","raw_files/dart_pdf/[엘에스일렉트릭]분기보고서(2023.05.15).pdf","[엘에스일렉트릭]분기보고서(2023.05.15).pdf",".pdf","1035202","926522","True","True","False","False","False"
"010120","LS일렉트릭","soph_handoff_ls_electric_v1_INPUT_PACKAGE_FOR_SOPH.zip","4EAEEB9A97FCA3B4FC406978762B81E55FF32420B761988CA4B823B8B20DDC7E","12","raw_files/dart_pdf/[엘에스일렉트릭]분기보고서(2023.11.14).pdf","[엘에스일렉트릭]분기보고서(2023.11.14).pdf",".pdf","1088523","974486","True","True","False","False","False"
"010120","LS일렉트릭","soph_handoff_ls_electric_v1_INPUT_PACKAGE_FOR_SOPH.zip","4EAEEB9A97FCA3B4FC406978762B81E55FF32420B761988CA4B823B8B20DDC7E","13","raw_files/dart_pdf/[엘에스일렉트릭]분기보고서(2024.05.14).pdf","[엘에스일렉트릭]분기보고서(2024.05.14).pdf",".pdf","1348925","1183497","True","True","False","False","False"
"010120","LS일렉트릭","soph_handoff_ls_electric_v1_INPUT_PACKAGE_FOR_SOPH.zip","4EAEEB9A97FCA3B4FC406978762B81E55FF32420B761988CA4B823B8B20DDC7E","14","raw_files/dart_pdf/[엘에스일렉트릭]분기보고서(2024.11.14).pdf","[엘에스일렉트릭]분기보고서(2024.11.14).pdf",".pdf","1379133","1210372","True","True","False","False","False"
"010120","LS일렉트릭","soph_handoff_ls_electric_v1_INPUT_PACKAGE_FOR_SOPH.zip","4EAEEB9A97FCA3B4FC406978762B81E55FF32420B761988CA4B823B8B20DDC7E","15","raw_files/dart_pdf/[엘에스일렉트릭]분기보고서(2025.05.15).pdf","[엘에스일렉트릭]분기보고서(2025.05.15).pdf",".pdf","1336936","1188987","True","True","False","False","False"
"010120","LS일렉트릭","soph_handoff_ls_electric_v1_INPUT_PACKAGE_FOR_SOPH.zip","4EAEEB9A97FCA3B4FC406978762B81E55FF32420B761988CA4B823B8B20DDC7E","16","raw_files/dart_pdf/[엘에스일렉트릭]분기보고서(2025.11.14).pdf","[엘에스일렉트릭]분기보고서(2025.11.14).pdf",".pdf","1440509","1283526","True","True","False","False","False"
"010120","LS일렉트릭","soph_handoff_ls_electric_v1_INPUT_PACKAGE_FOR_SOPH.zip","4EAEEB9A97FCA3B4FC406978762B81E55FF32420B761988CA4B823B8B20DDC7E","17","raw_files/dart_pdf/[엘에스일렉트릭]분기보고서(2026.05.14).pdf","[엘에스일렉트릭]분기보고서(2026.05.14).pdf",".pdf","1306406","1163557","True","True","False","False","False"
"010120","LS일렉트릭","soph_handoff_ls_electric_v1_INPUT_PACKAGE_FOR_SOPH.zip","4EAEEB9A97FCA3B4FC406978762B81E55FF32420B761988CA4B823B8B20DDC7E","18","raw_files/dart_pdf/[엘에스일렉트릭]사업보고서(2021.03.19).pdf","[엘에스일렉트릭]사업보고서(2021.03.19).pdf",".pdf","1165285","1054755","True","True","False","False","False"
"010120","LS일렉트릭","soph_handoff_ls_electric_v1_INPUT_PACKAGE_FOR_SOPH.zip","4EAEEB9A97FCA3B4FC406978762B81E55FF32420B761988CA4B823B8B20DDC7E","19","raw_files/dart_pdf/[엘에스일렉트릭]사업보고서(2022.03.18).pdf","[엘에스일렉트릭]사업보고서(2022.03.18).pdf",".pdf","1150387","1035439","True","True","False","False","False"
"010120","LS일렉트릭","soph_handoff_ls_electric_v1_INPUT_PACKAGE_FOR_SOPH.zip","4EAEEB9A97FCA3B4FC406978762B81E55FF32420B761988CA4B823B8B20DDC7E","20","raw_files/dart_pdf/[엘에스일렉트릭]사업보고서(2023.03.20).pdf","[엘에스일렉트릭]사업보고서(2023.03.20).pdf",".pdf","1314198","1175705","True","True","False","False","False"
"010120","LS일렉트릭","soph_handoff_ls_electric_v1_INPUT_PACKAGE_FOR_SOPH.zip","4EAEEB9A97FCA3B4FC406978762B81E55FF32420B761988CA4B823B8B20DDC7E","21","raw_files/dart_pdf/[엘에스일렉트릭]사업보고서(2025.03.17).pdf","[엘에스일렉트릭]사업보고서(2025.03.17).pdf",".pdf","1650038","1447314","True","True","False","False","False"
"010120","LS일렉트릭","soph_handoff_ls_electric_v1_INPUT_PACKAGE_FOR_SOPH.zip","4EAEEB9A97FCA3B4FC406978762B81E55FF32420B761988CA4B823B8B20DDC7E","22","raw_files/dart_pdf/[엘에스일렉트릭]사업보고서(2026.03.18).pdf","[엘에스일렉트릭]사업보고서(2026.03.18).pdf",".pdf","1600615","1418606","True","True","False","False","False"
"010120","LS일렉트릭","soph_handoff_ls_electric_v1_INPUT_PACKAGE_FOR_SOPH.zip","4EAEEB9A97FCA3B4FC406978762B81E55FF32420B761988CA4B823B8B20DDC7E","23","raw_files/dart_xbrl_zip/[엘에스일렉트릭][정정]사업보고서_IFRS(원문XBRL)(2024.03.26).zip","[엘에스일렉트릭][정정]사업보고서_IFRS(원문XBRL)(2024.03.26).zip",".zip","1280684","1269850","True","False","False","True","True"
"010120","LS일렉트릭","soph_handoff_ls_electric_v1_INPUT_PACKAGE_FOR_SOPH.zip","4EAEEB9A97FCA3B4FC406978762B81E55FF32420B761988CA4B823B8B20DDC7E","24","raw_files/dart_xbrl_zip/[엘에스일렉트릭]반기보고서_IFRS(원문XBRL)(2021.08.17).zip","[엘에스일렉트릭]반기보고서_IFRS(원문XBRL)(2021.08.17).zip",".zip","260727","256232","True","False","False","True","True"
"010120","LS일렉트릭","soph_handoff_ls_electric_v1_INPUT_PACKAGE_FOR_SOPH.zip","4EAEEB9A97FCA3B4FC406978762B81E55FF32420B761988CA4B823B8B20DDC7E","25","raw_files/dart_xbrl_zip/[엘에스일렉트릭]반기보고서_IFRS(원문XBRL)(2022.08.16).zip","[엘에스일렉트릭]반기보고서_IFRS(원문XBRL)(2022.08.16).zip",".zip","263129","252596","True","False","False","True","True"
"010120","LS일렉트릭","soph_handoff_ls_electric_v1_INPUT_PACKAGE_FOR_SOPH.zip","4EAEEB9A97FCA3B4FC406978762B81E55FF32420B761988CA4B823B8B20DDC7E","26","raw_files/dart_xbrl_zip/[엘에스일렉트릭]반기보고서_IFRS(원문XBRL)(2023.08.14).zip","[엘에스일렉트릭]반기보고서_IFRS(원문XBRL)(2023.08.14).zip",".zip","261061","256981","True","False","False","True","True"
"010120","LS일렉트릭","soph_handoff_ls_electric_v1_INPUT_PACKAGE_FOR_SOPH.zip","4EAEEB9A97FCA3B4FC406978762B81E55FF32420B761988CA4B823B8B20DDC7E","27","raw_files/dart_xbrl_zip/[엘에스일렉트릭]반기보고서_IFRS(원문XBRL)(2024.08.14).zip","[엘에스일렉트릭]반기보고서_IFRS(원문XBRL)(2024.08.14).zip",".zip","1078948","1068712","True","False","False","True","True"
"010120","LS일렉트릭","soph_handoff_ls_electric_v1_INPUT_PACKAGE_FOR_SOPH.zip","4EAEEB9A97FCA3B4FC406978762B81E55FF32420B761988CA4B823B8B20DDC7E","28","raw_files/dart_xbrl_zip/[엘에스일렉트릭]반기보고서_IFRS(원문XBRL)(2025.08.14).zip","[엘에스일렉트릭]반기보고서_IFRS(원문XBRL)(2025.08.14).zip",".zip","945972","933339","True","False","False","True","True"
"010120","LS일렉트릭","soph_handoff_ls_electric_v1_INPUT_PACKAGE_FOR_SOPH.zip","4EAEEB9A97FCA3B4FC406978762B81E55FF32420B761988CA4B823B8B20DDC7E","29","raw_files/dart_xbrl_zip/[엘에스일렉트릭]분기보고서_IFRS(원문XBRL)(2021.05.17).zip","[엘에스일렉트릭]분기보고서_IFRS(원문XBRL)(2021.05.17).zip",".zip","255784","251123","True","False","False","True","True"
"010120","LS일렉트릭","soph_handoff_ls_electric_v1_INPUT_PACKAGE_FOR_SOPH.zip","4EAEEB9A97FCA3B4FC406978762B81E55FF32420B761988CA4B823B8B20DDC7E","30","raw_files/dart_xbrl_zip/[엘에스일렉트릭]분기보고서_IFRS(원문XBRL)(2021.11.15).zip","[엘에스일렉트릭]분기보고서_IFRS(원문XBRL)(2021.11.15).zip",".zip","262853","251837","True","False","False","True","True"
"010120","LS일렉트릭","soph_handoff_ls_electric_v1_INPUT_PACKAGE_FOR_SOPH.zip","4EAEEB9A97FCA3B4FC406978762B81E55FF32420B761988CA4B823B8B20DDC7E","31","raw_files/dart_xbrl_zip/[엘에스일렉트릭]분기보고서_IFRS(원문XBRL)(2022.05.16).zip","[엘에스일렉트릭]분기보고서_IFRS(원문XBRL)(2022.05.16).zip",".zip","257401","252966","True","False","False","True","True"
"010120","LS일렉트릭","soph_handoff_ls_electric_v1_INPUT_PACKAGE_FOR_SOPH.zip","4EAEEB9A97FCA3B4FC406978762B81E55FF32420B761988CA4B823B8B20DDC7E","32","raw_files/dart_xbrl_zip/[엘에스일렉트릭]분기보고서_IFRS(원문XBRL)(2022.11.14).zip","[엘에스일렉트릭]분기보고서_IFRS(원문XBRL)(2022.11.14).zip",".zip","264960","253044","True","False","False","True","True"
"010120","LS일렉트릭","soph_handoff_ls_electric_v1_INPUT_PACKAGE_FOR_SOPH.zip","4EAEEB9A97FCA3B4FC406978762B81E55FF32420B761988CA4B823B8B20DDC7E","33","raw_files/dart_xbrl_zip/[엘에스일렉트릭]분기보고서_IFRS(원문XBRL)(2023.05.15).zip","[엘에스일렉트릭]분기보고서_IFRS(원문XBRL)(2023.05.15).zip",".zip","257250","253437","True","False","False","True","True"
"010120","LS일렉트릭","soph_handoff_ls_electric_v1_INPUT_PACKAGE_FOR_SOPH.zip","4EAEEB9A97FCA3B4FC406978762B81E55FF32420B761988CA4B823B8B20DDC7E","34","raw_files/dart_xbrl_zip/[엘에스일렉트릭]분기보고서_IFRS(원문XBRL)(2023.11.14).zip","[엘에스일렉트릭]분기보고서_IFRS(원문XBRL)(2023.11.14).zip",".zip","131402","128516","True","False","False","True","True"
"010120","LS일렉트릭","soph_handoff_ls_electric_v1_INPUT_PACKAGE_FOR_SOPH.zip","4EAEEB9A97FCA3B4FC406978762B81E55FF32420B761988CA4B823B8B20DDC7E","35","raw_files/dart_xbrl_zip/[엘에스일렉트릭]분기보고서_IFRS(원문XBRL)(2024.05.14).zip","[엘에스일렉트릭]분기보고서_IFRS(원문XBRL)(2024.05.14).zip",".zip","1002965","993390","True","False","False","True","True"
"010120","LS일렉트릭","soph_handoff_ls_electric_v1_INPUT_PACKAGE_FOR_SOPH.zip","4EAEEB9A97FCA3B4FC406978762B81E55FF32420B761988CA4B823B8B20DDC7E","36","raw_files/dart_xbrl_zip/[엘에스일렉트릭]분기보고서_IFRS(원문XBRL)(2024.11.14).zip","[엘에스일렉트릭]분기보고서_IFRS(원문XBRL)(2024.11.14).zip",".zip","1110480","1093913","True","False","False","True","True"
"010120","LS일렉트릭","soph_handoff_ls_electric_v1_INPUT_PACKAGE_FOR_SOPH.zip","4EAEEB9A97FCA3B4FC406978762B81E55FF32420B761988CA4B823B8B20DDC7E","37","raw_files/dart_xbrl_zip/[엘에스일렉트릭]분기보고서_IFRS(원문XBRL)(2025.05.15).zip","[엘에스일렉트릭]분기보고서_IFRS(원문XBRL)(2025.05.15).zip",".zip","920512","908095","True","False","False","True","True"
"010120","LS일렉트릭","soph_handoff_ls_electric_v1_INPUT_PACKAGE_FOR_SOPH.zip","4EAEEB9A97FCA3B4FC406978762B81E55FF32420B761988CA4B823B8B20DDC7E","38","raw_files/dart_xbrl_zip/[엘에스일렉트릭]분기보고서_IFRS(원문XBRL)(2025.11.14).zip","[엘에스일렉트릭]분기보고서_IFRS(원문XBRL)(2025.11.14).zip",".zip","972107","959366","True","False","False","True","True"
"010120","LS일렉트릭","soph_handoff_ls_electric_v1_INPUT_PACKAGE_FOR_SOPH.zip","4EAEEB9A97FCA3B4FC406978762B81E55FF32420B761988CA4B823B8B20DDC7E","39","raw_files/dart_xbrl_zip/[엘에스일렉트릭]분기보고서_IFRS(원문XBRL)(2026.05.14).zip","[엘에스일렉트릭]분기보고서_IFRS(원문XBRL)(2026.05.14).zip",".zip","969027","957349","True","False","False","True","True"
"010120","LS일렉트릭","soph_handoff_ls_electric_v1_INPUT_PACKAGE_FOR_SOPH.zip","4EAEEB9A97FCA3B4FC406978762B81E55FF32420B761988CA4B823B8B20DDC7E","40","raw_files/dart_xbrl_zip/[엘에스일렉트릭]사업보고서_IFRS(원문XBRL)(2021.03.19).zip","[엘에스일렉트릭]사업보고서_IFRS(원문XBRL)(2021.03.19).zip",".zip","267978","256843","True","False","False","True","True"
"010120","LS일렉트릭","soph_handoff_ls_electric_v1_INPUT_PACKAGE_FOR_SOPH.zip","4EAEEB9A97FCA3B4FC406978762B81E55FF32420B761988CA4B823B8B20DDC7E","41","raw_files/dart_xbrl_zip/[엘에스일렉트릭]사업보고서_IFRS(원문XBRL)(2022.03.18).zip","[엘에스일렉트릭]사업보고서_IFRS(원문XBRL)(2022.03.18).zip",".zip","268491","251102","True","False","False","True","True"
"010120","LS일렉트릭","soph_handoff_ls_electric_v1_INPUT_PACKAGE_FOR_SOPH.zip","4EAEEB9A97FCA3B4FC406978762B81E55FF32420B761988CA4B823B8B20DDC7E","42","raw_files/dart_xbrl_zip/[엘에스일렉트릭]사업보고서_IFRS(원문XBRL)(2023.03.20).zip","[엘에스일렉트릭]사업보고서_IFRS(원문XBRL)(2023.03.20).zip",".zip","271606","261253","True","False","False","True","True"
"010120","LS일렉트릭","soph_handoff_ls_electric_v1_INPUT_PACKAGE_FOR_SOPH.zip","4EAEEB9A97FCA3B4FC406978762B81E55FF32420B761988CA4B823B8B20DDC7E","43","raw_files/dart_xbrl_zip/[엘에스일렉트릭]사업보고서_IFRS(원문XBRL)(2025.03.17).zip","[엘에스일렉트릭]사업보고서_IFRS(원문XBRL)(2025.03.17).zip",".zip","1280187","1264906","True","False","False","True","True"
"010120","LS일렉트릭","soph_handoff_ls_electric_v1_INPUT_PACKAGE_FOR_SOPH.zip","4EAEEB9A97FCA3B4FC406978762B81E55FF32420B761988CA4B823B8B20DDC7E","44","raw_files/dart_xbrl_zip/[엘에스일렉트릭]사업보고서_IFRS(원문XBRL)(2026.03.18).zip","[엘에스일렉트릭]사업보고서_IFRS(원문XBRL)(2026.03.18).zip",".zip","1303274","1289759","True","False","False","True","True"
"010120","LS일렉트릭","soph_handoff_ls_electric_v1_INPUT_PACKAGE_FOR_SOPH.zip","4EAEEB9A97FCA3B4FC406978762B81E55FF32420B761988CA4B823B8B20DDC7E","45","reference_template/SOPH_DART_064350_현대로템_공시자료_정제본_v4_6_REFERENCE_TEMPLATE.xlsx","SOPH_DART_064350_현대로템_공시자료_정제본_v4_6_REFERENCE_TEMPLATE.xlsx",".xlsx","3081347","2765618","False","False","True","False","False"
"010120","LS일렉트릭","soph_handoff_ls_electric_v1_INPUT_PACKAGE_FOR_SOPH.zip","4EAEEB9A97FCA3B4FC406978762B81E55FF32420B761988CA4B823B8B20DDC7E","46","LS_ELECTRIC_010120_SOPH_INPUT_MANIFEST.md","LS_ELECTRIC_010120_SOPH_INPUT_MANIFEST.md",".md","2016","1111","False","False","False","False","False"
"010120","LS일렉트릭","soph_handoff_ls_electric_v1_INPUT_PACKAGE_FOR_SOPH.zip","4EAEEB9A97FCA3B4FC406978762B81E55FF32420B761988CA4B823B8B20DDC7E","47","SOPH_RUN_REQUEST_LS_ELECTRIC_010120.md","SOPH_RUN_REQUEST_LS_ELECTRIC_010120.md",".md","4098","1790","False","False","False","False","False"
"267260","HD현대일렉트릭","soph_handoff_hd_hyundai_electric_v1_INPUT_PACKAGE_FOR_SOPH.zip","F510D02C8FB81F084EB9FF87D3355868D8FD3A000B9C905BCF4BAC76C781794A","1","raw_files/dart_pdf/[HD현대일렉트릭][정정]사업보고서(2025.03.20).pdf","[HD현대일렉트릭][정정]사업보고서(2025.03.20).pdf",".pdf","1797351","1378956","True","True","False","False","False"
"267260","HD현대일렉트릭","soph_handoff_hd_hyundai_electric_v1_INPUT_PACKAGE_FOR_SOPH.zip","F510D02C8FB81F084EB9FF87D3355868D8FD3A000B9C905BCF4BAC76C781794A","2","raw_files/dart_pdf/[HD현대일렉트릭]반기보고서(2020.08.14).pdf","[HD현대일렉트릭]반기보고서(2020.08.14).pdf",".pdf","1111487","905817","True","True","False","False","False"
"267260","HD현대일렉트릭","soph_handoff_hd_hyundai_electric_v1_INPUT_PACKAGE_FOR_SOPH.zip","F510D02C8FB81F084EB9FF87D3355868D8FD3A000B9C905BCF4BAC76C781794A","3","raw_files/dart_pdf/[HD현대일렉트릭]반기보고서(2021.08.17).pdf","[HD현대일렉트릭]반기보고서(2021.08.17).pdf",".pdf","1025722","817639","True","True","False","False","False"
"267260","HD현대일렉트릭","soph_handoff_hd_hyundai_electric_v1_INPUT_PACKAGE_FOR_SOPH.zip","F510D02C8FB81F084EB9FF87D3355868D8FD3A000B9C905BCF4BAC76C781794A","4","raw_files/dart_pdf/[HD현대일렉트릭]반기보고서(2022.08.16).pdf","[HD현대일렉트릭]반기보고서(2022.08.16).pdf",".pdf","1062941","841704","True","True","False","False","False"
"267260","HD현대일렉트릭","soph_handoff_hd_hyundai_electric_v1_INPUT_PACKAGE_FOR_SOPH.zip","F510D02C8FB81F084EB9FF87D3355868D8FD3A000B9C905BCF4BAC76C781794A","5","raw_files/dart_pdf/[HD현대일렉트릭]반기보고서(2023.08.14).pdf","[HD현대일렉트릭]반기보고서(2023.08.14).pdf",".pdf","1123391","994577","True","True","False","False","False"
"267260","HD현대일렉트릭","soph_handoff_hd_hyundai_electric_v1_INPUT_PACKAGE_FOR_SOPH.zip","F510D02C8FB81F084EB9FF87D3355868D8FD3A000B9C905BCF4BAC76C781794A","6","raw_files/dart_pdf/[HD현대일렉트릭]반기보고서(2024.08.14).pdf","[HD현대일렉트릭]반기보고서(2024.08.14).pdf",".pdf","1286131","1122903","True","True","False","False","False"
"267260","HD현대일렉트릭","soph_handoff_hd_hyundai_electric_v1_INPUT_PACKAGE_FOR_SOPH.zip","F510D02C8FB81F084EB9FF87D3355868D8FD3A000B9C905BCF4BAC76C781794A","7","raw_files/dart_pdf/[HD현대일렉트릭]반기보고서(2025.08.14).pdf","[HD현대일렉트릭]반기보고서(2025.08.14).pdf",".pdf","1251534","1074310","True","True","False","False","False"
"267260","HD현대일렉트릭","soph_handoff_hd_hyundai_electric_v1_INPUT_PACKAGE_FOR_SOPH.zip","F510D02C8FB81F084EB9FF87D3355868D8FD3A000B9C905BCF4BAC76C781794A","8","raw_files/dart_pdf/[HD현대일렉트릭]분기보고서(2020.11.16).pdf","[HD현대일렉트릭]분기보고서(2020.11.16).pdf",".pdf","1101495","893771","True","True","False","False","False"
"267260","HD현대일렉트릭","soph_handoff_hd_hyundai_electric_v1_INPUT_PACKAGE_FOR_SOPH.zip","F510D02C8FB81F084EB9FF87D3355868D8FD3A000B9C905BCF4BAC76C781794A","9","raw_files/dart_pdf/[HD현대일렉트릭]분기보고서(2021.05.17).pdf","[HD현대일렉트릭]분기보고서(2021.05.17).pdf",".pdf","1027526","820256","True","True","False","False","False"
"267260","HD현대일렉트릭","soph_handoff_hd_hyundai_electric_v1_INPUT_PACKAGE_FOR_SOPH.zip","F510D02C8FB81F084EB9FF87D3355868D8FD3A000B9C905BCF4BAC76C781794A","10","raw_files/dart_pdf/[HD현대일렉트릭]분기보고서(2021.11.15).pdf","[HD현대일렉트릭]분기보고서(2021.11.15).pdf",".pdf","1041828","823103","True","True","False","False","False"
"267260","HD현대일렉트릭","soph_handoff_hd_hyundai_electric_v1_INPUT_PACKAGE_FOR_SOPH.zip","F510D02C8FB81F084EB9FF87D3355868D8FD3A000B9C905BCF4BAC76C781794A","11","raw_files/dart_pdf/[HD현대일렉트릭]분기보고서(2022.05.16).pdf","[HD현대일렉트릭]분기보고서(2022.05.16).pdf",".pdf","1025285","808199","True","True","False","False","False"
"267260","HD현대일렉트릭","soph_handoff_hd_hyundai_electric_v1_INPUT_PACKAGE_FOR_SOPH.zip","F510D02C8FB81F084EB9FF87D3355868D8FD3A000B9C905BCF4BAC76C781794A","12","raw_files/dart_pdf/[HD현대일렉트릭]분기보고서(2022.11.14).pdf","[HD현대일렉트릭]분기보고서(2022.11.14).pdf",".pdf","1062325","841342","True","True","False","False","False"
"267260","HD현대일렉트릭","soph_handoff_hd_hyundai_electric_v1_INPUT_PACKAGE_FOR_SOPH.zip","F510D02C8FB81F084EB9FF87D3355868D8FD3A000B9C905BCF4BAC76C781794A","13","raw_files/dart_pdf/[HD현대일렉트릭]분기보고서(2023.05.15).pdf","[HD현대일렉트릭]분기보고서(2023.05.15).pdf",".pdf","1096847","970393","True","True","False","False","False"
"267260","HD현대일렉트릭","soph_handoff_hd_hyundai_electric_v1_INPUT_PACKAGE_FOR_SOPH.zip","F510D02C8FB81F084EB9FF87D3355868D8FD3A000B9C905BCF4BAC76C781794A","14","raw_files/dart_pdf/[HD현대일렉트릭]분기보고서(2023.11.14).pdf","[HD현대일렉트릭]분기보고서(2023.11.14).pdf",".pdf","1102905","971202","True","True","False","False","False"
"267260","HD현대일렉트릭","soph_handoff_hd_hyundai_electric_v1_INPUT_PACKAGE_FOR_SOPH.zip","F510D02C8FB81F084EB9FF87D3355868D8FD3A000B9C905BCF4BAC76C781794A","15","raw_files/dart_pdf/[HD현대일렉트릭]분기보고서(2024.05.16).pdf","[HD현대일렉트릭]분기보고서(2024.05.16).pdf",".pdf","1170543","1022476","True","True","False","False","False"
"267260","HD현대일렉트릭","soph_handoff_hd_hyundai_electric_v1_INPUT_PACKAGE_FOR_SOPH.zip","F510D02C8FB81F084EB9FF87D3355868D8FD3A000B9C905BCF4BAC76C781794A","16","raw_files/dart_pdf/[HD현대일렉트릭]분기보고서(2024.11.14).pdf","[HD현대일렉트릭]분기보고서(2024.11.14).pdf",".pdf","1143839","998823","True","True","False","False","False"
"267260","HD현대일렉트릭","soph_handoff_hd_hyundai_electric_v1_INPUT_PACKAGE_FOR_SOPH.zip","F510D02C8FB81F084EB9FF87D3355868D8FD3A000B9C905BCF4BAC76C781794A","17","raw_files/dart_pdf/[HD현대일렉트릭]분기보고서(2025.05.15).pdf","[HD현대일렉트릭]분기보고서(2025.05.15).pdf",".pdf","842315","726179","True","True","False","False","False"
"267260","HD현대일렉트릭","soph_handoff_hd_hyundai_electric_v1_INPUT_PACKAGE_FOR_SOPH.zip","F510D02C8FB81F084EB9FF87D3355868D8FD3A000B9C905BCF4BAC76C781794A","18","raw_files/dart_pdf/[HD현대일렉트릭]분기보고서(2025.11.14).pdf","[HD현대일렉트릭]분기보고서(2025.11.14).pdf",".pdf","935028","811812","True","True","False","False","False"
"267260","HD현대일렉트릭","soph_handoff_hd_hyundai_electric_v1_INPUT_PACKAGE_FOR_SOPH.zip","F510D02C8FB81F084EB9FF87D3355868D8FD3A000B9C905BCF4BAC76C781794A","19","raw_files/dart_pdf/[HD현대일렉트릭]분기보고서(2026.05.15).pdf","[HD현대일렉트릭]분기보고서(2026.05.15).pdf",".pdf","953916","832964","True","True","False","False","False"
"267260","HD현대일렉트릭","soph_handoff_hd_hyundai_electric_v1_INPUT_PACKAGE_FOR_SOPH.zip","F510D02C8FB81F084EB9FF87D3355868D8FD3A000B9C905BCF4BAC76C781794A","20","raw_files/dart_pdf/[HD현대일렉트릭]사업보고서(2021.03.15).pdf","[HD현대일렉트릭]사업보고서(2021.03.15).pdf",".pdf","1356392","1106968","True","True","False","False","False"
"267260","HD현대일렉트릭","soph_handoff_hd_hyundai_electric_v1_INPUT_PACKAGE_FOR_SOPH.zip","F510D02C8FB81F084EB9FF87D3355868D8FD3A000B9C905BCF4BAC76C781794A","21","raw_files/dart_pdf/[HD현대일렉트릭]사업보고서(2022.03.11).pdf","[HD현대일렉트릭]사업보고서(2022.03.11).pdf",".pdf","1295036","1037277","True","True","False","False","False"
"267260","HD현대일렉트릭","soph_handoff_hd_hyundai_electric_v1_INPUT_PACKAGE_FOR_SOPH.zip","F510D02C8FB81F084EB9FF87D3355868D8FD3A000B9C905BCF4BAC76C781794A","22","raw_files/dart_pdf/[HD현대일렉트릭]사업보고서(2023.03.14).pdf","[HD현대일렉트릭]사업보고서(2023.03.14).pdf",".pdf","1369234","1196300","True","True","False","False","False"
"267260","HD현대일렉트릭","soph_handoff_hd_hyundai_electric_v1_INPUT_PACKAGE_FOR_SOPH.zip","F510D02C8FB81F084EB9FF87D3355868D8FD3A000B9C905BCF4BAC76C781794A","23","raw_files/dart_pdf/[HD현대일렉트릭]사업보고서(2024.03.18).pdf","[HD현대일렉트릭]사업보고서(2024.03.18).pdf",".pdf","1565086","1367663","True","True","False","False","False"
"267260","HD현대일렉트릭","soph_handoff_hd_hyundai_electric_v1_INPUT_PACKAGE_FOR_SOPH.zip","F510D02C8FB81F084EB9FF87D3355868D8FD3A000B9C905BCF4BAC76C781794A","24","raw_files/dart_pdf/[HD현대일렉트릭]사업보고서(2026.03.16).pdf","[HD현대일렉트릭]사업보고서(2026.03.16).pdf",".pdf","1296128","1131179","True","True","False","False","False"
"267260","HD현대일렉트릭","soph_handoff_hd_hyundai_electric_v1_INPUT_PACKAGE_FOR_SOPH.zip","F510D02C8FB81F084EB9FF87D3355868D8FD3A000B9C905BCF4BAC76C781794A","25","raw_files/dart_xbrl_zip/[HD현대일렉트릭][정정]사업보고서_IFRS(원문XBRL)(2025.03.20).zip","[HD현대일렉트릭][정정]사업보고서_IFRS(원문XBRL)(2025.03.20).zip",".zip","1120081","1103063","True","False","False","True","True"
"267260","HD현대일렉트릭","soph_handoff_hd_hyundai_electric_v1_INPUT_PACKAGE_FOR_SOPH.zip","F510D02C8FB81F084EB9FF87D3355868D8FD3A000B9C905BCF4BAC76C781794A","26","raw_files/dart_xbrl_zip/[HD현대일렉트릭]반기보고서_IFRS(원문XBRL)(2020.08.14).zip","[HD현대일렉트릭]반기보고서_IFRS(원문XBRL)(2020.08.14).zip",".zip","203327","194055","True","False","False","True","True"
"267260","HD현대일렉트릭","soph_handoff_hd_hyundai_electric_v1_INPUT_PACKAGE_FOR_SOPH.zip","F510D02C8FB81F084EB9FF87D3355868D8FD3A000B9C905BCF4BAC76C781794A","27","raw_files/dart_xbrl_zip/[HD현대일렉트릭]반기보고서_IFRS(원문XBRL)(2021.08.17).zip","[HD현대일렉트릭]반기보고서_IFRS(원문XBRL)(2021.08.17).zip",".zip","202073","197899","True","False","False","True","True"
"267260","HD현대일렉트릭","soph_handoff_hd_hyundai_electric_v1_INPUT_PACKAGE_FOR_SOPH.zip","F510D02C8FB81F084EB9FF87D3355868D8FD3A000B9C905BCF4BAC76C781794A","28","raw_files/dart_xbrl_zip/[HD현대일렉트릭]반기보고서_IFRS(원문XBRL)(2022.08.16).zip","[HD현대일렉트릭]반기보고서_IFRS(원문XBRL)(2022.08.16).zip",".zip","203930","198915","True","False","False","True","True"
"267260","HD현대일렉트릭","soph_handoff_hd_hyundai_electric_v1_INPUT_PACKAGE_FOR_SOPH.zip","F510D02C8FB81F084EB9FF87D3355868D8FD3A000B9C905BCF4BAC76C781794A","29","raw_files/dart_xbrl_zip/[HD현대일렉트릭]반기보고서_IFRS(원문XBRL)(2023.08.14).zip","[HD현대일렉트릭]반기보고서_IFRS(원문XBRL)(2023.08.14).zip",".zip","204927","198675","True","False","False","True","True"
"267260","HD현대일렉트릭","soph_handoff_hd_hyundai_electric_v1_INPUT_PACKAGE_FOR_SOPH.zip","F510D02C8FB81F084EB9FF87D3355868D8FD3A000B9C905BCF4BAC76C781794A","30","raw_files/dart_xbrl_zip/[HD현대일렉트릭]반기보고서_IFRS(원문XBRL)(2024.08.14).zip","[HD현대일렉트릭]반기보고서_IFRS(원문XBRL)(2024.08.14).zip",".zip","873091","862119","True","False","False","True","True"
"267260","HD현대일렉트릭","soph_handoff_hd_hyundai_electric_v1_INPUT_PACKAGE_FOR_SOPH.zip","F510D02C8FB81F084EB9FF87D3355868D8FD3A000B9C905BCF4BAC76C781794A","31","raw_files/dart_xbrl_zip/[HD현대일렉트릭]반기보고서_IFRS(원문XBRL)(2025.08.14).zip","[HD현대일렉트릭]반기보고서_IFRS(원문XBRL)(2025.08.14).zip",".zip","735935","722222","True","False","False","True","True"
"267260","HD현대일렉트릭","soph_handoff_hd_hyundai_electric_v1_INPUT_PACKAGE_FOR_SOPH.zip","F510D02C8FB81F084EB9FF87D3355868D8FD3A000B9C905BCF4BAC76C781794A","32","raw_files/dart_xbrl_zip/[HD현대일렉트릭]분기보고서_IFRS(원문XBRL)(2020.11.16).zip","[HD현대일렉트릭]분기보고서_IFRS(원문XBRL)(2020.11.16).zip",".zip","203804","196137","True","False","False","True","True"
"267260","HD현대일렉트릭","soph_handoff_hd_hyundai_electric_v1_INPUT_PACKAGE_FOR_SOPH.zip","F510D02C8FB81F084EB9FF87D3355868D8FD3A000B9C905BCF4BAC76C781794A","33","raw_files/dart_xbrl_zip/[HD현대일렉트릭]분기보고서_IFRS(원문XBRL)(2021.05.17).zip","[HD현대일렉트릭]분기보고서_IFRS(원문XBRL)(2021.05.17).zip",".zip","200836","196372","True","False","False","True","True"
"267260","HD현대일렉트릭","soph_handoff_hd_hyundai_electric_v1_INPUT_PACKAGE_FOR_SOPH.zip","F510D02C8FB81F084EB9FF87D3355868D8FD3A000B9C905BCF4BAC76C781794A","34","raw_files/dart_xbrl_zip/[HD현대일렉트릭]분기보고서_IFRS(원문XBRL)(2021.11.15).zip","[HD현대일렉트릭]분기보고서_IFRS(원문XBRL)(2021.11.15).zip",".zip","202709","193207","True","False","False","True","True"
"267260","HD현대일렉트릭","soph_handoff_hd_hyundai_electric_v1_INPUT_PACKAGE_FOR_SOPH.zip","F510D02C8FB81F084EB9FF87D3355868D8FD3A000B9C905BCF4BAC76C781794A","35","raw_files/dart_xbrl_zip/[HD현대일렉트릭]분기보고서_IFRS(원문XBRL)(2022.05.16).zip","[HD현대일렉트릭]분기보고서_IFRS(원문XBRL)(2022.05.16).zip",".zip","201228","196688","True","False","False","True","True"
"267260","HD현대일렉트릭","soph_handoff_hd_hyundai_electric_v1_INPUT_PACKAGE_FOR_SOPH.zip","F510D02C8FB81F084EB9FF87D3355868D8FD3A000B9C905BCF4BAC76C781794A","36","raw_files/dart_xbrl_zip/[HD현대일렉트릭]분기보고서_IFRS(원문XBRL)(2022.11.14).zip","[HD현대일렉트릭]분기보고서_IFRS(원문XBRL)(2022.11.14).zip",".zip","204205","200109","True","False","False","True","True"
"267260","HD현대일렉트릭","soph_handoff_hd_hyundai_electric_v1_INPUT_PACKAGE_FOR_SOPH.zip","F510D02C8FB81F084EB9FF87D3355868D8FD3A000B9C905BCF4BAC76C781794A","37","raw_files/dart_xbrl_zip/[HD현대일렉트릭]분기보고서_IFRS(원문XBRL)(2023.05.15).zip","[HD현대일렉트릭]분기보고서_IFRS(원문XBRL)(2023.05.15).zip",".zip","202342","197870","True","False","False","True","True"
"267260","HD현대일렉트릭","soph_handoff_hd_hyundai_electric_v1_INPUT_PACKAGE_FOR_SOPH.zip","F510D02C8FB81F084EB9FF87D3355868D8FD3A000B9C905BCF4BAC76C781794A","38","raw_files/dart_xbrl_zip/[HD현대일렉트릭]분기보고서_IFRS(원문XBRL)(2023.11.14).zip","[HD현대일렉트릭]분기보고서_IFRS(원문XBRL)(2023.11.14).zip",".zip","76609","75460","True","False","False","True","True"
"267260","HD현대일렉트릭","soph_handoff_hd_hyundai_electric_v1_INPUT_PACKAGE_FOR_SOPH.zip","F510D02C8FB81F084EB9FF87D3355868D8FD3A000B9C905BCF4BAC76C781794A","39","raw_files/dart_xbrl_zip/[HD현대일렉트릭]분기보고서_IFRS(원문XBRL)(2024.05.16).zip","[HD현대일렉트릭]분기보고서_IFRS(원문XBRL)(2024.05.16).zip",".zip","876807","866228","True","False","False","True","True"
"267260","HD현대일렉트릭","soph_handoff_hd_hyundai_electric_v1_INPUT_PACKAGE_FOR_SOPH.zip","F510D02C8FB81F084EB9FF87D3355868D8FD3A000B9C905BCF4BAC76C781794A","40","raw_files/dart_xbrl_zip/[HD현대일렉트릭]분기보고서_IFRS(원문XBRL)(2024.11.14).zip","[HD현대일렉트릭]분기보고서_IFRS(원문XBRL)(2024.11.14).zip",".zip","802343","789257","True","False","False","True","True"
"267260","HD현대일렉트릭","soph_handoff_hd_hyundai_electric_v1_INPUT_PACKAGE_FOR_SOPH.zip","F510D02C8FB81F084EB9FF87D3355868D8FD3A000B9C905BCF4BAC76C781794A","41","raw_files/dart_xbrl_zip/[HD현대일렉트릭]분기보고서_IFRS(원문XBRL)(2025.05.15).zip","[HD현대일렉트릭]분기보고서_IFRS(원문XBRL)(2025.05.15).zip",".zip","721347","705662","True","False","False","True","True"
"267260","HD현대일렉트릭","soph_handoff_hd_hyundai_electric_v1_INPUT_PACKAGE_FOR_SOPH.zip","F510D02C8FB81F084EB9FF87D3355868D8FD3A000B9C905BCF4BAC76C781794A","42","raw_files/dart_xbrl_zip/[HD현대일렉트릭]분기보고서_IFRS(원문XBRL)(2025.11.14).zip","[HD현대일렉트릭]분기보고서_IFRS(원문XBRL)(2025.11.14).zip",".zip","753760","742748","True","False","False","True","True"
"267260","HD현대일렉트릭","soph_handoff_hd_hyundai_electric_v1_INPUT_PACKAGE_FOR_SOPH.zip","F510D02C8FB81F084EB9FF87D3355868D8FD3A000B9C905BCF4BAC76C781794A","43","raw_files/dart_xbrl_zip/[HD현대일렉트릭]분기보고서_IFRS(원문XBRL)(2026.05.15).zip","[HD현대일렉트릭]분기보고서_IFRS(원문XBRL)(2026.05.15).zip",".zip","726151","713548","True","False","False","True","True"
"267260","HD현대일렉트릭","soph_handoff_hd_hyundai_electric_v1_INPUT_PACKAGE_FOR_SOPH.zip","F510D02C8FB81F084EB9FF87D3355868D8FD3A000B9C905BCF4BAC76C781794A","44","raw_files/dart_xbrl_zip/[HD현대일렉트릭]사업보고서_IFRS(원문XBRL)(2021.03.15).zip","[HD현대일렉트릭]사업보고서_IFRS(원문XBRL)(2021.03.15).zip",".zip","208352","203327","True","False","False","True","True"
"267260","HD현대일렉트릭","soph_handoff_hd_hyundai_electric_v1_INPUT_PACKAGE_FOR_SOPH.zip","F510D02C8FB81F084EB9FF87D3355868D8FD3A000B9C905BCF4BAC76C781794A","45","raw_files/dart_xbrl_zip/[HD현대일렉트릭]사업보고서_IFRS(원문XBRL)(2022.03.11).zip","[HD현대일렉트릭]사업보고서_IFRS(원문XBRL)(2022.03.11).zip",".zip","209969","203688","True","False","False","True","True"
"267260","HD현대일렉트릭","soph_handoff_hd_hyundai_electric_v1_INPUT_PACKAGE_FOR_SOPH.zip","F510D02C8FB81F084EB9FF87D3355868D8FD3A000B9C905BCF4BAC76C781794A","46","raw_files/dart_xbrl_zip/[HD현대일렉트릭]사업보고서_IFRS(원문XBRL)(2023.03.14).zip","[HD현대일렉트릭]사업보고서_IFRS(원문XBRL)(2023.03.14).zip",".zip","209116","204773","True","False","False","True","True"
"267260","HD현대일렉트릭","soph_handoff_hd_hyundai_electric_v1_INPUT_PACKAGE_FOR_SOPH.zip","F510D02C8FB81F084EB9FF87D3355868D8FD3A000B9C905BCF4BAC76C781794A","47","raw_files/dart_xbrl_zip/[HD현대일렉트릭]사업보고서_IFRS(원문XBRL)(2024.03.18).zip","[HD현대일렉트릭]사업보고서_IFRS(원문XBRL)(2024.03.18).zip",".zip","1343609","1329743","True","False","False","True","True"
"267260","HD현대일렉트릭","soph_handoff_hd_hyundai_electric_v1_INPUT_PACKAGE_FOR_SOPH.zip","F510D02C8FB81F084EB9FF87D3355868D8FD3A000B9C905BCF4BAC76C781794A","48","raw_files/dart_xbrl_zip/[HD현대일렉트릭]사업보고서_IFRS(원문XBRL)(2026.03.16).zip","[HD현대일렉트릭]사업보고서_IFRS(원문XBRL)(2026.03.16).zip",".zip","1094769","1080913","True","False","False","True","True"
"267260","HD현대일렉트릭","soph_handoff_hd_hyundai_electric_v1_INPUT_PACKAGE_FOR_SOPH.zip","F510D02C8FB81F084EB9FF87D3355868D8FD3A000B9C905BCF4BAC76C781794A","49","reference_template/SOPH_DART_064350_현대로템_공시자료_정제본_v4_6_REFERENCE_TEMPLATE.xlsx","SOPH_DART_064350_현대로템_공시자료_정제본_v4_6_REFERENCE_TEMPLATE.xlsx",".xlsx","3081347","2765618","False","False","True","False","False"
"267260","HD현대일렉트릭","soph_handoff_hd_hyundai_electric_v1_INPUT_PACKAGE_FOR_SOPH.zip","F510D02C8FB81F084EB9FF87D3355868D8FD3A000B9C905BCF4BAC76C781794A","50","267260_SOPH_INPUT_MANIFEST.md","267260_SOPH_INPUT_MANIFEST.md",".md","1339","824","False","False","False","False","False"
"267260","HD현대일렉트릭","soph_handoff_hd_hyundai_electric_v1_INPUT_PACKAGE_FOR_SOPH.zip","F510D02C8FB81F084EB9FF87D3355868D8FD3A000B9C905BCF4BAC76C781794A","51","267260_SOURCE_FORMAT_NOTE.md","267260_SOURCE_FORMAT_NOTE.md",".md","935","566","False","False","False","False","False"
"267260","HD현대일렉트릭","soph_handoff_hd_hyundai_electric_v1_INPUT_PACKAGE_FOR_SOPH.zip","F510D02C8FB81F084EB9FF87D3355868D8FD3A000B9C905BCF4BAC76C781794A","52","267260_SOURCE_PAIR_STATUS.csv","267260_SOURCE_PAIR_STATUS.csv",".csv","6310","618","False","False","False","False","False"
"267260","HD현대일렉트릭","soph_handoff_hd_hyundai_electric_v1_INPUT_PACKAGE_FOR_SOPH.zip","F510D02C8FB81F084EB9FF87D3355868D8FD3A000B9C905BCF4BAC76C781794A","53","SOPH_RUN_REQUEST_267260.md","SOPH_RUN_REQUEST_267260.md",".md","1681","932","False","False","False","False","False"
"018260","삼성SDS","soph_handoff_samsung_sds_v1_INPUT_PACKAGE_FOR_SOPH.zip","62E6952198DA55E2A57010078CE8694F336E264DB41DC60E9FC9FEA6666A1AE5","1","raw_files/dart_pdf/[삼성에스디에스][정정]사업보고서(2024.03.29).pdf","[삼성에스디에스][정정]사업보고서(2024.03.29).pdf",".pdf","1500376","1310637","True","True","False","False","False"
"018260","삼성SDS","soph_handoff_samsung_sds_v1_INPUT_PACKAGE_FOR_SOPH.zip","62E6952198DA55E2A57010078CE8694F336E264DB41DC60E9FC9FEA6666A1AE5","2","raw_files/dart_pdf/[삼성에스디에스]반기보고서(2021.08.17).pdf","[삼성에스디에스]반기보고서(2021.08.17).pdf",".pdf","1307932","1091132","True","True","False","False","False"
"018260","삼성SDS","soph_handoff_samsung_sds_v1_INPUT_PACKAGE_FOR_SOPH.zip","62E6952198DA55E2A57010078CE8694F336E264DB41DC60E9FC9FEA6666A1AE5","3","raw_files/dart_pdf/[삼성에스디에스]반기보고서(2022.08.16).pdf","[삼성에스디에스]반기보고서(2022.08.16).pdf",".pdf","1174745","1062989","True","True","False","False","False"
"018260","삼성SDS","soph_handoff_samsung_sds_v1_INPUT_PACKAGE_FOR_SOPH.zip","62E6952198DA55E2A57010078CE8694F336E264DB41DC60E9FC9FEA6666A1AE5","4","raw_files/dart_pdf/[삼성에스디에스]반기보고서(2023.08.14).pdf","[삼성에스디에스]반기보고서(2023.08.14).pdf",".pdf","1187971","1084075","True","True","False","False","False"
"018260","삼성SDS","soph_handoff_samsung_sds_v1_INPUT_PACKAGE_FOR_SOPH.zip","62E6952198DA55E2A57010078CE8694F336E264DB41DC60E9FC9FEA6666A1AE5","5","raw_files/dart_pdf/[삼성에스디에스]반기보고서(2024.08.14).pdf","[삼성에스디에스]반기보고서(2024.08.14).pdf",".pdf","1148333","1010340","True","True","False","False","False"
"018260","삼성SDS","soph_handoff_samsung_sds_v1_INPUT_PACKAGE_FOR_SOPH.zip","62E6952198DA55E2A57010078CE8694F336E264DB41DC60E9FC9FEA6666A1AE5","6","raw_files/dart_pdf/[삼성에스디에스]반기보고서(2025.08.14).pdf","[삼성에스디에스]반기보고서(2025.08.14).pdf",".pdf","1163989","1030038","True","True","False","False","False"
"018260","삼성SDS","soph_handoff_samsung_sds_v1_INPUT_PACKAGE_FOR_SOPH.zip","62E6952198DA55E2A57010078CE8694F336E264DB41DC60E9FC9FEA6666A1AE5","7","raw_files/dart_pdf/[삼성에스디에스]분기보고서(2020.11.16).pdf","[삼성에스디에스]분기보고서(2020.11.16).pdf",".pdf","995412","898959","True","True","False","False","False"
"018260","삼성SDS","soph_handoff_samsung_sds_v1_INPUT_PACKAGE_FOR_SOPH.zip","62E6952198DA55E2A57010078CE8694F336E264DB41DC60E9FC9FEA6666A1AE5","8","raw_files/dart_pdf/[삼성에스디에스]분기보고서(2021.05.17).pdf","[삼성에스디에스]분기보고서(2021.05.17).pdf",".pdf","1016157","909571","True","True","False","False","False"
"018260","삼성SDS","soph_handoff_samsung_sds_v1_INPUT_PACKAGE_FOR_SOPH.zip","62E6952198DA55E2A57010078CE8694F336E264DB41DC60E9FC9FEA6666A1AE5","9","raw_files/dart_pdf/[삼성에스디에스]분기보고서(2021.11.15).pdf","[삼성에스디에스]분기보고서(2021.11.15).pdf",".pdf","1114592","997175","True","True","False","False","False"
"018260","삼성SDS","soph_handoff_samsung_sds_v1_INPUT_PACKAGE_FOR_SOPH.zip","62E6952198DA55E2A57010078CE8694F336E264DB41DC60E9FC9FEA6666A1AE5","10","raw_files/dart_pdf/[삼성에스디에스]분기보고서(2022.05.16).pdf","[삼성에스디에스]분기보고서(2022.05.16).pdf",".pdf","951495","865393","True","True","False","False","False"
"018260","삼성SDS","soph_handoff_samsung_sds_v1_INPUT_PACKAGE_FOR_SOPH.zip","62E6952198DA55E2A57010078CE8694F336E264DB41DC60E9FC9FEA6666A1AE5","11","raw_files/dart_pdf/[삼성에스디에스]분기보고서(2022.11.14).pdf","[삼성에스디에스]분기보고서(2022.11.14).pdf",".pdf","971307","890919","True","True","False","False","False"
"018260","삼성SDS","soph_handoff_samsung_sds_v1_INPUT_PACKAGE_FOR_SOPH.zip","62E6952198DA55E2A57010078CE8694F336E264DB41DC60E9FC9FEA6666A1AE5","12","raw_files/dart_pdf/[삼성에스디에스]분기보고서(2023.05.15).pdf","[삼성에스디에스]분기보고서(2023.05.15).pdf",".pdf","956149","876442","True","True","False","False","False"
"018260","삼성SDS","soph_handoff_samsung_sds_v1_INPUT_PACKAGE_FOR_SOPH.zip","62E6952198DA55E2A57010078CE8694F336E264DB41DC60E9FC9FEA6666A1AE5","13","raw_files/dart_pdf/[삼성에스디에스]분기보고서(2023.11.14).pdf","[삼성에스디에스]분기보고서(2023.11.14).pdf",".pdf","961259","876904","True","True","False","False","False"
"018260","삼성SDS","soph_handoff_samsung_sds_v1_INPUT_PACKAGE_FOR_SOPH.zip","62E6952198DA55E2A57010078CE8694F336E264DB41DC60E9FC9FEA6666A1AE5","14","raw_files/dart_pdf/[삼성에스디에스]분기보고서(2024.05.16).pdf","[삼성에스디에스]분기보고서(2024.05.16).pdf",".pdf","919554","812713","True","True","False","False","False"
"018260","삼성SDS","soph_handoff_samsung_sds_v1_INPUT_PACKAGE_FOR_SOPH.zip","62E6952198DA55E2A57010078CE8694F336E264DB41DC60E9FC9FEA6666A1AE5","15","raw_files/dart_pdf/[삼성에스디에스]분기보고서(2024.11.14).pdf","[삼성에스디에스]분기보고서(2024.11.14).pdf",".pdf","909290","804290","True","True","False","False","False"
"018260","삼성SDS","soph_handoff_samsung_sds_v1_INPUT_PACKAGE_FOR_SOPH.zip","62E6952198DA55E2A57010078CE8694F336E264DB41DC60E9FC9FEA6666A1AE5","16","raw_files/dart_pdf/[삼성에스디에스]분기보고서(2025.05.15).pdf","[삼성에스디에스]분기보고서(2025.05.15).pdf",".pdf","930121","822751","True","True","False","False","False"
"018260","삼성SDS","soph_handoff_samsung_sds_v1_INPUT_PACKAGE_FOR_SOPH.zip","62E6952198DA55E2A57010078CE8694F336E264DB41DC60E9FC9FEA6666A1AE5","17","raw_files/dart_pdf/[삼성에스디에스]분기보고서(2025.11.14).pdf","[삼성에스디에스]분기보고서(2025.11.14).pdf",".pdf","1038913","935020","True","True","False","False","False"
"018260","삼성SDS","soph_handoff_samsung_sds_v1_INPUT_PACKAGE_FOR_SOPH.zip","62E6952198DA55E2A57010078CE8694F336E264DB41DC60E9FC9FEA6666A1AE5","18","raw_files/dart_pdf/[삼성에스디에스]분기보고서(2026.05.15).pdf","[삼성에스디에스]분기보고서(2026.05.15).pdf",".pdf","1168783","909617","True","True","False","False","False"
"018260","삼성SDS","soph_handoff_samsung_sds_v1_INPUT_PACKAGE_FOR_SOPH.zip","62E6952198DA55E2A57010078CE8694F336E264DB41DC60E9FC9FEA6666A1AE5","19","raw_files/dart_pdf/[삼성에스디에스]사업보고서(2021.03.09).pdf","[삼성에스디에스]사업보고서(2021.03.09).pdf",".pdf","1490794","1315454","True","True","False","False","False"
"018260","삼성SDS","soph_handoff_samsung_sds_v1_INPUT_PACKAGE_FOR_SOPH.zip","62E6952198DA55E2A57010078CE8694F336E264DB41DC60E9FC9FEA6666A1AE5","20","raw_files/dart_pdf/[삼성에스디에스]사업보고서(2022.03.08).pdf","[삼성에스디에스]사업보고서(2022.03.08).pdf",".pdf","1407361","1243622","True","True","False","False","False"
"018260","삼성SDS","soph_handoff_samsung_sds_v1_INPUT_PACKAGE_FOR_SOPH.zip","62E6952198DA55E2A57010078CE8694F336E264DB41DC60E9FC9FEA6666A1AE5","21","raw_files/dart_pdf/[삼성에스디에스]사업보고서(2023.03.07).pdf","[삼성에스디에스]사업보고서(2023.03.07).pdf",".pdf","1459703","1302743","True","True","False","False","False"
"018260","삼성SDS","soph_handoff_samsung_sds_v1_INPUT_PACKAGE_FOR_SOPH.zip","62E6952198DA55E2A57010078CE8694F336E264DB41DC60E9FC9FEA6666A1AE5","22","raw_files/dart_pdf/[삼성에스디에스]사업보고서(2025.03.11).pdf","[삼성에스디에스]사업보고서(2025.03.11).pdf",".pdf","1464207","1290408","True","True","False","False","False"
"018260","삼성SDS","soph_handoff_samsung_sds_v1_INPUT_PACKAGE_FOR_SOPH.zip","62E6952198DA55E2A57010078CE8694F336E264DB41DC60E9FC9FEA6666A1AE5","23","raw_files/dart_pdf/[삼성에스디에스]사업보고서(2026.03.10).pdf","[삼성에스디에스]사업보고서(2026.03.10).pdf",".pdf","1597961","1415968","True","True","False","False","False"
"018260","삼성SDS","soph_handoff_samsung_sds_v1_INPUT_PACKAGE_FOR_SOPH.zip","62E6952198DA55E2A57010078CE8694F336E264DB41DC60E9FC9FEA6666A1AE5","24","raw_files/dart_xbrl_zip/[삼성에스디에스][정정]사업보고서_IFRS(원문XBRL)(2024.03.29).zip","[삼성에스디에스][정정]사업보고서_IFRS(원문XBRL)(2024.03.29).zip",".zip","1137100","1125718","True","False","False","True","True"
"018260","삼성SDS","soph_handoff_samsung_sds_v1_INPUT_PACKAGE_FOR_SOPH.zip","62E6952198DA55E2A57010078CE8694F336E264DB41DC60E9FC9FEA6666A1AE5","25","raw_files/dart_xbrl_zip/[삼성에스디에스]반기보고서_IFRS(원문XBRL)(2021.08.17).zip","[삼성에스디에스]반기보고서_IFRS(원문XBRL)(2021.08.17).zip",".zip","210814","206676","True","False","False","True","True"
"018260","삼성SDS","soph_handoff_samsung_sds_v1_INPUT_PACKAGE_FOR_SOPH.zip","62E6952198DA55E2A57010078CE8694F336E264DB41DC60E9FC9FEA6666A1AE5","26","raw_files/dart_xbrl_zip/[삼성에스디에스]반기보고서_IFRS(원문XBRL)(2022.08.16).zip","[삼성에스디에스]반기보고서_IFRS(원문XBRL)(2022.08.16).zip",".zip","210585","207008","True","False","False","True","True"
"018260","삼성SDS","soph_handoff_samsung_sds_v1_INPUT_PACKAGE_FOR_SOPH.zip","62E6952198DA55E2A57010078CE8694F336E264DB41DC60E9FC9FEA6666A1AE5","27","raw_files/dart_xbrl_zip/[삼성에스디에스]반기보고서_IFRS(원문XBRL)(2023.08.14).zip","[삼성에스디에스]반기보고서_IFRS(원문XBRL)(2023.08.14).zip",".zip","212221","205917","True","False","False","True","True"
"018260","삼성SDS","soph_handoff_samsung_sds_v1_INPUT_PACKAGE_FOR_SOPH.zip","62E6952198DA55E2A57010078CE8694F336E264DB41DC60E9FC9FEA6666A1AE5","28","raw_files/dart_xbrl_zip/[삼성에스디에스]반기보고서_IFRS(원문XBRL)(2024.08.14).zip","[삼성에스디에스]반기보고서_IFRS(원문XBRL)(2024.08.14).zip",".zip","797606","789124","True","False","False","True","True"
"018260","삼성SDS","soph_handoff_samsung_sds_v1_INPUT_PACKAGE_FOR_SOPH.zip","62E6952198DA55E2A57010078CE8694F336E264DB41DC60E9FC9FEA6666A1AE5","29","raw_files/dart_xbrl_zip/[삼성에스디에스]반기보고서_IFRS(원문XBRL)(2025.08.14).zip","[삼성에스디에스]반기보고서_IFRS(원문XBRL)(2025.08.14).zip",".zip","618553","610482","True","False","False","True","True"
"018260","삼성SDS","soph_handoff_samsung_sds_v1_INPUT_PACKAGE_FOR_SOPH.zip","62E6952198DA55E2A57010078CE8694F336E264DB41DC60E9FC9FEA6666A1AE5","30","raw_files/dart_xbrl_zip/[삼성에스디에스]분기보고서_IFRS(원문XBRL)(2020.11.16).zip","[삼성에스디에스]분기보고서_IFRS(원문XBRL)(2020.11.16).zip",".zip","209778","201905","True","False","False","True","True"
"018260","삼성SDS","soph_handoff_samsung_sds_v1_INPUT_PACKAGE_FOR_SOPH.zip","62E6952198DA55E2A57010078CE8694F336E264DB41DC60E9FC9FEA6666A1AE5","31","raw_files/dart_xbrl_zip/[삼성에스디에스]분기보고서_IFRS(원문XBRL)(2021.05.17).zip","[삼성에스디에스]분기보고서_IFRS(원문XBRL)(2021.05.17).zip",".zip","208915","200910","True","False","False","True","True"
"018260","삼성SDS","soph_handoff_samsung_sds_v1_INPUT_PACKAGE_FOR_SOPH.zip","62E6952198DA55E2A57010078CE8694F336E264DB41DC60E9FC9FEA6666A1AE5","32","raw_files/dart_xbrl_zip/[삼성에스디에스]분기보고서_IFRS(원문XBRL)(2021.11.15).zip","[삼성에스디에스]분기보고서_IFRS(원문XBRL)(2021.11.15).zip",".zip","210365","204916","True","False","False","True","True"
"018260","삼성SDS","soph_handoff_samsung_sds_v1_INPUT_PACKAGE_FOR_SOPH.zip","62E6952198DA55E2A57010078CE8694F336E264DB41DC60E9FC9FEA6666A1AE5","33","raw_files/dart_xbrl_zip/[삼성에스디에스]분기보고서_IFRS(원문XBRL)(2022.05.16).zip","[삼성에스디에스]분기보고서_IFRS(원문XBRL)(2022.05.16).zip",".zip","208098","199841","True","False","False","True","True"
"018260","삼성SDS","soph_handoff_samsung_sds_v1_INPUT_PACKAGE_FOR_SOPH.zip","62E6952198DA55E2A57010078CE8694F336E264DB41DC60E9FC9FEA6666A1AE5","34","raw_files/dart_xbrl_zip/[삼성에스디에스]분기보고서_IFRS(원문XBRL)(2022.11.14).zip","[삼성에스디에스]분기보고서_IFRS(원문XBRL)(2022.11.14).zip",".zip","211061","205713","True","False","False","True","True"
"018260","삼성SDS","soph_handoff_samsung_sds_v1_INPUT_PACKAGE_FOR_SOPH.zip","62E6952198DA55E2A57010078CE8694F336E264DB41DC60E9FC9FEA6666A1AE5","35","raw_files/dart_xbrl_zip/[삼성에스디에스]분기보고서_IFRS(원문XBRL)(2023.05.15).zip","[삼성에스디에스]분기보고서_IFRS(원문XBRL)(2023.05.15).zip",".zip","209076","200740","True","False","False","True","True"
"018260","삼성SDS","soph_handoff_samsung_sds_v1_INPUT_PACKAGE_FOR_SOPH.zip","62E6952198DA55E2A57010078CE8694F336E264DB41DC60E9FC9FEA6666A1AE5","36","raw_files/dart_xbrl_zip/[삼성에스디에스]분기보고서_IFRS(원문XBRL)(2023.11.14).zip","[삼성에스디에스]분기보고서_IFRS(원문XBRL)(2023.11.14).zip",".zip","82392","81034","True","False","False","True","True"
"018260","삼성SDS","soph_handoff_samsung_sds_v1_INPUT_PACKAGE_FOR_SOPH.zip","62E6952198DA55E2A57010078CE8694F336E264DB41DC60E9FC9FEA6666A1AE5","37","raw_files/dart_xbrl_zip/[삼성에스디에스]분기보고서_IFRS(원문XBRL)(2024.05.16).zip","[삼성에스디에스]분기보고서_IFRS(원문XBRL)(2024.05.16).zip",".zip","741904","732361","True","False","False","True","True"
"018260","삼성SDS","soph_handoff_samsung_sds_v1_INPUT_PACKAGE_FOR_SOPH.zip","62E6952198DA55E2A57010078CE8694F336E264DB41DC60E9FC9FEA6666A1AE5","38","raw_files/dart_xbrl_zip/[삼성에스디에스]분기보고서_IFRS(원문XBRL)(2024.11.14).zip","[삼성에스디에스]분기보고서_IFRS(원문XBRL)(2024.11.14).zip",".zip","589806","579748","True","False","False","True","True"
"018260","삼성SDS","soph_handoff_samsung_sds_v1_INPUT_PACKAGE_FOR_SOPH.zip","62E6952198DA55E2A57010078CE8694F336E264DB41DC60E9FC9FEA6666A1AE5","39","raw_files/dart_xbrl_zip/[삼성에스디에스]분기보고서_IFRS(원문XBRL)(2025.05.15).zip","[삼성에스디에스]분기보고서_IFRS(원문XBRL)(2025.05.15).zip",".zip","601017","593070","True","False","False","True","True"
"018260","삼성SDS","soph_handoff_samsung_sds_v1_INPUT_PACKAGE_FOR_SOPH.zip","62E6952198DA55E2A57010078CE8694F336E264DB41DC60E9FC9FEA6666A1AE5","40","raw_files/dart_xbrl_zip/[삼성에스디에스]분기보고서_IFRS(원문XBRL)(2025.11.14).zip","[삼성에스디에스]분기보고서_IFRS(원문XBRL)(2025.11.14).zip",".zip","638019","629776","True","False","False","True","True"
"018260","삼성SDS","soph_handoff_samsung_sds_v1_INPUT_PACKAGE_FOR_SOPH.zip","62E6952198DA55E2A57010078CE8694F336E264DB41DC60E9FC9FEA6666A1AE5","41","raw_files/dart_xbrl_zip/[삼성에스디에스]분기보고서_IFRS(원문XBRL)(2026.05.15).zip","[삼성에스디에스]분기보고서_IFRS(원문XBRL)(2026.05.15).zip",".zip","633777","627503","True","False","False","True","True"
"018260","삼성SDS","soph_handoff_samsung_sds_v1_INPUT_PACKAGE_FOR_SOPH.zip","62E6952198DA55E2A57010078CE8694F336E264DB41DC60E9FC9FEA6666A1AE5","42","raw_files/dart_xbrl_zip/[삼성에스디에스]사업보고서_IFRS(원문XBRL)(2021.03.09).zip","[삼성에스디에스]사업보고서_IFRS(원문XBRL)(2021.03.09).zip",".zip","213266","209456","True","False","False","True","True"
"018260","삼성SDS","soph_handoff_samsung_sds_v1_INPUT_PACKAGE_FOR_SOPH.zip","62E6952198DA55E2A57010078CE8694F336E264DB41DC60E9FC9FEA6666A1AE5","43","raw_files/dart_xbrl_zip/[삼성에스디에스]사업보고서_IFRS(원문XBRL)(2022.03.08).zip","[삼성에스디에스]사업보고서_IFRS(원문XBRL)(2022.03.08).zip",".zip","215771","210906","True","False","False","True","True"
"018260","삼성SDS","soph_handoff_samsung_sds_v1_INPUT_PACKAGE_FOR_SOPH.zip","62E6952198DA55E2A57010078CE8694F336E264DB41DC60E9FC9FEA6666A1AE5","44","raw_files/dart_xbrl_zip/[삼성에스디에스]사업보고서_IFRS(원문XBRL)(2023.03.07).zip","[삼성에스디에스]사업보고서_IFRS(원문XBRL)(2023.03.07).zip",".zip","215111","208006","True","False","False","True","True"
"018260","삼성SDS","soph_handoff_samsung_sds_v1_INPUT_PACKAGE_FOR_SOPH.zip","62E6952198DA55E2A57010078CE8694F336E264DB41DC60E9FC9FEA6666A1AE5","45","raw_files/dart_xbrl_zip/[삼성에스디에스]사업보고서_IFRS(원문XBRL)(2025.03.11).zip","[삼성에스디에스]사업보고서_IFRS(원문XBRL)(2025.03.11).zip",".zip","973633","961116","True","False","False","True","True"
"018260","삼성SDS","soph_handoff_samsung_sds_v1_INPUT_PACKAGE_FOR_SOPH.zip","62E6952198DA55E2A57010078CE8694F336E264DB41DC60E9FC9FEA6666A1AE5","46","raw_files/dart_xbrl_zip/[삼성에스디에스]사업보고서_IFRS(원문XBRL)(2026.03.10).zip","[삼성에스디에스]사업보고서_IFRS(원문XBRL)(2026.03.10).zip",".zip","964874","954178","True","False","False","True","True"
"018260","삼성SDS","soph_handoff_samsung_sds_v1_INPUT_PACKAGE_FOR_SOPH.zip","62E6952198DA55E2A57010078CE8694F336E264DB41DC60E9FC9FEA6666A1AE5","47","reference_template/SOPH_DART_064350_현대로템_공시자료_정제본_v4_6_REFERENCE_TEMPLATE.xlsx","SOPH_DART_064350_현대로템_공시자료_정제본_v4_6_REFERENCE_TEMPLATE.xlsx",".xlsx","3081347","2765618","False","False","True","False","False"
"018260","삼성SDS","soph_handoff_samsung_sds_v1_INPUT_PACKAGE_FOR_SOPH.zip","62E6952198DA55E2A57010078CE8694F336E264DB41DC60E9FC9FEA6666A1AE5","48","018260_SOPH_INPUT_MANIFEST.md","018260_SOPH_INPUT_MANIFEST.md",".md","1295","810","False","False","False","False","False"
"018260","삼성SDS","soph_handoff_samsung_sds_v1_INPUT_PACKAGE_FOR_SOPH.zip","62E6952198DA55E2A57010078CE8694F336E264DB41DC60E9FC9FEA6666A1AE5","49","018260_SOURCE_FORMAT_NOTE.md","018260_SOURCE_FORMAT_NOTE.md",".md","989","597","False","False","False","False","False"
"018260","삼성SDS","soph_handoff_samsung_sds_v1_INPUT_PACKAGE_FOR_SOPH.zip","62E6952198DA55E2A57010078CE8694F336E264DB41DC60E9FC9FEA6666A1AE5","50","018260_SOURCE_PAIR_STATUS.csv","018260_SOURCE_PAIR_STATUS.csv",".csv","5594","581","False","False","False","False","False"
"018260","삼성SDS","soph_handoff_samsung_sds_v1_INPUT_PACKAGE_FOR_SOPH.zip","62E6952198DA55E2A57010078CE8694F336E264DB41DC60E9FC9FEA6666A1AE5","51","SOPH_RUN_REQUEST_018260.md","SOPH_RUN_REQUEST_018260.md",".md","1637","919","False","False","False","False","False"
"064400","LG CNS","soph_handoff_lg_cns_v1_INPUT_PACKAGE_FOR_SOPH.zip","253001EABC6F2BABEF55109B210DFE88CE290FEEEC36D420FEEDCEE97E765E92","1","raw_files/dart_pdf/[LG씨엔에스][정정]사업보고서(2022.04.05).pdf","[LG씨엔에스][정정]사업보고서(2022.04.05).pdf",".pdf","1633902","1414279","True","True","False","False","False"
"064400","LG CNS","soph_handoff_lg_cns_v1_INPUT_PACKAGE_FOR_SOPH.zip","253001EABC6F2BABEF55109B210DFE88CE290FEEEC36D420FEEDCEE97E765E92","2","raw_files/dart_pdf/[LG씨엔에스]반기보고서(2020.08.14).pdf","[LG씨엔에스]반기보고서(2020.08.14).pdf",".pdf","1423809","1250197","True","True","False","False","False"
"064400","LG CNS","soph_handoff_lg_cns_v1_INPUT_PACKAGE_FOR_SOPH.zip","253001EABC6F2BABEF55109B210DFE88CE290FEEEC36D420FEEDCEE97E765E92","3","raw_files/dart_pdf/[LG씨엔에스]반기보고서(2021.08.17).pdf","[LG씨엔에스]반기보고서(2021.08.17).pdf",".pdf","1423204","1229667","True","True","False","False","False"
"064400","LG CNS","soph_handoff_lg_cns_v1_INPUT_PACKAGE_FOR_SOPH.zip","253001EABC6F2BABEF55109B210DFE88CE290FEEEC36D420FEEDCEE97E765E92","4","raw_files/dart_pdf/[LG씨엔에스]반기보고서(2022.08.16).pdf","[LG씨엔에스]반기보고서(2022.08.16).pdf",".pdf","1238428","1096581","True","True","False","False","False"
"064400","LG CNS","soph_handoff_lg_cns_v1_INPUT_PACKAGE_FOR_SOPH.zip","253001EABC6F2BABEF55109B210DFE88CE290FEEEC36D420FEEDCEE97E765E92","5","raw_files/dart_pdf/[LG씨엔에스]반기보고서(2023.08.14).pdf","[LG씨엔에스]반기보고서(2023.08.14).pdf",".pdf","1215641","1077569","True","True","False","False","False"
"064400","LG CNS","soph_handoff_lg_cns_v1_INPUT_PACKAGE_FOR_SOPH.zip","253001EABC6F2BABEF55109B210DFE88CE290FEEEC36D420FEEDCEE97E765E92","6","raw_files/dart_pdf/[LG씨엔에스]반기보고서(2024.08.14).pdf","[LG씨엔에스]반기보고서(2024.08.14).pdf",".pdf","1093023","977826","True","True","False","False","False"
"064400","LG CNS","soph_handoff_lg_cns_v1_INPUT_PACKAGE_FOR_SOPH.zip","253001EABC6F2BABEF55109B210DFE88CE290FEEEC36D420FEEDCEE97E765E92","7","raw_files/dart_pdf/[LG씨엔에스]반기보고서(2025.08.14).pdf","[LG씨엔에스]반기보고서(2025.08.14).pdf",".pdf","1381502","1209049","True","True","False","False","False"
"064400","LG CNS","soph_handoff_lg_cns_v1_INPUT_PACKAGE_FOR_SOPH.zip","253001EABC6F2BABEF55109B210DFE88CE290FEEEC36D420FEEDCEE97E765E92","8","raw_files/dart_pdf/[LG씨엔에스]분기보고서(2020.11.16).pdf","[LG씨엔에스]분기보고서(2020.11.16).pdf",".pdf","1385631","1229378","True","True","False","False","False"
"064400","LG CNS","soph_handoff_lg_cns_v1_INPUT_PACKAGE_FOR_SOPH.zip","253001EABC6F2BABEF55109B210DFE88CE290FEEEC36D420FEEDCEE97E765E92","9","raw_files/dart_pdf/[LG씨엔에스]분기보고서(2021.05.17).pdf","[LG씨엔에스]분기보고서(2021.05.17).pdf",".pdf","1347386","1182481","True","True","False","False","False"
"064400","LG CNS","soph_handoff_lg_cns_v1_INPUT_PACKAGE_FOR_SOPH.zip","253001EABC6F2BABEF55109B210DFE88CE290FEEEC36D420FEEDCEE97E765E92","10","raw_files/dart_pdf/[LG씨엔에스]분기보고서(2021.11.15).pdf","[LG씨엔에스]분기보고서(2021.11.15).pdf",".pdf","1404168","1213296","True","True","False","False","False"
"064400","LG CNS","soph_handoff_lg_cns_v1_INPUT_PACKAGE_FOR_SOPH.zip","253001EABC6F2BABEF55109B210DFE88CE290FEEEC36D420FEEDCEE97E765E92","11","raw_files/dart_pdf/[LG씨엔에스]분기보고서(2022.05.16).pdf","[LG씨엔에스]분기보고서(2022.05.16).pdf",".pdf","1468307","1261384","True","True","False","False","False"
"064400","LG CNS","soph_handoff_lg_cns_v1_INPUT_PACKAGE_FOR_SOPH.zip","253001EABC6F2BABEF55109B210DFE88CE290FEEEC36D420FEEDCEE97E765E92","12","raw_files/dart_pdf/[LG씨엔에스]분기보고서(2022.11.14).pdf","[LG씨엔에스]분기보고서(2022.11.14).pdf",".pdf","1205640","1087383","True","True","False","False","False"
"064400","LG CNS","soph_handoff_lg_cns_v1_INPUT_PACKAGE_FOR_SOPH.zip","253001EABC6F2BABEF55109B210DFE88CE290FEEEC36D420FEEDCEE97E765E92","13","raw_files/dart_pdf/[LG씨엔에스]분기보고서(2023.05.15).pdf","[LG씨엔에스]분기보고서(2023.05.15).pdf",".pdf","877938","795997","True","True","False","False","False"
"064400","LG CNS","soph_handoff_lg_cns_v1_INPUT_PACKAGE_FOR_SOPH.zip","253001EABC6F2BABEF55109B210DFE88CE290FEEEC36D420FEEDCEE97E765E92","14","raw_files/dart_pdf/[LG씨엔에스]분기보고서(2023.11.14).pdf","[LG씨엔에스]분기보고서(2023.11.14).pdf",".pdf","899092","812939","True","True","False","False","False"
"064400","LG CNS","soph_handoff_lg_cns_v1_INPUT_PACKAGE_FOR_SOPH.zip","253001EABC6F2BABEF55109B210DFE88CE290FEEEC36D420FEEDCEE97E765E92","15","raw_files/dart_pdf/[LG씨엔에스]분기보고서(2024.05.16).pdf","[LG씨엔에스]분기보고서(2024.05.16).pdf",".pdf","880363","797227","True","True","False","False","False"
"064400","LG CNS","soph_handoff_lg_cns_v1_INPUT_PACKAGE_FOR_SOPH.zip","253001EABC6F2BABEF55109B210DFE88CE290FEEEC36D420FEEDCEE97E765E92","16","raw_files/dart_pdf/[LG씨엔에스]분기보고서(2024.11.14).pdf","[LG씨엔에스]분기보고서(2024.11.14).pdf",".pdf","875029","790860","True","True","False","False","False"
"064400","LG CNS","soph_handoff_lg_cns_v1_INPUT_PACKAGE_FOR_SOPH.zip","253001EABC6F2BABEF55109B210DFE88CE290FEEEC36D420FEEDCEE97E765E92","17","raw_files/dart_pdf/[LG씨엔에스]분기보고서(2025.05.15).pdf","[LG씨엔에스]분기보고서(2025.05.15).pdf",".pdf","1057154","934441","True","True","False","False","False"
"064400","LG CNS","soph_handoff_lg_cns_v1_INPUT_PACKAGE_FOR_SOPH.zip","253001EABC6F2BABEF55109B210DFE88CE290FEEEC36D420FEEDCEE97E765E92","18","raw_files/dart_pdf/[LG씨엔에스]분기보고서(2025.11.14).pdf","[LG씨엔에스]분기보고서(2025.11.14).pdf",".pdf","1075626","957815","True","True","False","False","False"
"064400","LG CNS","soph_handoff_lg_cns_v1_INPUT_PACKAGE_FOR_SOPH.zip","253001EABC6F2BABEF55109B210DFE88CE290FEEEC36D420FEEDCEE97E765E92","19","raw_files/dart_pdf/[LG씨엔에스]분기보고서(2026.05.15).pdf","[LG씨엔에스]분기보고서(2026.05.15).pdf",".pdf","1079352","943386","True","True","False","False","False"
"064400","LG CNS","soph_handoff_lg_cns_v1_INPUT_PACKAGE_FOR_SOPH.zip","253001EABC6F2BABEF55109B210DFE88CE290FEEEC36D420FEEDCEE97E765E92","20","raw_files/dart_pdf/[LG씨엔에스]사업보고서(2021.03.31).pdf","[LG씨엔에스]사업보고서(2021.03.31).pdf",".pdf","1445254","1286318","True","True","False","False","False"
"064400","LG CNS","soph_handoff_lg_cns_v1_INPUT_PACKAGE_FOR_SOPH.zip","253001EABC6F2BABEF55109B210DFE88CE290FEEEC36D420FEEDCEE97E765E92","21","raw_files/dart_pdf/[LG씨엔에스]사업보고서(2023.03.31).pdf","[LG씨엔에스]사업보고서(2023.03.31).pdf",".pdf","1317600","1186184","True","True","False","False","False"
"064400","LG CNS","soph_handoff_lg_cns_v1_INPUT_PACKAGE_FOR_SOPH.zip","253001EABC6F2BABEF55109B210DFE88CE290FEEEC36D420FEEDCEE97E765E92","22","raw_files/dart_pdf/[LG씨엔에스]사업보고서(2024.04.01).pdf","[LG씨엔에스]사업보고서(2024.04.01).pdf",".pdf","1270247","1138839","True","True","False","False","False"
"064400","LG CNS","soph_handoff_lg_cns_v1_INPUT_PACKAGE_FOR_SOPH.zip","253001EABC6F2BABEF55109B210DFE88CE290FEEEC36D420FEEDCEE97E765E92","23","raw_files/dart_pdf/[LG씨엔에스]사업보고서(2025.03.11).pdf","[LG씨엔에스]사업보고서(2025.03.11).pdf",".pdf","1402376","1238896","True","True","False","False","False"
"064400","LG CNS","soph_handoff_lg_cns_v1_INPUT_PACKAGE_FOR_SOPH.zip","253001EABC6F2BABEF55109B210DFE88CE290FEEEC36D420FEEDCEE97E765E92","24","raw_files/dart_pdf/[LG씨엔에스]사업보고서(2026.03.16).pdf","[LG씨엔에스]사업보고서(2026.03.16).pdf",".pdf","1668394","1393709","True","True","False","False","False"
"064400","LG CNS","soph_handoff_lg_cns_v1_INPUT_PACKAGE_FOR_SOPH.zip","253001EABC6F2BABEF55109B210DFE88CE290FEEEC36D420FEEDCEE97E765E92","25","raw_files/dart_xbrl_zip/[LG씨엔에스]반기보고서_IFRS(원문XBRL)(2024.08.14).zip","[LG씨엔에스]반기보고서_IFRS(원문XBRL)(2024.08.14).zip",".zip","94086","92765","True","False","False","True","True"
"064400","LG CNS","soph_handoff_lg_cns_v1_INPUT_PACKAGE_FOR_SOPH.zip","253001EABC6F2BABEF55109B210DFE88CE290FEEEC36D420FEEDCEE97E765E92","26","raw_files/dart_xbrl_zip/[LG씨엔에스]반기보고서_IFRS(원문XBRL)(2025.08.14).zip","[LG씨엔에스]반기보고서_IFRS(원문XBRL)(2025.08.14).zip",".zip","874533","861729","True","False","False","True","True"
"064400","LG CNS","soph_handoff_lg_cns_v1_INPUT_PACKAGE_FOR_SOPH.zip","253001EABC6F2BABEF55109B210DFE88CE290FEEEC36D420FEEDCEE97E765E92","27","raw_files/dart_xbrl_zip/[LG씨엔에스]분기보고서_IFRS(원문XBRL)(2023.11.14).zip","[LG씨엔에스]분기보고서_IFRS(원문XBRL)(2023.11.14).zip",".zip","94207","92978","True","False","False","True","True"
"064400","LG CNS","soph_handoff_lg_cns_v1_INPUT_PACKAGE_FOR_SOPH.zip","253001EABC6F2BABEF55109B210DFE88CE290FEEEC36D420FEEDCEE97E765E92","28","raw_files/dart_xbrl_zip/[LG씨엔에스]분기보고서_IFRS(원문XBRL)(2024.05.16).zip","[LG씨엔에스]분기보고서_IFRS(원문XBRL)(2024.05.16).zip",".zip","89108","87792","True","False","False","True","True"
"064400","LG CNS","soph_handoff_lg_cns_v1_INPUT_PACKAGE_FOR_SOPH.zip","253001EABC6F2BABEF55109B210DFE88CE290FEEEC36D420FEEDCEE97E765E92","29","raw_files/dart_xbrl_zip/[LG씨엔에스]분기보고서_IFRS(원문XBRL)(2024.11.14).zip","[LG씨엔에스]분기보고서_IFRS(원문XBRL)(2024.11.14).zip",".zip","95195","93912","True","False","False","True","True"
"064400","LG CNS","soph_handoff_lg_cns_v1_INPUT_PACKAGE_FOR_SOPH.zip","253001EABC6F2BABEF55109B210DFE88CE290FEEEC36D420FEEDCEE97E765E92","30","raw_files/dart_xbrl_zip/[LG씨엔에스]분기보고서_IFRS(원문XBRL)(2025.05.15).zip","[LG씨엔에스]분기보고서_IFRS(원문XBRL)(2025.05.15).zip",".zip","842897","832745","True","False","False","True","True"
"064400","LG CNS","soph_handoff_lg_cns_v1_INPUT_PACKAGE_FOR_SOPH.zip","253001EABC6F2BABEF55109B210DFE88CE290FEEEC36D420FEEDCEE97E765E92","31","raw_files/dart_xbrl_zip/[LG씨엔에스]분기보고서_IFRS(원문XBRL)(2025.11.14).zip","[LG씨엔에스]분기보고서_IFRS(원문XBRL)(2025.11.14).zip",".zip","900853","887769","True","False","False","True","True"
"064400","LG CNS","soph_handoff_lg_cns_v1_INPUT_PACKAGE_FOR_SOPH.zip","253001EABC6F2BABEF55109B210DFE88CE290FEEEC36D420FEEDCEE97E765E92","32","raw_files/dart_xbrl_zip/[LG씨엔에스]분기보고서_IFRS(원문XBRL)(2026.05.15).zip","[LG씨엔에스]분기보고서_IFRS(원문XBRL)(2026.05.15).zip",".zip","807914","798400","True","False","False","True","True"
"064400","LG CNS","soph_handoff_lg_cns_v1_INPUT_PACKAGE_FOR_SOPH.zip","253001EABC6F2BABEF55109B210DFE88CE290FEEEC36D420FEEDCEE97E765E92","33","raw_files/dart_xbrl_zip/[LG씨엔에스]사업보고서_IFRS(원문XBRL)(2024.04.01).zip","[LG씨엔에스]사업보고서_IFRS(원문XBRL)(2024.04.01).zip",".zip","100492","99094","True","False","False","True","True"
"064400","LG CNS","soph_handoff_lg_cns_v1_INPUT_PACKAGE_FOR_SOPH.zip","253001EABC6F2BABEF55109B210DFE88CE290FEEEC36D420FEEDCEE97E765E92","34","raw_files/dart_xbrl_zip/[LG씨엔에스]사업보고서_IFRS(원문XBRL)(2025.03.11).zip","[LG씨엔에스]사업보고서_IFRS(원문XBRL)(2025.03.11).zip",".zip","98793","97455","True","False","False","True","True"
"064400","LG CNS","soph_handoff_lg_cns_v1_INPUT_PACKAGE_FOR_SOPH.zip","253001EABC6F2BABEF55109B210DFE88CE290FEEEC36D420FEEDCEE97E765E92","35","raw_files/dart_xbrl_zip/[LG씨엔에스]사업보고서_IFRS(원문XBRL)(2026.03.16).zip","[LG씨엔에스]사업보고서_IFRS(원문XBRL)(2026.03.16).zip",".zip","949942","939111","True","False","False","True","True"
"064400","LG CNS","soph_handoff_lg_cns_v1_INPUT_PACKAGE_FOR_SOPH.zip","253001EABC6F2BABEF55109B210DFE88CE290FEEEC36D420FEEDCEE97E765E92","36","reference_template/SOPH_DART_064350_현대로템_공시자료_정제본_v4_6_REFERENCE_TEMPLATE.xlsx","SOPH_DART_064350_현대로템_공시자료_정제본_v4_6_REFERENCE_TEMPLATE.xlsx",".xlsx","3081347","2765618","False","False","True","False","False"
"064400","LG CNS","soph_handoff_lg_cns_v1_INPUT_PACKAGE_FOR_SOPH.zip","253001EABC6F2BABEF55109B210DFE88CE290FEEEC36D420FEEDCEE97E765E92","37","LG_CNS_064400_SOPH_INPUT_MANIFEST.md","LG_CNS_064400_SOPH_INPUT_MANIFEST.md",".md","1399","868","False","False","False","False","False"
"064400","LG CNS","soph_handoff_lg_cns_v1_INPUT_PACKAGE_FOR_SOPH.zip","253001EABC6F2BABEF55109B210DFE88CE290FEEEC36D420FEEDCEE97E765E92","38","LG_CNS_064400_SOURCE_FORMAT_NOTE.md","LG_CNS_064400_SOURCE_FORMAT_NOTE.md",".md","1329","762","False","False","False","False","False"
"064400","LG CNS","soph_handoff_lg_cns_v1_INPUT_PACKAGE_FOR_SOPH.zip","253001EABC6F2BABEF55109B210DFE88CE290FEEEC36D420FEEDCEE97E765E92","39","LG_CNS_064400_SOURCE_PAIR_STATUS.csv","LG_CNS_064400_SOURCE_PAIR_STATUS.csv",".csv","5028","639","False","False","False","False","False"
"064400","LG CNS","soph_handoff_lg_cns_v1_INPUT_PACKAGE_FOR_SOPH.zip","253001EABC6F2BABEF55109B210DFE88CE290FEEEC36D420FEEDCEE97E765E92","40","SOPH_RUN_REQUEST_LG_CNS_064400.md","SOPH_RUN_REQUEST_LG_CNS_064400.md",".md","1839","999","False","False","False","False","False"
"307950","현대오토에버","soph_handoff_hyundai_autoever_v1_INPUT_PACKAGE_FOR_SOPH.zip","25E1D22A07252104A761E545A1D1D6B3704631EFD4CEBF21601B169C43286A7A","1","raw_files/dart_pdf/[현대오토에버][정정]사업보고서(2024.03.29).pdf","[현대오토에버][정정]사업보고서(2024.03.29).pdf",".pdf","1207916","1070143","True","True","False","False","False"
"307950","현대오토에버","soph_handoff_hyundai_autoever_v1_INPUT_PACKAGE_FOR_SOPH.zip","25E1D22A07252104A761E545A1D1D6B3704631EFD4CEBF21601B169C43286A7A","2","raw_files/dart_pdf/[현대오토에버]반기보고서(2020.08.14).pdf","[현대오토에버]반기보고서(2020.08.14).pdf",".pdf","976280","863566","True","True","False","False","False"
"307950","현대오토에버","soph_handoff_hyundai_autoever_v1_INPUT_PACKAGE_FOR_SOPH.zip","25E1D22A07252104A761E545A1D1D6B3704631EFD4CEBF21601B169C43286A7A","3","raw_files/dart_pdf/[현대오토에버]반기보고서(2021.08.17).pdf","[현대오토에버]반기보고서(2021.08.17).pdf",".pdf","894411","816917","True","True","False","False","False"
"307950","현대오토에버","soph_handoff_hyundai_autoever_v1_INPUT_PACKAGE_FOR_SOPH.zip","25E1D22A07252104A761E545A1D1D6B3704631EFD4CEBF21601B169C43286A7A","4","raw_files/dart_pdf/[현대오토에버]반기보고서(2022.08.16).pdf","[현대오토에버]반기보고서(2022.08.16).pdf",".pdf","897812","817339","True","True","False","False","False"
"307950","현대오토에버","soph_handoff_hyundai_autoever_v1_INPUT_PACKAGE_FOR_SOPH.zip","25E1D22A07252104A761E545A1D1D6B3704631EFD4CEBF21601B169C43286A7A","5","raw_files/dart_pdf/[현대오토에버]반기보고서(2023.08.14).pdf","[현대오토에버]반기보고서(2023.08.14).pdf",".pdf","889890","809254","True","True","False","False","False"
"307950","현대오토에버","soph_handoff_hyundai_autoever_v1_INPUT_PACKAGE_FOR_SOPH.zip","25E1D22A07252104A761E545A1D1D6B3704631EFD4CEBF21601B169C43286A7A","6","raw_files/dart_pdf/[현대오토에버]반기보고서(2024.08.14).pdf","[현대오토에버]반기보고서(2024.08.14).pdf",".pdf","939654","839926","True","True","False","False","False"
"307950","현대오토에버","soph_handoff_hyundai_autoever_v1_INPUT_PACKAGE_FOR_SOPH.zip","25E1D22A07252104A761E545A1D1D6B3704631EFD4CEBF21601B169C43286A7A","7","raw_files/dart_pdf/[현대오토에버]반기보고서(2025.08.14).pdf","[현대오토에버]반기보고서(2025.08.14).pdf",".pdf","990845","884487","True","True","False","False","False"
"307950","현대오토에버","soph_handoff_hyundai_autoever_v1_INPUT_PACKAGE_FOR_SOPH.zip","25E1D22A07252104A761E545A1D1D6B3704631EFD4CEBF21601B169C43286A7A","8","raw_files/dart_pdf/[현대오토에버]분기보고서(2020.11.16).pdf","[현대오토에버]분기보고서(2020.11.16).pdf",".pdf","981338","867302","True","True","False","False","False"
"307950","현대오토에버","soph_handoff_hyundai_autoever_v1_INPUT_PACKAGE_FOR_SOPH.zip","25E1D22A07252104A761E545A1D1D6B3704631EFD4CEBF21601B169C43286A7A","9","raw_files/dart_pdf/[현대오토에버]분기보고서(2021.05.17).pdf","[현대오토에버]분기보고서(2021.05.17).pdf",".pdf","1422254","1248890","True","True","False","False","False"
"307950","현대오토에버","soph_handoff_hyundai_autoever_v1_INPUT_PACKAGE_FOR_SOPH.zip","25E1D22A07252104A761E545A1D1D6B3704631EFD4CEBF21601B169C43286A7A","10","raw_files/dart_pdf/[현대오토에버]분기보고서(2021.11.15).pdf","[현대오토에버]분기보고서(2021.11.15).pdf",".pdf","901121","821510","True","True","False","False","False"
"307950","현대오토에버","soph_handoff_hyundai_autoever_v1_INPUT_PACKAGE_FOR_SOPH.zip","25E1D22A07252104A761E545A1D1D6B3704631EFD4CEBF21601B169C43286A7A","11","raw_files/dart_pdf/[현대오토에버]분기보고서(2022.05.16).pdf","[현대오토에버]분기보고서(2022.05.16).pdf",".pdf","905089","822775","True","True","False","False","False"
"307950","현대오토에버","soph_handoff_hyundai_autoever_v1_INPUT_PACKAGE_FOR_SOPH.zip","25E1D22A07252104A761E545A1D1D6B3704631EFD4CEBF21601B169C43286A7A","12","raw_files/dart_pdf/[현대오토에버]분기보고서(2022.11.14).pdf","[현대오토에버]분기보고서(2022.11.14).pdf",".pdf","896729","816733","True","True","False","False","False"
"307950","현대오토에버","soph_handoff_hyundai_autoever_v1_INPUT_PACKAGE_FOR_SOPH.zip","25E1D22A07252104A761E545A1D1D6B3704631EFD4CEBF21601B169C43286A7A","13","raw_files/dart_pdf/[현대오토에버]분기보고서(2023.05.15).pdf","[현대오토에버]분기보고서(2023.05.15).pdf",".pdf","771576","698342","True","True","False","False","False"
"307950","현대오토에버","soph_handoff_hyundai_autoever_v1_INPUT_PACKAGE_FOR_SOPH.zip","25E1D22A07252104A761E545A1D1D6B3704631EFD4CEBF21601B169C43286A7A","14","raw_files/dart_pdf/[현대오토에버]분기보고서(2023.11.14).pdf","[현대오토에버]분기보고서(2023.11.14).pdf",".pdf","821650","750178","True","True","False","False","False"
"307950","현대오토에버","soph_handoff_hyundai_autoever_v1_INPUT_PACKAGE_FOR_SOPH.zip","25E1D22A07252104A761E545A1D1D6B3704631EFD4CEBF21601B169C43286A7A","15","raw_files/dart_pdf/[현대오토에버]분기보고서(2024.05.16).pdf","[현대오토에버]분기보고서(2024.05.16).pdf",".pdf","770570","687780","True","True","False","False","False"
"307950","현대오토에버","soph_handoff_hyundai_autoever_v1_INPUT_PACKAGE_FOR_SOPH.zip","25E1D22A07252104A761E545A1D1D6B3704631EFD4CEBF21601B169C43286A7A","16","raw_files/dart_pdf/[현대오토에버]분기보고서(2024.11.14).pdf","[현대오토에버]분기보고서(2024.11.14).pdf",".pdf","877967","776541","True","True","False","False","False"
"307950","현대오토에버","soph_handoff_hyundai_autoever_v1_INPUT_PACKAGE_FOR_SOPH.zip","25E1D22A07252104A761E545A1D1D6B3704631EFD4CEBF21601B169C43286A7A","17","raw_files/dart_pdf/[현대오토에버]분기보고서(2025.05.15).pdf","[현대오토에버]분기보고서(2025.05.15).pdf",".pdf","1006037","893129","True","True","False","False","False"
"307950","현대오토에버","soph_handoff_hyundai_autoever_v1_INPUT_PACKAGE_FOR_SOPH.zip","25E1D22A07252104A761E545A1D1D6B3704631EFD4CEBF21601B169C43286A7A","18","raw_files/dart_pdf/[현대오토에버]분기보고서(2025.11.14).pdf","[현대오토에버]분기보고서(2025.11.14).pdf",".pdf","853501","763636","True","True","False","False","False"
"307950","현대오토에버","soph_handoff_hyundai_autoever_v1_INPUT_PACKAGE_FOR_SOPH.zip","25E1D22A07252104A761E545A1D1D6B3704631EFD4CEBF21601B169C43286A7A","19","raw_files/dart_pdf/[현대오토에버]분기보고서(2026.05.15).pdf","[현대오토에버]분기보고서(2026.05.15).pdf",".pdf","1039974","919739","True","True","False","False","False"
"307950","현대오토에버","soph_handoff_hyundai_autoever_v1_INPUT_PACKAGE_FOR_SOPH.zip","25E1D22A07252104A761E545A1D1D6B3704631EFD4CEBF21601B169C43286A7A","20","raw_files/dart_pdf/[현대오토에버]사업보고서(2021.03.18).pdf","[현대오토에버]사업보고서(2021.03.18).pdf",".pdf","1222909","1082617","True","True","False","False","False"
"307950","현대오토에버","soph_handoff_hyundai_autoever_v1_INPUT_PACKAGE_FOR_SOPH.zip","25E1D22A07252104A761E545A1D1D6B3704631EFD4CEBF21601B169C43286A7A","21","raw_files/dart_pdf/[현대오토에버]사업보고서(2022.03.17).pdf","[현대오토에버]사업보고서(2022.03.17).pdf",".pdf","1078882","975084","True","True","False","False","False"
"307950","현대오토에버","soph_handoff_hyundai_autoever_v1_INPUT_PACKAGE_FOR_SOPH.zip","25E1D22A07252104A761E545A1D1D6B3704631EFD4CEBF21601B169C43286A7A","22","raw_files/dart_pdf/[현대오토에버]사업보고서(2023.03.17).pdf","[현대오토에버]사업보고서(2023.03.17).pdf",".pdf","1074583","967144","True","True","False","False","False"
"307950","현대오토에버","soph_handoff_hyundai_autoever_v1_INPUT_PACKAGE_FOR_SOPH.zip","25E1D22A07252104A761E545A1D1D6B3704631EFD4CEBF21601B169C43286A7A","23","raw_files/dart_pdf/[현대오토에버]사업보고서(2025.03.17).pdf","[현대오토에버]사업보고서(2025.03.17).pdf",".pdf","1404010","1236208","True","True","False","False","False"
"307950","현대오토에버","soph_handoff_hyundai_autoever_v1_INPUT_PACKAGE_FOR_SOPH.zip","25E1D22A07252104A761E545A1D1D6B3704631EFD4CEBF21601B169C43286A7A","24","raw_files/dart_pdf/[현대오토에버]사업보고서(2026.03.18).pdf","[현대오토에버]사업보고서(2026.03.18).pdf",".pdf","1261531","1112053","True","True","False","False","False"
"307950","현대오토에버","soph_handoff_hyundai_autoever_v1_INPUT_PACKAGE_FOR_SOPH.zip","25E1D22A07252104A761E545A1D1D6B3704631EFD4CEBF21601B169C43286A7A","25","raw_files/dart_xbrl_zip/[현대오토에버][정정]사업보고서_IFRS(원문XBRL)(2024.03.29).zip","[현대오토에버][정정]사업보고서_IFRS(원문XBRL)(2024.03.29).zip",".zip","823287","814651","True","False","False","True","True"
"307950","현대오토에버","soph_handoff_hyundai_autoever_v1_INPUT_PACKAGE_FOR_SOPH.zip","25E1D22A07252104A761E545A1D1D6B3704631EFD4CEBF21601B169C43286A7A","26","raw_files/dart_xbrl_zip/[현대오토에버]반기보고서_IFRS(원문XBRL)(2020.08.14).zip","[현대오토에버]반기보고서_IFRS(원문XBRL)(2020.08.14).zip",".zip","201068","195350","True","False","False","True","True"
"307950","현대오토에버","soph_handoff_hyundai_autoever_v1_INPUT_PACKAGE_FOR_SOPH.zip","25E1D22A07252104A761E545A1D1D6B3704631EFD4CEBF21601B169C43286A7A","27","raw_files/dart_xbrl_zip/[현대오토에버]반기보고서_IFRS(원문XBRL)(2021.08.17).zip","[현대오토에버]반기보고서_IFRS(원문XBRL)(2021.08.17).zip",".zip","202643","190008","True","False","False","True","True"
"307950","현대오토에버","soph_handoff_hyundai_autoever_v1_INPUT_PACKAGE_FOR_SOPH.zip","25E1D22A07252104A761E545A1D1D6B3704631EFD4CEBF21601B169C43286A7A","28","raw_files/dart_xbrl_zip/[현대오토에버]반기보고서_IFRS(원문XBRL)(2022.08.16).zip","[현대오토에버]반기보고서_IFRS(원문XBRL)(2022.08.16).zip",".zip","203635","189642","True","False","False","True","True"
"307950","현대오토에버","soph_handoff_hyundai_autoever_v1_INPUT_PACKAGE_FOR_SOPH.zip","25E1D22A07252104A761E545A1D1D6B3704631EFD4CEBF21601B169C43286A7A","29","raw_files/dart_xbrl_zip/[현대오토에버]반기보고서_IFRS(원문XBRL)(2023.08.14).zip","[현대오토에버]반기보고서_IFRS(원문XBRL)(2023.08.14).zip",".zip","203413","192656","True","False","False","True","True"
"307950","현대오토에버","soph_handoff_hyundai_autoever_v1_INPUT_PACKAGE_FOR_SOPH.zip","25E1D22A07252104A761E545A1D1D6B3704631EFD4CEBF21601B169C43286A7A","30","raw_files/dart_xbrl_zip/[현대오토에버]반기보고서_IFRS(원문XBRL)(2024.08.14).zip","[현대오토에버]반기보고서_IFRS(원문XBRL)(2024.08.14).zip",".zip","590310","583980","True","False","False","True","True"
"307950","현대오토에버","soph_handoff_hyundai_autoever_v1_INPUT_PACKAGE_FOR_SOPH.zip","25E1D22A07252104A761E545A1D1D6B3704631EFD4CEBF21601B169C43286A7A","31","raw_files/dart_xbrl_zip/[현대오토에버]반기보고서_IFRS(원문XBRL)(2025.08.14).zip","[현대오토에버]반기보고서_IFRS(원문XBRL)(2025.08.14).zip",".zip","476877","469438","True","False","False","True","True"
"307950","현대오토에버","soph_handoff_hyundai_autoever_v1_INPUT_PACKAGE_FOR_SOPH.zip","25E1D22A07252104A761E545A1D1D6B3704631EFD4CEBF21601B169C43286A7A","32","raw_files/dart_xbrl_zip/[현대오토에버]분기보고서_IFRS(원문XBRL)(2020.11.16).zip","[현대오토에버]분기보고서_IFRS(원문XBRL)(2020.11.16).zip",".zip","201573","190659","True","False","False","True","True"
"307950","현대오토에버","soph_handoff_hyundai_autoever_v1_INPUT_PACKAGE_FOR_SOPH.zip","25E1D22A07252104A761E545A1D1D6B3704631EFD4CEBF21601B169C43286A7A","33","raw_files/dart_xbrl_zip/[현대오토에버]분기보고서_IFRS(원문XBRL)(2021.05.17).zip","[현대오토에버]분기보고서_IFRS(원문XBRL)(2021.05.17).zip",".zip","200720","190070","True","False","False","True","True"
"307950","현대오토에버","soph_handoff_hyundai_autoever_v1_INPUT_PACKAGE_FOR_SOPH.zip","25E1D22A07252104A761E545A1D1D6B3704631EFD4CEBF21601B169C43286A7A","34","raw_files/dart_xbrl_zip/[현대오토에버]분기보고서_IFRS(원문XBRL)(2021.11.15).zip","[현대오토에버]분기보고서_IFRS(원문XBRL)(2021.11.15).zip",".zip","203079","199189","True","False","False","True","True"
"307950","현대오토에버","soph_handoff_hyundai_autoever_v1_INPUT_PACKAGE_FOR_SOPH.zip","25E1D22A07252104A761E545A1D1D6B3704631EFD4CEBF21601B169C43286A7A","35","raw_files/dart_xbrl_zip/[현대오토에버]분기보고서_IFRS(원문XBRL)(2022.05.16).zip","[현대오토에버]분기보고서_IFRS(원문XBRL)(2022.05.16).zip",".zip","201893","188370","True","False","False","True","True"
"307950","현대오토에버","soph_handoff_hyundai_autoever_v1_INPUT_PACKAGE_FOR_SOPH.zip","25E1D22A07252104A761E545A1D1D6B3704631EFD4CEBF21601B169C43286A7A","36","raw_files/dart_xbrl_zip/[현대오토에버]분기보고서_IFRS(원문XBRL)(2022.11.14).zip","[현대오토에버]분기보고서_IFRS(원문XBRL)(2022.11.14).zip",".zip","203637","188991","True","False","False","True","True"
"307950","현대오토에버","soph_handoff_hyundai_autoever_v1_INPUT_PACKAGE_FOR_SOPH.zip","25E1D22A07252104A761E545A1D1D6B3704631EFD4CEBF21601B169C43286A7A","37","raw_files/dart_xbrl_zip/[현대오토에버]분기보고서_IFRS(원문XBRL)(2023.05.15).zip","[현대오토에버]분기보고서_IFRS(원문XBRL)(2023.05.15).zip",".zip","202763","191861","True","False","False","True","True"
"307950","현대오토에버","soph_handoff_hyundai_autoever_v1_INPUT_PACKAGE_FOR_SOPH.zip","25E1D22A07252104A761E545A1D1D6B3704631EFD4CEBF21601B169C43286A7A","38","raw_files/dart_xbrl_zip/[현대오토에버]분기보고서_IFRS(원문XBRL)(2023.11.14).zip","[현대오토에버]분기보고서_IFRS(원문XBRL)(2023.11.14).zip",".zip","72513","71535","True","False","False","True","True"
"307950","현대오토에버","soph_handoff_hyundai_autoever_v1_INPUT_PACKAGE_FOR_SOPH.zip","25E1D22A07252104A761E545A1D1D6B3704631EFD4CEBF21601B169C43286A7A","39","raw_files/dart_xbrl_zip/[현대오토에버]분기보고서_IFRS(원문XBRL)(2024.05.16).zip","[현대오토에버]분기보고서_IFRS(원문XBRL)(2024.05.16).zip",".zip","560570","553850","True","False","False","True","True"
"307950","현대오토에버","soph_handoff_hyundai_autoever_v1_INPUT_PACKAGE_FOR_SOPH.zip","25E1D22A07252104A761E545A1D1D6B3704631EFD4CEBF21601B169C43286A7A","40","raw_files/dart_xbrl_zip/[현대오토에버]분기보고서_IFRS(원문XBRL)(2024.11.14).zip","[현대오토에버]분기보고서_IFRS(원문XBRL)(2024.11.14).zip",".zip","496221","489839","True","False","False","True","True"
"307950","현대오토에버","soph_handoff_hyundai_autoever_v1_INPUT_PACKAGE_FOR_SOPH.zip","25E1D22A07252104A761E545A1D1D6B3704631EFD4CEBF21601B169C43286A7A","41","raw_files/dart_xbrl_zip/[현대오토에버]분기보고서_IFRS(원문XBRL)(2025.05.15).zip","[현대오토에버]분기보고서_IFRS(원문XBRL)(2025.05.15).zip",".zip","493794","486692","True","False","False","True","True"
"307950","현대오토에버","soph_handoff_hyundai_autoever_v1_INPUT_PACKAGE_FOR_SOPH.zip","25E1D22A07252104A761E545A1D1D6B3704631EFD4CEBF21601B169C43286A7A","42","raw_files/dart_xbrl_zip/[현대오토에버]분기보고서_IFRS(원문XBRL)(2025.11.14).zip","[현대오토에버]분기보고서_IFRS(원문XBRL)(2025.11.14).zip",".zip","515084","506443","True","False","False","True","True"
"307950","현대오토에버","soph_handoff_hyundai_autoever_v1_INPUT_PACKAGE_FOR_SOPH.zip","25E1D22A07252104A761E545A1D1D6B3704631EFD4CEBF21601B169C43286A7A","43","raw_files/dart_xbrl_zip/[현대오토에버]분기보고서_IFRS(원문XBRL)(2026.05.15).zip","[현대오토에버]분기보고서_IFRS(원문XBRL)(2026.05.15).zip",".zip","498757","490158","True","False","False","True","True"
"307950","현대오토에버","soph_handoff_hyundai_autoever_v1_INPUT_PACKAGE_FOR_SOPH.zip","25E1D22A07252104A761E545A1D1D6B3704631EFD4CEBF21601B169C43286A7A","44","raw_files/dart_xbrl_zip/[현대오토에버]사업보고서_IFRS(원문XBRL)(2021.03.18).zip","[현대오토에버]사업보고서_IFRS(원문XBRL)(2021.03.18).zip",".zip","203367","191514","True","False","False","True","True"
"307950","현대오토에버","soph_handoff_hyundai_autoever_v1_INPUT_PACKAGE_FOR_SOPH.zip","25E1D22A07252104A761E545A1D1D6B3704631EFD4CEBF21601B169C43286A7A","45","raw_files/dart_xbrl_zip/[현대오토에버]사업보고서_IFRS(원문XBRL)(2022.03.17).zip","[현대오토에버]사업보고서_IFRS(원문XBRL)(2022.03.17).zip",".zip","204540","198658","True","False","False","True","True"
"307950","현대오토에버","soph_handoff_hyundai_autoever_v1_INPUT_PACKAGE_FOR_SOPH.zip","25E1D22A07252104A761E545A1D1D6B3704631EFD4CEBF21601B169C43286A7A","46","raw_files/dart_xbrl_zip/[현대오토에버]사업보고서_IFRS(원문XBRL)(2023.03.17).zip","[현대오토에버]사업보고서_IFRS(원문XBRL)(2023.03.17).zip",".zip","205482","193790","True","False","False","True","True"
"307950","현대오토에버","soph_handoff_hyundai_autoever_v1_INPUT_PACKAGE_FOR_SOPH.zip","25E1D22A07252104A761E545A1D1D6B3704631EFD4CEBF21601B169C43286A7A","47","raw_files/dart_xbrl_zip/[현대오토에버]사업보고서_IFRS(원문XBRL)(2025.03.17).zip","[현대오토에버]사업보고서_IFRS(원문XBRL)(2025.03.17).zip",".zip","719739","710372","True","False","False","True","True"
"307950","현대오토에버","soph_handoff_hyundai_autoever_v1_INPUT_PACKAGE_FOR_SOPH.zip","25E1D22A07252104A761E545A1D1D6B3704631EFD4CEBF21601B169C43286A7A","48","raw_files/dart_xbrl_zip/[현대오토에버]사업보고서_IFRS(원문XBRL)(2026.03.18).zip","[현대오토에버]사업보고서_IFRS(원문XBRL)(2026.03.18).zip",".zip","746156","732761","True","False","False","True","True"
"307950","현대오토에버","soph_handoff_hyundai_autoever_v1_INPUT_PACKAGE_FOR_SOPH.zip","25E1D22A07252104A761E545A1D1D6B3704631EFD4CEBF21601B169C43286A7A","49","reference_template/SOPH_DART_064350_현대로템_공시자료_정제본_v4_6_REFERENCE_TEMPLATE.xlsx","SOPH_DART_064350_현대로템_공시자료_정제본_v4_6_REFERENCE_TEMPLATE.xlsx",".xlsx","3081347","2765618","False","False","True","False","False"
"307950","현대오토에버","soph_handoff_hyundai_autoever_v1_INPUT_PACKAGE_FOR_SOPH.zip","25E1D22A07252104A761E545A1D1D6B3704631EFD4CEBF21601B169C43286A7A","50","307950_SOPH_INPUT_MANIFEST.md","307950_SOPH_INPUT_MANIFEST.md",".md","1322","813","False","False","False","False","False"
"307950","현대오토에버","soph_handoff_hyundai_autoever_v1_INPUT_PACKAGE_FOR_SOPH.zip","25E1D22A07252104A761E545A1D1D6B3704631EFD4CEBF21601B169C43286A7A","51","307950_SOURCE_FORMAT_NOTE.md","307950_SOURCE_FORMAT_NOTE.md",".md","933","563","False","False","False","False","False"
"307950","현대오토에버","soph_handoff_hyundai_autoever_v1_INPUT_PACKAGE_FOR_SOPH.zip","25E1D22A07252104A761E545A1D1D6B3704631EFD4CEBF21601B169C43286A7A","52","307950_SOURCE_PAIR_STATUS.csv","307950_SOURCE_PAIR_STATUS.csv",".csv","5902","587","False","False","False","False","False"
"307950","현대오토에버","soph_handoff_hyundai_autoever_v1_INPUT_PACKAGE_FOR_SOPH.zip","25E1D22A07252104A761E545A1D1D6B3704631EFD4CEBF21601B169C43286A7A","53","SOPH_RUN_REQUEST_307950.md","SOPH_RUN_REQUEST_307950.md",".md","1664","924","False","False","False","False","False"
"079550","LIG넥스원","soph_handoff_lig_nex1_v1_INPUT_PACKAGE_FOR_SOPH.zip","6D80973D4B163EC910512E36086E81A63E967E96045C065BC121A29ACE225C05","1","raw_files/dart_pdf/[LIG디펜스앤에어로스페이스][정정]사업보고서(2021.04.27).pdf","[LIG디펜스앤에어로스페이스][정정]사업보고서(2021.04.27).pdf",".pdf","1176941","1031996","True","True","False","False","False"
"079550","LIG넥스원","soph_handoff_lig_nex1_v1_INPUT_PACKAGE_FOR_SOPH.zip","6D80973D4B163EC910512E36086E81A63E967E96045C065BC121A29ACE225C05","2","raw_files/dart_pdf/[LIG디펜스앤에어로스페이스][정정]사업보고서(2022.03.18).pdf","[LIG디펜스앤에어로스페이스][정정]사업보고서(2022.03.18).pdf",".pdf","1179114","1028427","True","True","False","False","False"
"079550","LIG넥스원","soph_handoff_lig_nex1_v1_INPUT_PACKAGE_FOR_SOPH.zip","6D80973D4B163EC910512E36086E81A63E967E96045C065BC121A29ACE225C05","3","raw_files/dart_pdf/[LIG디펜스앤에어로스페이스][정정]사업보고서(2024.03.20).pdf","[LIG디펜스앤에어로스페이스][정정]사업보고서(2024.03.20).pdf",".pdf","1386008","1121024","True","True","False","False","False"
"079550","LIG넥스원","soph_handoff_lig_nex1_v1_INPUT_PACKAGE_FOR_SOPH.zip","6D80973D4B163EC910512E36086E81A63E967E96045C065BC121A29ACE225C05","4","raw_files/dart_pdf/[LIG디펜스앤에어로스페이스]반기보고서(2021.08.12).pdf","[LIG디펜스앤에어로스페이스]반기보고서(2021.08.12).pdf",".pdf","937362","831802","True","True","False","False","False"
"079550","LIG넥스원","soph_handoff_lig_nex1_v1_INPUT_PACKAGE_FOR_SOPH.zip","6D80973D4B163EC910512E36086E81A63E967E96045C065BC121A29ACE225C05","5","raw_files/dart_pdf/[LIG디펜스앤에어로스페이스]반기보고서(2022.08.12).pdf","[LIG디펜스앤에어로스페이스]반기보고서(2022.08.12).pdf",".pdf","944706","836613","True","True","False","False","False"
"079550","LIG넥스원","soph_handoff_lig_nex1_v1_INPUT_PACKAGE_FOR_SOPH.zip","6D80973D4B163EC910512E36086E81A63E967E96045C065BC121A29ACE225C05","6","raw_files/dart_pdf/[LIG디펜스앤에어로스페이스]반기보고서(2023.08.14).pdf","[LIG디펜스앤에어로스페이스]반기보고서(2023.08.14).pdf",".pdf","883875","785271","True","True","False","False","False"
"079550","LIG넥스원","soph_handoff_lig_nex1_v1_INPUT_PACKAGE_FOR_SOPH.zip","6D80973D4B163EC910512E36086E81A63E967E96045C065BC121A29ACE225C05","7","raw_files/dart_pdf/[LIG디펜스앤에어로스페이스]반기보고서(2024.08.14).pdf","[LIG디펜스앤에어로스페이스]반기보고서(2024.08.14).pdf",".pdf","1020767","866914","True","True","False","False","False"
"079550","LIG넥스원","soph_handoff_lig_nex1_v1_INPUT_PACKAGE_FOR_SOPH.zip","6D80973D4B163EC910512E36086E81A63E967E96045C065BC121A29ACE225C05","8","raw_files/dart_pdf/[LIG디펜스앤에어로스페이스]반기보고서(2025.08.14).pdf","[LIG디펜스앤에어로스페이스]반기보고서(2025.08.14).pdf",".pdf","1256894","1015977","True","True","False","False","False"
"079550","LIG넥스원","soph_handoff_lig_nex1_v1_INPUT_PACKAGE_FOR_SOPH.zip","6D80973D4B163EC910512E36086E81A63E967E96045C065BC121A29ACE225C05","9","raw_files/dart_pdf/[LIG디펜스앤에어로스페이스]분기보고서(2021.05.17).pdf","[LIG디펜스앤에어로스페이스]분기보고서(2021.05.17).pdf",".pdf","916888","813086","True","True","False","False","False"
"079550","LIG넥스원","soph_handoff_lig_nex1_v1_INPUT_PACKAGE_FOR_SOPH.zip","6D80973D4B163EC910512E36086E81A63E967E96045C065BC121A29ACE225C05","10","raw_files/dart_pdf/[LIG디펜스앤에어로스페이스]분기보고서(2021.11.11).pdf","[LIG디펜스앤에어로스페이스]분기보고서(2021.11.11).pdf",".pdf","958830","849360","True","True","False","False","False"
"079550","LIG넥스원","soph_handoff_lig_nex1_v1_INPUT_PACKAGE_FOR_SOPH.zip","6D80973D4B163EC910512E36086E81A63E967E96045C065BC121A29ACE225C05","11","raw_files/dart_pdf/[LIG디펜스앤에어로스페이스]분기보고서(2022.05.13).pdf","[LIG디펜스앤에어로스페이스]분기보고서(2022.05.13).pdf",".pdf","927638","824717","True","True","False","False","False"
"079550","LIG넥스원","soph_handoff_lig_nex1_v1_INPUT_PACKAGE_FOR_SOPH.zip","6D80973D4B163EC910512E36086E81A63E967E96045C065BC121A29ACE225C05","12","raw_files/dart_pdf/[LIG디펜스앤에어로스페이스]분기보고서(2022.11.11).pdf","[LIG디펜스앤에어로스페이스]분기보고서(2022.11.11).pdf",".pdf","934166","829888","True","True","False","False","False"
"079550","LIG넥스원","soph_handoff_lig_nex1_v1_INPUT_PACKAGE_FOR_SOPH.zip","6D80973D4B163EC910512E36086E81A63E967E96045C065BC121A29ACE225C05","13","raw_files/dart_pdf/[LIG디펜스앤에어로스페이스]분기보고서(2023.05.15).pdf","[LIG디펜스앤에어로스페이스]분기보고서(2023.05.15).pdf",".pdf","909806","811920","True","True","False","False","False"
"079550","LIG넥스원","soph_handoff_lig_nex1_v1_INPUT_PACKAGE_FOR_SOPH.zip","6D80973D4B163EC910512E36086E81A63E967E96045C065BC121A29ACE225C05","14","raw_files/dart_pdf/[LIG디펜스앤에어로스페이스]분기보고서(2023.11.14).pdf","[LIG디펜스앤에어로스페이스]분기보고서(2023.11.14).pdf",".pdf","912222","803100","True","True","False","False","False"
"079550","LIG넥스원","soph_handoff_lig_nex1_v1_INPUT_PACKAGE_FOR_SOPH.zip","6D80973D4B163EC910512E36086E81A63E967E96045C065BC121A29ACE225C05","15","raw_files/dart_pdf/[LIG디펜스앤에어로스페이스]분기보고서(2024.05.16).pdf","[LIG디펜스앤에어로스페이스]분기보고서(2024.05.16).pdf",".pdf","951997","817303","True","True","False","False","False"
"079550","LIG넥스원","soph_handoff_lig_nex1_v1_INPUT_PACKAGE_FOR_SOPH.zip","6D80973D4B163EC910512E36086E81A63E967E96045C065BC121A29ACE225C05","16","raw_files/dart_pdf/[LIG디펜스앤에어로스페이스]분기보고서(2024.11.14).pdf","[LIG디펜스앤에어로스페이스]분기보고서(2024.11.14).pdf",".pdf","1213226","957996","True","True","False","False","False"
"079550","LIG넥스원","soph_handoff_lig_nex1_v1_INPUT_PACKAGE_FOR_SOPH.zip","6D80973D4B163EC910512E36086E81A63E967E96045C065BC121A29ACE225C05","17","raw_files/dart_pdf/[LIG디펜스앤에어로스페이스]분기보고서(2025.05.15).pdf","[LIG디펜스앤에어로스페이스]분기보고서(2025.05.15).pdf",".pdf","1059117","901900","True","True","False","False","False"
"079550","LIG넥스원","soph_handoff_lig_nex1_v1_INPUT_PACKAGE_FOR_SOPH.zip","6D80973D4B163EC910512E36086E81A63E967E96045C065BC121A29ACE225C05","18","raw_files/dart_pdf/[LIG디펜스앤에어로스페이스]분기보고서(2025.11.14).pdf","[LIG디펜스앤에어로스페이스]분기보고서(2025.11.14).pdf",".pdf","1261756","1011279","True","True","False","False","False"
"079550","LIG넥스원","soph_handoff_lig_nex1_v1_INPUT_PACKAGE_FOR_SOPH.zip","6D80973D4B163EC910512E36086E81A63E967E96045C065BC121A29ACE225C05","19","raw_files/dart_pdf/[LIG디펜스앤에어로스페이스]분기보고서(2026.05.15).pdf","[LIG디펜스앤에어로스페이스]분기보고서(2026.05.15).pdf",".pdf","1016796","886904","True","True","False","False","False"
"079550","LIG넥스원","soph_handoff_lig_nex1_v1_INPUT_PACKAGE_FOR_SOPH.zip","6D80973D4B163EC910512E36086E81A63E967E96045C065BC121A29ACE225C05","20","raw_files/dart_pdf/[LIG디펜스앤에어로스페이스]사업보고서(2023.03.17).pdf","[LIG디펜스앤에어로스페이스]사업보고서(2023.03.17).pdf",".pdf","1060691","940830","True","True","False","False","False"
"079550","LIG넥스원","soph_handoff_lig_nex1_v1_INPUT_PACKAGE_FOR_SOPH.zip","6D80973D4B163EC910512E36086E81A63E967E96045C065BC121A29ACE225C05","21","raw_files/dart_pdf/[LIG디펜스앤에어로스페이스]사업보고서(2025.03.21).pdf","[LIG디펜스앤에어로스페이스]사업보고서(2025.03.21).pdf",".pdf","1393100","1123019","True","True","False","False","False"
"079550","LIG넥스원","soph_handoff_lig_nex1_v1_INPUT_PACKAGE_FOR_SOPH.zip","6D80973D4B163EC910512E36086E81A63E967E96045C065BC121A29ACE225C05","22","raw_files/dart_pdf/[LIG디펜스앤에어로스페이스]사업보고서(2026.03.23).pdf","[LIG디펜스앤에어로스페이스]사업보고서(2026.03.23).pdf",".pdf","1333913","1137760","True","True","False","False","False"
"079550","LIG넥스원","soph_handoff_lig_nex1_v1_INPUT_PACKAGE_FOR_SOPH.zip","6D80973D4B163EC910512E36086E81A63E967E96045C065BC121A29ACE225C05","23","raw_files/dart_xbrl_zip/[LIG디펜스앤에어로스페이스][정정]사업보고서_IFRS(원문XBRL)(2021.04.27).zip","[LIG디펜스앤에어로스페이스][정정]사업보고서_IFRS(원문XBRL)(2021.04.27).zip",".zip","201679","188176","True","False","False","True","True"
"079550","LIG넥스원","soph_handoff_lig_nex1_v1_INPUT_PACKAGE_FOR_SOPH.zip","6D80973D4B163EC910512E36086E81A63E967E96045C065BC121A29ACE225C05","24","raw_files/dart_xbrl_zip/[LIG디펜스앤에어로스페이스][정정]사업보고서_IFRS(원문XBRL)(2022.03.18).zip","[LIG디펜스앤에어로스페이스][정정]사업보고서_IFRS(원문XBRL)(2022.03.18).zip",".zip","201390","189064","True","False","False","True","True"
"079550","LIG넥스원","soph_handoff_lig_nex1_v1_INPUT_PACKAGE_FOR_SOPH.zip","6D80973D4B163EC910512E36086E81A63E967E96045C065BC121A29ACE225C05","25","raw_files/dart_xbrl_zip/[LIG디펜스앤에어로스페이스][정정]사업보고서_IFRS(원문XBRL)(2024.03.20).zip","[LIG디펜스앤에어로스페이스][정정]사업보고서_IFRS(원문XBRL)(2024.03.20).zip",".zip","730640","721326","True","False","False","True","True"
"079550","LIG넥스원","soph_handoff_lig_nex1_v1_INPUT_PACKAGE_FOR_SOPH.zip","6D80973D4B163EC910512E36086E81A63E967E96045C065BC121A29ACE225C05","26","raw_files/dart_xbrl_zip/[LIG디펜스앤에어로스페이스]반기보고서_IFRS(원문XBRL)(2021.08.12).zip","[LIG디펜스앤에어로스페이스]반기보고서_IFRS(원문XBRL)(2021.08.12).zip",".zip","199549","192285","True","False","False","True","True"
"079550","LIG넥스원","soph_handoff_lig_nex1_v1_INPUT_PACKAGE_FOR_SOPH.zip","6D80973D4B163EC910512E36086E81A63E967E96045C065BC121A29ACE225C05","27","raw_files/dart_xbrl_zip/[LIG디펜스앤에어로스페이스]반기보고서_IFRS(원문XBRL)(2022.08.12).zip","[LIG디펜스앤에어로스페이스]반기보고서_IFRS(원문XBRL)(2022.08.12).zip",".zip","199426","190478","True","False","False","True","True"
"079550","LIG넥스원","soph_handoff_lig_nex1_v1_INPUT_PACKAGE_FOR_SOPH.zip","6D80973D4B163EC910512E36086E81A63E967E96045C065BC121A29ACE225C05","28","raw_files/dart_xbrl_zip/[LIG디펜스앤에어로스페이스]반기보고서_IFRS(원문XBRL)(2023.08.14).zip","[LIG디펜스앤에어로스페이스]반기보고서_IFRS(원문XBRL)(2023.08.14).zip",".zip","199362","194497","True","False","False","True","True"
"079550","LIG넥스원","soph_handoff_lig_nex1_v1_INPUT_PACKAGE_FOR_SOPH.zip","6D80973D4B163EC910512E36086E81A63E967E96045C065BC121A29ACE225C05","29","raw_files/dart_xbrl_zip/[LIG디펜스앤에어로스페이스]반기보고서_IFRS(원문XBRL)(2024.08.14).zip","[LIG디펜스앤에어로스페이스]반기보고서_IFRS(원문XBRL)(2024.08.14).zip",".zip","592585","584810","True","False","False","True","True"
"079550","LIG넥스원","soph_handoff_lig_nex1_v1_INPUT_PACKAGE_FOR_SOPH.zip","6D80973D4B163EC910512E36086E81A63E967E96045C065BC121A29ACE225C05","30","raw_files/dart_xbrl_zip/[LIG디펜스앤에어로스페이스]반기보고서_IFRS(원문XBRL)(2025.08.14).zip","[LIG디펜스앤에어로스페이스]반기보고서_IFRS(원문XBRL)(2025.08.14).zip",".zip","654744","647692","True","False","False","True","True"
"079550","LIG넥스원","soph_handoff_lig_nex1_v1_INPUT_PACKAGE_FOR_SOPH.zip","6D80973D4B163EC910512E36086E81A63E967E96045C065BC121A29ACE225C05","31","raw_files/dart_xbrl_zip/[LIG디펜스앤에어로스페이스]분기보고서_IFRS(원문XBRL)(2021.05.17).zip","[LIG디펜스앤에어로스페이스]분기보고서_IFRS(원문XBRL)(2021.05.17).zip",".zip","198043","193313","True","False","False","True","True"
"079550","LIG넥스원","soph_handoff_lig_nex1_v1_INPUT_PACKAGE_FOR_SOPH.zip","6D80973D4B163EC910512E36086E81A63E967E96045C065BC121A29ACE225C05","32","raw_files/dart_xbrl_zip/[LIG디펜스앤에어로스페이스]분기보고서_IFRS(원문XBRL)(2021.11.11).zip","[LIG디펜스앤에어로스페이스]분기보고서_IFRS(원문XBRL)(2021.11.11).zip",".zip","199524","195292","True","False","False","True","True"
"079550","LIG넥스원","soph_handoff_lig_nex1_v1_INPUT_PACKAGE_FOR_SOPH.zip","6D80973D4B163EC910512E36086E81A63E967E96045C065BC121A29ACE225C05","33","raw_files/dart_xbrl_zip/[LIG디펜스앤에어로스페이스]분기보고서_IFRS(원문XBRL)(2022.05.13).zip","[LIG디펜스앤에어로스페이스]분기보고서_IFRS(원문XBRL)(2022.05.13).zip",".zip","197693","193495","True","False","False","True","True"
"079550","LIG넥스원","soph_handoff_lig_nex1_v1_INPUT_PACKAGE_FOR_SOPH.zip","6D80973D4B163EC910512E36086E81A63E967E96045C065BC121A29ACE225C05","34","raw_files/dart_xbrl_zip/[LIG디펜스앤에어로스페이스]분기보고서_IFRS(원문XBRL)(2022.11.11).zip","[LIG디펜스앤에어로스페이스]분기보고서_IFRS(원문XBRL)(2022.11.11).zip",".zip","199310","195652","True","False","False","True","True"
"079550","LIG넥스원","soph_handoff_lig_nex1_v1_INPUT_PACKAGE_FOR_SOPH.zip","6D80973D4B163EC910512E36086E81A63E967E96045C065BC121A29ACE225C05","35","raw_files/dart_xbrl_zip/[LIG디펜스앤에어로스페이스]분기보고서_IFRS(원문XBRL)(2023.05.15).zip","[LIG디펜스앤에어로스페이스]분기보고서_IFRS(원문XBRL)(2023.05.15).zip",".zip","198161","190997","True","False","False","True","True"
"079550","LIG넥스원","soph_handoff_lig_nex1_v1_INPUT_PACKAGE_FOR_SOPH.zip","6D80973D4B163EC910512E36086E81A63E967E96045C065BC121A29ACE225C05","36","raw_files/dart_xbrl_zip/[LIG디펜스앤에어로스페이스]분기보고서_IFRS(원문XBRL)(2023.11.14).zip","[LIG디펜스앤에어로스페이스]분기보고서_IFRS(원문XBRL)(2023.11.14).zip",".zip","69544","68460","True","False","False","True","True"
"079550","LIG넥스원","soph_handoff_lig_nex1_v1_INPUT_PACKAGE_FOR_SOPH.zip","6D80973D4B163EC910512E36086E81A63E967E96045C065BC121A29ACE225C05","37","raw_files/dart_xbrl_zip/[LIG디펜스앤에어로스페이스]분기보고서_IFRS(원문XBRL)(2024.05.16).zip","[LIG디펜스앤에어로스페이스]분기보고서_IFRS(원문XBRL)(2024.05.16).zip",".zip","597872","589297","True","False","False","True","True"
"079550","LIG넥스원","soph_handoff_lig_nex1_v1_INPUT_PACKAGE_FOR_SOPH.zip","6D80973D4B163EC910512E36086E81A63E967E96045C065BC121A29ACE225C05","38","raw_files/dart_xbrl_zip/[LIG디펜스앤에어로스페이스]분기보고서_IFRS(원문XBRL)(2024.11.14).zip","[LIG디펜스앤에어로스페이스]분기보고서_IFRS(원문XBRL)(2024.11.14).zip",".zip","613969","598476","True","False","False","True","True"
"079550","LIG넥스원","soph_handoff_lig_nex1_v1_INPUT_PACKAGE_FOR_SOPH.zip","6D80973D4B163EC910512E36086E81A63E967E96045C065BC121A29ACE225C05","39","raw_files/dart_xbrl_zip/[LIG디펜스앤에어로스페이스]분기보고서_IFRS(원문XBRL)(2025.05.15).zip","[LIG디펜스앤에어로스페이스]분기보고서_IFRS(원문XBRL)(2025.05.15).zip",".zip","602911","591870","True","False","False","True","True"
"079550","LIG넥스원","soph_handoff_lig_nex1_v1_INPUT_PACKAGE_FOR_SOPH.zip","6D80973D4B163EC910512E36086E81A63E967E96045C065BC121A29ACE225C05","40","raw_files/dart_xbrl_zip/[LIG디펜스앤에어로스페이스]분기보고서_IFRS(원문XBRL)(2025.11.14).zip","[LIG디펜스앤에어로스페이스]분기보고서_IFRS(원문XBRL)(2025.11.14).zip",".zip","683791","676014","True","False","False","True","True"
"079550","LIG넥스원","soph_handoff_lig_nex1_v1_INPUT_PACKAGE_FOR_SOPH.zip","6D80973D4B163EC910512E36086E81A63E967E96045C065BC121A29ACE225C05","41","raw_files/dart_xbrl_zip/[LIG디펜스앤에어로스페이스]분기보고서_IFRS(원문XBRL)(2026.05.15).zip","[LIG디펜스앤에어로스페이스]분기보고서_IFRS(원문XBRL)(2026.05.15).zip",".zip","692255","683452","True","False","False","True","True"
"079550","LIG넥스원","soph_handoff_lig_nex1_v1_INPUT_PACKAGE_FOR_SOPH.zip","6D80973D4B163EC910512E36086E81A63E967E96045C065BC121A29ACE225C05","42","raw_files/dart_xbrl_zip/[LIG디펜스앤에어로스페이스]사업보고서_IFRS(원문XBRL)(2023.03.17).zip","[LIG디펜스앤에어로스페이스]사업보고서_IFRS(원문XBRL)(2023.03.17).zip",".zip","201765","191688","True","False","False","True","True"
"079550","LIG넥스원","soph_handoff_lig_nex1_v1_INPUT_PACKAGE_FOR_SOPH.zip","6D80973D4B163EC910512E36086E81A63E967E96045C065BC121A29ACE225C05","43","raw_files/dart_xbrl_zip/[LIG디펜스앤에어로스페이스]사업보고서_IFRS(원문XBRL)(2025.03.21).zip","[LIG디펜스앤에어로스페이스]사업보고서_IFRS(원문XBRL)(2025.03.21).zip",".zip","679502","671796","True","False","False","True","True"
"079550","LIG넥스원","soph_handoff_lig_nex1_v1_INPUT_PACKAGE_FOR_SOPH.zip","6D80973D4B163EC910512E36086E81A63E967E96045C065BC121A29ACE225C05","44","raw_files/dart_xbrl_zip/[LIG디펜스앤에어로스페이스]사업보고서_IFRS(원문XBRL)(2026.03.23).zip","[LIG디펜스앤에어로스페이스]사업보고서_IFRS(원문XBRL)(2026.03.23).zip",".zip","811836","801935","True","False","False","True","True"
"079550","LIG넥스원","soph_handoff_lig_nex1_v1_INPUT_PACKAGE_FOR_SOPH.zip","6D80973D4B163EC910512E36086E81A63E967E96045C065BC121A29ACE225C05","45","reference_template/SOPH_DART_064350_현대로템_공시자료_정제본_v4_6_REFERENCE_TEMPLATE.xlsx","SOPH_DART_064350_현대로템_공시자료_정제본_v4_6_REFERENCE_TEMPLATE.xlsx",".xlsx","3081347","2765618","False","False","True","False","False"
"079550","LIG넥스원","soph_handoff_lig_nex1_v1_INPUT_PACKAGE_FOR_SOPH.zip","6D80973D4B163EC910512E36086E81A63E967E96045C065BC121A29ACE225C05","46","079550_SOPH_INPUT_MANIFEST.md","079550_SOPH_INPUT_MANIFEST.md",".md","1302","811","False","False","False","False","False"
"079550","LIG넥스원","soph_handoff_lig_nex1_v1_INPUT_PACKAGE_FOR_SOPH.zip","6D80973D4B163EC910512E36086E81A63E967E96045C065BC121A29ACE225C05","47","079550_SOURCE_FORMAT_NOTE.md","079550_SOURCE_FORMAT_NOTE.md",".md","997","588","False","False","False","False","False"
"079550","LIG넥스원","soph_handoff_lig_nex1_v1_INPUT_PACKAGE_FOR_SOPH.zip","6D80973D4B163EC910512E36086E81A63E967E96045C065BC121A29ACE225C05","48","079550_SOURCE_PAIR_STATUS.csv","079550_SOURCE_PAIR_STATUS.csv",".csv","6072","602","False","False","False","False","False"
"079550","LIG넥스원","soph_handoff_lig_nex1_v1_INPUT_PACKAGE_FOR_SOPH.zip","6D80973D4B163EC910512E36086E81A63E967E96045C065BC121A29ACE225C05","49","SOPH_RUN_REQUEST_079550.md","SOPH_RUN_REQUEST_079550.md",".md","1644","921","False","False","False","False","False"
