{
  "provisional_P10": {
    "KR": 73914096486.05334,
    "US": 308975201.08555555
  },
  "rule_version": "v0.9-pilot"
}