{
  "provisional_P10": {
    "KR": 126878040848.38222,
    "US": 325377654.66888887
  },
  "rule_version": "v0.9-pilot"
}